ISO-10303-21;
HEADER;
/* Generated by software containing ST-Developer
 * from STEP Tools, Inc. (www.steptools.com) 
 */
/* OPTION: using custom schema-name function */

FILE_DESCRIPTION(
/* description */ (''),
/* implementation_level */ '2;1');

FILE_NAME(
/* name */ '100223688ugm000_a.stp',
/* time_stamp */ '2014-03-25T09:58:13+01:00',
/* author */ (''),
/* organization */ (''),
/* preprocessor_version */ 'ST-DEVELOPER v15',
/* originating_system */ 'SIEMENS PLM Software NX 8.5',
/* authorisation */ '');

FILE_SCHEMA (('AUTOMOTIVE_DESIGN { 1 0 10303 214 3 1 1 1 }'));
ENDSEC;

DATA;
#10=GEOMETRICALLY_BOUNDED_WIREFRAME_SHAPE_REPRESENTATION(
'100223688ugm000_a-None',(#33),#9184);
#11=PROPERTY_DEFINITION_REPRESENTATION(#15,#13);
#12=PROPERTY_DEFINITION_REPRESENTATION(#16,#14);
#13=REPRESENTATION('',(#17),#9184);
#14=REPRESENTATION('',(#18),#9184);
#15=PROPERTY_DEFINITION('pmi validation property','',#23);
#16=PROPERTY_DEFINITION('pmi validation property','',#23);
#17=VALUE_REPRESENTATION_ITEM('number of annotations',COUNT_MEASURE(0.));
#18=VALUE_REPRESENTATION_ITEM('number of views',COUNT_MEASURE(0.));
#19=SHAPE_REPRESENTATION_RELATIONSHIP('None',
'relationship between 100223688ugm000_a-None and 100223688ugm000_a-Non
e',#32,#21);
#20=SHAPE_REPRESENTATION_RELATIONSHIP('None',
'relationship between 100223688ugm000_a-None and 100223688ugm000_a-Non
e',#32,#10);
#21=ADVANCED_BREP_SHAPE_REPRESENTATION('100223688ugm000_a-None',(#801),
#9184);
#22=SHAPE_DEFINITION_REPRESENTATION(#23,#32);
#23=PRODUCT_DEFINITION_SHAPE('','',#24);
#24=PRODUCT_DEFINITION(' ','',#26,#25);
#25=PRODUCT_DEFINITION_CONTEXT('part definition',#31,'design');
#26=PRODUCT_DEFINITION_FORMATION_WITH_SPECIFIED_SOURCE(' ',' ',#28,
 .NOT_KNOWN.);
#27=PRODUCT_RELATED_PRODUCT_CATEGORY('part','',(#28));
#28=PRODUCT('100223688ugm000_a','100223688ugm000_a',' ',(#29));
#29=PRODUCT_CONTEXT(' ',#31,'mechanical');
#30=APPLICATION_PROTOCOL_DEFINITION('international standard',
'automotive_design',2010,#31);
#31=APPLICATION_CONTEXT(
'core data for automotive mechanical design processes');
#32=SHAPE_REPRESENTATION('100223688ugm000_a-None',(#6070),#9184);
#33=GEOMETRIC_CURVE_SET('None',(#7789,#7790,#7791,#7792,#7793,#7794,#7795,
#7796,#7797,#7798,#7799,#7800,#7801,#7802,#7803,#7804,#7805,#7806,#7807,
#7808,#7809,#7810,#7811,#7812,#7813,#7814,#7815,#7816,#7817,#7818,#7819,
#7820,#7821,#7822,#7823,#7824,#7825,#7826,#7827,#7828,#7829,#7830,#7831,
#7832,#7833,#7834,#7835,#7836,#7837,#7838,#7839,#7840,#7841,#7842,#7843,
#7844,#7845,#7846,#7847,#7848,#7849,#7850,#7851,#7852,#7853,#7854,#7855,
#7856,#7857,#7858,#7859,#7860,#7861,#7862,#7863,#7864,#7865,#7866,#7867,
#7868,#7869,#7870,#7871,#7872,#7873,#7874,#7875,#7876,#7877,#7878,#7879,
#7880,#7881,#7882,#7883,#7884,#7885,#7886,#7887,#7888,#7889,#7890,#7891,
#7892,#7893,#7894,#7895,#7896,#7897,#7898,#7899,#7900,#7901,#7902,#7903,
#7904,#7905,#7906,#7907,#7908,#7909,#7910,#7911,#7912,#7913,#7914,#7915,
#7916,#7917,#7918,#7919,#7920,#7921,#7922,#7923,#7924,#7925,#7926,#7927,
#7928,#7929,#7930,#7931,#7932,#7933,#7934,#7935,#7936,#7937,#7938,#7939,
#7940,#7941,#7942,#7943,#7944,#7945,#7946,#7947,#7948,#7949,#7950,#7951,
#7952,#7953,#7954,#7955,#7956,#7957,#7958,#7959,#7960,#7961,#7962,#7963,
#7964,#7965,#7966,#7967,#7968,#7969,#7970,#7971,#7972,#7973,#7974,#7975,
#7976,#7977,#7978,#7979,#7980,#7981,#7982,#7983,#7984,#7985,#7986,#7987,
#7988,#7989,#7990,#7991,#7992,#7993,#7994,#7995,#7996,#7997,#7998,#7999,
#8000,#8001,#8002,#8003,#8004,#8005,#8006,#8007,#8008,#8009,#4153,#4154,
#4155,#4156,#4157,#4158,#4159,#4160,#4161,#4162,#4163,#4164,#4165,#4166,
#4167,#4168,#4169,#4170,#4171,#4172,#4173,#4174,#4175,#4176,#4177,#4178,
#4179,#4180,#4181,#4182,#4183,#4184,#4185,#4186,#4187,#4188,#4189,#4190,
#4191,#4192,#4193,#4194,#4195,#4196,#4197,#4198,#4199,#4200,#4201,#4202,
#4203,#4204,#4205,#4206,#4207,#4208,#4209,#4210,#4211,#4212,#4213,#4214,
#4215,#4216,#4217,#4218,#4219,#4220,#4221,#4222,#4223,#4224,#4225,#4226,
#4227,#4228,#4229,#4230,#4231,#4232,#4233,#4234,#4235,#4236,#4237,#4238,
#4239,#4240,#4241,#4242,#4243,#4244,#4245,#4246,#4247,#4248,#4249,#4250,
#4251,#4252,#4253,#4254,#4255,#4256,#4257,#4258,#4259,#4260,#4261,#4262,
#4263,#4264,#4265,#4266));
#34=OVER_RIDING_STYLED_ITEM('',(#5499),#1235,#5162);
#35=OVER_RIDING_STYLED_ITEM('',(#5500),#1236,#5162);
#36=OVER_RIDING_STYLED_ITEM('',(#5501),#1237,#5162);
#37=OVER_RIDING_STYLED_ITEM('',(#5502),#1238,#5162);
#38=OVER_RIDING_STYLED_ITEM('',(#5503),#1239,#5162);
#39=OVER_RIDING_STYLED_ITEM('',(#5504),#1240,#5162);
#40=OVER_RIDING_STYLED_ITEM('',(#5505),#1241,#5162);
#41=OVER_RIDING_STYLED_ITEM('',(#5506),#1242,#5162);
#42=OVER_RIDING_STYLED_ITEM('',(#5507),#1243,#5162);
#43=OVER_RIDING_STYLED_ITEM('',(#5508),#1244,#5162);
#44=OVER_RIDING_STYLED_ITEM('',(#5509),#1245,#5162);
#45=OVER_RIDING_STYLED_ITEM('',(#5510),#1246,#5162);
#46=OVER_RIDING_STYLED_ITEM('',(#5511),#1247,#5162);
#47=OVER_RIDING_STYLED_ITEM('',(#5512),#1248,#5162);
#48=OVER_RIDING_STYLED_ITEM('',(#5513),#1249,#5162);
#49=OVER_RIDING_STYLED_ITEM('',(#5514),#1250,#5162);
#50=OVER_RIDING_STYLED_ITEM('',(#5515),#1251,#5162);
#51=OVER_RIDING_STYLED_ITEM('',(#5516),#1252,#5162);
#52=OVER_RIDING_STYLED_ITEM('',(#5517),#1253,#5162);
#53=OVER_RIDING_STYLED_ITEM('',(#5518),#1254,#5162);
#54=OVER_RIDING_STYLED_ITEM('',(#5519),#1255,#5162);
#55=OVER_RIDING_STYLED_ITEM('',(#5520),#1256,#5162);
#56=OVER_RIDING_STYLED_ITEM('',(#5521),#1257,#5162);
#57=OVER_RIDING_STYLED_ITEM('',(#5522),#1258,#5162);
#58=OVER_RIDING_STYLED_ITEM('',(#5523),#1259,#5162);
#59=OVER_RIDING_STYLED_ITEM('',(#5524),#1260,#5162);
#60=OVER_RIDING_STYLED_ITEM('',(#5525),#1261,#5162);
#61=OVER_RIDING_STYLED_ITEM('',(#5526),#1262,#5162);
#62=OVER_RIDING_STYLED_ITEM('',(#5527),#1263,#5162);
#63=OVER_RIDING_STYLED_ITEM('',(#5528),#1264,#5162);
#64=OVER_RIDING_STYLED_ITEM('',(#5529),#1265,#5162);
#65=OVER_RIDING_STYLED_ITEM('',(#5530),#1266,#5162);
#66=OVER_RIDING_STYLED_ITEM('',(#5531),#1323,#5162);
#67=OVER_RIDING_STYLED_ITEM('',(#5532),#1324,#5162);
#68=OVER_RIDING_STYLED_ITEM('',(#5533),#1325,#5162);
#69=OVER_RIDING_STYLED_ITEM('',(#5534),#1326,#5162);
#70=OVER_RIDING_STYLED_ITEM('',(#5535),#1327,#5162);
#71=OVER_RIDING_STYLED_ITEM('',(#5536),#1328,#5162);
#72=OVER_RIDING_STYLED_ITEM('',(#5537),#1329,#5162);
#73=OVER_RIDING_STYLED_ITEM('',(#5538),#1330,#5162);
#74=OVER_RIDING_STYLED_ITEM('',(#5539),#1331,#5162);
#75=OVER_RIDING_STYLED_ITEM('',(#5540),#1332,#5162);
#76=OVER_RIDING_STYLED_ITEM('',(#5541),#1333,#5162);
#77=OVER_RIDING_STYLED_ITEM('',(#5542),#1334,#5162);
#78=OVER_RIDING_STYLED_ITEM('',(#5543),#1335,#5162);
#79=OVER_RIDING_STYLED_ITEM('',(#5544),#1336,#5162);
#80=OVER_RIDING_STYLED_ITEM('',(#5545),#1337,#5162);
#81=OVER_RIDING_STYLED_ITEM('',(#5546),#1338,#5162);
#82=OVER_RIDING_STYLED_ITEM('',(#5547),#1339,#5162);
#83=OVER_RIDING_STYLED_ITEM('',(#5548),#1340,#5162);
#84=OVER_RIDING_STYLED_ITEM('',(#5549),#1341,#5162);
#85=OVER_RIDING_STYLED_ITEM('',(#5550),#1342,#5162);
#86=OVER_RIDING_STYLED_ITEM('',(#5551),#1343,#5162);
#87=OVER_RIDING_STYLED_ITEM('',(#5552),#1344,#5162);
#88=OVER_RIDING_STYLED_ITEM('',(#5553),#1345,#5162);
#89=OVER_RIDING_STYLED_ITEM('',(#5554),#1346,#5162);
#90=OVER_RIDING_STYLED_ITEM('',(#5555),#1347,#5162);
#91=OVER_RIDING_STYLED_ITEM('',(#5556),#1348,#5162);
#92=OVER_RIDING_STYLED_ITEM('',(#5557),#1349,#5162);
#93=OVER_RIDING_STYLED_ITEM('',(#5558),#1350,#5162);
#94=OVER_RIDING_STYLED_ITEM('',(#5559),#1351,#5162);
#95=OVER_RIDING_STYLED_ITEM('',(#5560),#1352,#5162);
#96=OVER_RIDING_STYLED_ITEM('',(#5561),#1353,#5162);
#97=OVER_RIDING_STYLED_ITEM('',(#5562),#1354,#5162);
#98=OVER_RIDING_STYLED_ITEM('',(#5563),#1355,#5162);
#99=OVER_RIDING_STYLED_ITEM('',(#5564),#1356,#5162);
#100=OVER_RIDING_STYLED_ITEM('',(#5565),#1357,#5162);
#101=OVER_RIDING_STYLED_ITEM('',(#5566),#1358,#5162);
#102=OVER_RIDING_STYLED_ITEM('',(#5567),#1359,#5162);
#103=OVER_RIDING_STYLED_ITEM('',(#5568),#1360,#5162);
#104=OVER_RIDING_STYLED_ITEM('',(#5569),#1361,#5162);
#105=OVER_RIDING_STYLED_ITEM('',(#5570),#1362,#5162);
#106=OVER_RIDING_STYLED_ITEM('',(#5571),#1363,#5162);
#107=OVER_RIDING_STYLED_ITEM('',(#5572),#1365,#5162);
#108=OVER_RIDING_STYLED_ITEM('',(#5573),#1367,#5162);
#109=OVER_RIDING_STYLED_ITEM('',(#5574),#1369,#5162);
#110=OVER_RIDING_STYLED_ITEM('',(#5575),#1371,#5162);
#111=OVER_RIDING_STYLED_ITEM('',(#5576),#1373,#5162);
#112=OVER_RIDING_STYLED_ITEM('',(#5577),#1375,#5162);
#113=OVER_RIDING_STYLED_ITEM('',(#5578),#1377,#5162);
#114=OVER_RIDING_STYLED_ITEM('',(#5579),#1379,#5162);
#115=OVER_RIDING_STYLED_ITEM('',(#5580),#1381,#5162);
#116=OVER_RIDING_STYLED_ITEM('',(#5581),#1383,#5162);
#117=OVER_RIDING_STYLED_ITEM('',(#5582),#1385,#5162);
#118=OVER_RIDING_STYLED_ITEM('',(#5583),#1387,#5162);
#119=OVER_RIDING_STYLED_ITEM('',(#5584),#1389,#5162);
#120=OVER_RIDING_STYLED_ITEM('',(#5585),#1391,#5162);
#121=OVER_RIDING_STYLED_ITEM('',(#5586),#1393,#5162);
#122=OVER_RIDING_STYLED_ITEM('',(#5587),#1395,#5162);
#123=OVER_RIDING_STYLED_ITEM('',(#5588),#1397,#5162);
#124=OVER_RIDING_STYLED_ITEM('',(#5589),#1399,#5162);
#125=OVER_RIDING_STYLED_ITEM('',(#5590),#1401,#5162);
#126=OVER_RIDING_STYLED_ITEM('',(#5591),#1403,#5162);
#127=OVER_RIDING_STYLED_ITEM('',(#5592),#1405,#5162);
#128=OVER_RIDING_STYLED_ITEM('',(#5593),#1407,#5162);
#129=OVER_RIDING_STYLED_ITEM('',(#5594),#1409,#5162);
#130=OVER_RIDING_STYLED_ITEM('',(#5595),#1411,#5162);
#131=OVER_RIDING_STYLED_ITEM('',(#5596),#1413,#5162);
#132=OVER_RIDING_STYLED_ITEM('',(#5597),#1415,#5162);
#133=OVER_RIDING_STYLED_ITEM('',(#5598),#1417,#5162);
#134=OVER_RIDING_STYLED_ITEM('',(#5599),#1419,#5162);
#135=OVER_RIDING_STYLED_ITEM('',(#5600),#1421,#5162);
#136=OVER_RIDING_STYLED_ITEM('',(#5601),#1423,#5162);
#137=OVER_RIDING_STYLED_ITEM('',(#5602),#1425,#5162);
#138=OVER_RIDING_STYLED_ITEM('',(#5603),#1427,#5162);
#139=OVER_RIDING_STYLED_ITEM('',(#5604),#1429,#5162);
#140=OVER_RIDING_STYLED_ITEM('',(#5605),#1431,#5162);
#141=OVER_RIDING_STYLED_ITEM('',(#5606),#1433,#5162);
#142=OVER_RIDING_STYLED_ITEM('',(#5607),#1435,#5162);
#143=OVER_RIDING_STYLED_ITEM('',(#5608),#1437,#5162);
#144=OVER_RIDING_STYLED_ITEM('',(#5609),#1439,#5162);
#145=OVER_RIDING_STYLED_ITEM('',(#5610),#1441,#5162);
#146=OVER_RIDING_STYLED_ITEM('',(#5611),#1443,#5162);
#147=OVER_RIDING_STYLED_ITEM('',(#5612),#1445,#5162);
#148=OVER_RIDING_STYLED_ITEM('',(#5613),#1447,#5162);
#149=OVER_RIDING_STYLED_ITEM('',(#5614),#1449,#5162);
#150=OVER_RIDING_STYLED_ITEM('',(#5615),#1451,#5162);
#151=OVER_RIDING_STYLED_ITEM('',(#5616),#1452,#5162);
#152=OVER_RIDING_STYLED_ITEM('',(#5617),#1453,#5162);
#153=OVER_RIDING_STYLED_ITEM('',(#5618),#1454,#5162);
#154=OVER_RIDING_STYLED_ITEM('',(#5619),#1455,#5162);
#155=OVER_RIDING_STYLED_ITEM('',(#5620),#1456,#5162);
#156=OVER_RIDING_STYLED_ITEM('',(#5621),#1457,#5162);
#157=OVER_RIDING_STYLED_ITEM('',(#5622),#1458,#5162);
#158=OVER_RIDING_STYLED_ITEM('',(#5623),#1459,#5162);
#159=OVER_RIDING_STYLED_ITEM('',(#5624),#1460,#5162);
#160=OVER_RIDING_STYLED_ITEM('',(#5625),#1461,#5162);
#161=SURFACE_STYLE_USAGE(.BOTH.,#289);
#162=SURFACE_STYLE_USAGE(.BOTH.,#290);
#163=SURFACE_STYLE_USAGE(.BOTH.,#291);
#164=SURFACE_STYLE_USAGE(.BOTH.,#292);
#165=SURFACE_STYLE_USAGE(.BOTH.,#293);
#166=SURFACE_STYLE_USAGE(.BOTH.,#294);
#167=SURFACE_STYLE_USAGE(.BOTH.,#295);
#168=SURFACE_STYLE_USAGE(.BOTH.,#296);
#169=SURFACE_STYLE_USAGE(.BOTH.,#297);
#170=SURFACE_STYLE_USAGE(.BOTH.,#298);
#171=SURFACE_STYLE_USAGE(.BOTH.,#299);
#172=SURFACE_STYLE_USAGE(.BOTH.,#300);
#173=SURFACE_STYLE_USAGE(.BOTH.,#301);
#174=SURFACE_STYLE_USAGE(.BOTH.,#302);
#175=SURFACE_STYLE_USAGE(.BOTH.,#303);
#176=SURFACE_STYLE_USAGE(.BOTH.,#304);
#177=SURFACE_STYLE_USAGE(.BOTH.,#305);
#178=SURFACE_STYLE_USAGE(.BOTH.,#306);
#179=SURFACE_STYLE_USAGE(.BOTH.,#307);
#180=SURFACE_STYLE_USAGE(.BOTH.,#308);
#181=SURFACE_STYLE_USAGE(.BOTH.,#309);
#182=SURFACE_STYLE_USAGE(.BOTH.,#310);
#183=SURFACE_STYLE_USAGE(.BOTH.,#311);
#184=SURFACE_STYLE_USAGE(.BOTH.,#312);
#185=SURFACE_STYLE_USAGE(.BOTH.,#313);
#186=SURFACE_STYLE_USAGE(.BOTH.,#314);
#187=SURFACE_STYLE_USAGE(.BOTH.,#315);
#188=SURFACE_STYLE_USAGE(.BOTH.,#316);
#189=SURFACE_STYLE_USAGE(.BOTH.,#317);
#190=SURFACE_STYLE_USAGE(.BOTH.,#318);
#191=SURFACE_STYLE_USAGE(.BOTH.,#319);
#192=SURFACE_STYLE_USAGE(.BOTH.,#320);
#193=SURFACE_STYLE_USAGE(.BOTH.,#321);
#194=SURFACE_STYLE_USAGE(.BOTH.,#322);
#195=SURFACE_STYLE_USAGE(.BOTH.,#323);
#196=SURFACE_STYLE_USAGE(.BOTH.,#324);
#197=SURFACE_STYLE_USAGE(.BOTH.,#325);
#198=SURFACE_STYLE_USAGE(.BOTH.,#326);
#199=SURFACE_STYLE_USAGE(.BOTH.,#327);
#200=SURFACE_STYLE_USAGE(.BOTH.,#328);
#201=SURFACE_STYLE_USAGE(.BOTH.,#329);
#202=SURFACE_STYLE_USAGE(.BOTH.,#330);
#203=SURFACE_STYLE_USAGE(.BOTH.,#331);
#204=SURFACE_STYLE_USAGE(.BOTH.,#332);
#205=SURFACE_STYLE_USAGE(.BOTH.,#333);
#206=SURFACE_STYLE_USAGE(.BOTH.,#334);
#207=SURFACE_STYLE_USAGE(.BOTH.,#335);
#208=SURFACE_STYLE_USAGE(.BOTH.,#336);
#209=SURFACE_STYLE_USAGE(.BOTH.,#337);
#210=SURFACE_STYLE_USAGE(.BOTH.,#338);
#211=SURFACE_STYLE_USAGE(.BOTH.,#339);
#212=SURFACE_STYLE_USAGE(.BOTH.,#340);
#213=SURFACE_STYLE_USAGE(.BOTH.,#341);
#214=SURFACE_STYLE_USAGE(.BOTH.,#342);
#215=SURFACE_STYLE_USAGE(.BOTH.,#343);
#216=SURFACE_STYLE_USAGE(.BOTH.,#344);
#217=SURFACE_STYLE_USAGE(.BOTH.,#345);
#218=SURFACE_STYLE_USAGE(.BOTH.,#346);
#219=SURFACE_STYLE_USAGE(.BOTH.,#347);
#220=SURFACE_STYLE_USAGE(.BOTH.,#348);
#221=SURFACE_STYLE_USAGE(.BOTH.,#349);
#222=SURFACE_STYLE_USAGE(.BOTH.,#350);
#223=SURFACE_STYLE_USAGE(.BOTH.,#351);
#224=SURFACE_STYLE_USAGE(.BOTH.,#352);
#225=SURFACE_STYLE_USAGE(.BOTH.,#353);
#226=SURFACE_STYLE_USAGE(.BOTH.,#354);
#227=SURFACE_STYLE_USAGE(.BOTH.,#355);
#228=SURFACE_STYLE_USAGE(.BOTH.,#356);
#229=SURFACE_STYLE_USAGE(.BOTH.,#357);
#230=SURFACE_STYLE_USAGE(.BOTH.,#358);
#231=SURFACE_STYLE_USAGE(.BOTH.,#359);
#232=SURFACE_STYLE_USAGE(.BOTH.,#360);
#233=SURFACE_STYLE_USAGE(.BOTH.,#361);
#234=SURFACE_STYLE_USAGE(.BOTH.,#362);
#235=SURFACE_STYLE_USAGE(.BOTH.,#363);
#236=SURFACE_STYLE_USAGE(.BOTH.,#364);
#237=SURFACE_STYLE_USAGE(.BOTH.,#365);
#238=SURFACE_STYLE_USAGE(.BOTH.,#366);
#239=SURFACE_STYLE_USAGE(.BOTH.,#367);
#240=SURFACE_STYLE_USAGE(.BOTH.,#368);
#241=SURFACE_STYLE_USAGE(.BOTH.,#369);
#242=SURFACE_STYLE_USAGE(.BOTH.,#370);
#243=SURFACE_STYLE_USAGE(.BOTH.,#371);
#244=SURFACE_STYLE_USAGE(.BOTH.,#372);
#245=SURFACE_STYLE_USAGE(.BOTH.,#373);
#246=SURFACE_STYLE_USAGE(.BOTH.,#374);
#247=SURFACE_STYLE_USAGE(.BOTH.,#375);
#248=SURFACE_STYLE_USAGE(.BOTH.,#376);
#249=SURFACE_STYLE_USAGE(.BOTH.,#377);
#250=SURFACE_STYLE_USAGE(.BOTH.,#378);
#251=SURFACE_STYLE_USAGE(.BOTH.,#379);
#252=SURFACE_STYLE_USAGE(.BOTH.,#380);
#253=SURFACE_STYLE_USAGE(.BOTH.,#381);
#254=SURFACE_STYLE_USAGE(.BOTH.,#382);
#255=SURFACE_STYLE_USAGE(.BOTH.,#383);
#256=SURFACE_STYLE_USAGE(.BOTH.,#384);
#257=SURFACE_STYLE_USAGE(.BOTH.,#385);
#258=SURFACE_STYLE_USAGE(.BOTH.,#386);
#259=SURFACE_STYLE_USAGE(.BOTH.,#387);
#260=SURFACE_STYLE_USAGE(.BOTH.,#388);
#261=SURFACE_STYLE_USAGE(.BOTH.,#389);
#262=SURFACE_STYLE_USAGE(.BOTH.,#390);
#263=SURFACE_STYLE_USAGE(.BOTH.,#391);
#264=SURFACE_STYLE_USAGE(.BOTH.,#392);
#265=SURFACE_STYLE_USAGE(.BOTH.,#393);
#266=SURFACE_STYLE_USAGE(.BOTH.,#394);
#267=SURFACE_STYLE_USAGE(.BOTH.,#395);
#268=SURFACE_STYLE_USAGE(.BOTH.,#396);
#269=SURFACE_STYLE_USAGE(.BOTH.,#397);
#270=SURFACE_STYLE_USAGE(.BOTH.,#398);
#271=SURFACE_STYLE_USAGE(.BOTH.,#399);
#272=SURFACE_STYLE_USAGE(.BOTH.,#400);
#273=SURFACE_STYLE_USAGE(.BOTH.,#401);
#274=SURFACE_STYLE_USAGE(.BOTH.,#402);
#275=SURFACE_STYLE_USAGE(.BOTH.,#403);
#276=SURFACE_STYLE_USAGE(.BOTH.,#404);
#277=SURFACE_STYLE_USAGE(.BOTH.,#405);
#278=SURFACE_STYLE_USAGE(.BOTH.,#406);
#279=SURFACE_STYLE_USAGE(.BOTH.,#407);
#280=SURFACE_STYLE_USAGE(.BOTH.,#408);
#281=SURFACE_STYLE_USAGE(.BOTH.,#409);
#282=SURFACE_STYLE_USAGE(.BOTH.,#410);
#283=SURFACE_STYLE_USAGE(.BOTH.,#411);
#284=SURFACE_STYLE_USAGE(.BOTH.,#412);
#285=SURFACE_STYLE_USAGE(.BOTH.,#413);
#286=SURFACE_STYLE_USAGE(.BOTH.,#414);
#287=SURFACE_STYLE_USAGE(.BOTH.,#415);
#288=SURFACE_STYLE_USAGE(.BOTH.,#416);
#289=SURFACE_SIDE_STYLE('',(#417));
#290=SURFACE_SIDE_STYLE('',(#418));
#291=SURFACE_SIDE_STYLE('',(#419));
#292=SURFACE_SIDE_STYLE('',(#420));
#293=SURFACE_SIDE_STYLE('',(#421));
#294=SURFACE_SIDE_STYLE('',(#422));
#295=SURFACE_SIDE_STYLE('',(#423));
#296=SURFACE_SIDE_STYLE('',(#424));
#297=SURFACE_SIDE_STYLE('',(#425));
#298=SURFACE_SIDE_STYLE('',(#426));
#299=SURFACE_SIDE_STYLE('',(#427));
#300=SURFACE_SIDE_STYLE('',(#428));
#301=SURFACE_SIDE_STYLE('',(#429));
#302=SURFACE_SIDE_STYLE('',(#430));
#303=SURFACE_SIDE_STYLE('',(#431));
#304=SURFACE_SIDE_STYLE('',(#432));
#305=SURFACE_SIDE_STYLE('',(#433));
#306=SURFACE_SIDE_STYLE('',(#434));
#307=SURFACE_SIDE_STYLE('',(#435));
#308=SURFACE_SIDE_STYLE('',(#436));
#309=SURFACE_SIDE_STYLE('',(#437));
#310=SURFACE_SIDE_STYLE('',(#438));
#311=SURFACE_SIDE_STYLE('',(#439));
#312=SURFACE_SIDE_STYLE('',(#440));
#313=SURFACE_SIDE_STYLE('',(#441));
#314=SURFACE_SIDE_STYLE('',(#442));
#315=SURFACE_SIDE_STYLE('',(#443));
#316=SURFACE_SIDE_STYLE('',(#444));
#317=SURFACE_SIDE_STYLE('',(#445));
#318=SURFACE_SIDE_STYLE('',(#446));
#319=SURFACE_SIDE_STYLE('',(#447));
#320=SURFACE_SIDE_STYLE('',(#448));
#321=SURFACE_SIDE_STYLE('',(#449));
#322=SURFACE_SIDE_STYLE('',(#450));
#323=SURFACE_SIDE_STYLE('',(#451));
#324=SURFACE_SIDE_STYLE('',(#452));
#325=SURFACE_SIDE_STYLE('',(#453));
#326=SURFACE_SIDE_STYLE('',(#454));
#327=SURFACE_SIDE_STYLE('',(#455));
#328=SURFACE_SIDE_STYLE('',(#456));
#329=SURFACE_SIDE_STYLE('',(#457));
#330=SURFACE_SIDE_STYLE('',(#458));
#331=SURFACE_SIDE_STYLE('',(#459));
#332=SURFACE_SIDE_STYLE('',(#460));
#333=SURFACE_SIDE_STYLE('',(#461));
#334=SURFACE_SIDE_STYLE('',(#462));
#335=SURFACE_SIDE_STYLE('',(#463));
#336=SURFACE_SIDE_STYLE('',(#464));
#337=SURFACE_SIDE_STYLE('',(#465));
#338=SURFACE_SIDE_STYLE('',(#466));
#339=SURFACE_SIDE_STYLE('',(#467));
#340=SURFACE_SIDE_STYLE('',(#468));
#341=SURFACE_SIDE_STYLE('',(#469));
#342=SURFACE_SIDE_STYLE('',(#470));
#343=SURFACE_SIDE_STYLE('',(#471));
#344=SURFACE_SIDE_STYLE('',(#472));
#345=SURFACE_SIDE_STYLE('',(#473));
#346=SURFACE_SIDE_STYLE('',(#474));
#347=SURFACE_SIDE_STYLE('',(#475));
#348=SURFACE_SIDE_STYLE('',(#476));
#349=SURFACE_SIDE_STYLE('',(#477));
#350=SURFACE_SIDE_STYLE('',(#478));
#351=SURFACE_SIDE_STYLE('',(#479));
#352=SURFACE_SIDE_STYLE('',(#480));
#353=SURFACE_SIDE_STYLE('',(#481));
#354=SURFACE_SIDE_STYLE('',(#482));
#355=SURFACE_SIDE_STYLE('',(#483));
#356=SURFACE_SIDE_STYLE('',(#484));
#357=SURFACE_SIDE_STYLE('',(#485));
#358=SURFACE_SIDE_STYLE('',(#486));
#359=SURFACE_SIDE_STYLE('',(#487));
#360=SURFACE_SIDE_STYLE('',(#488));
#361=SURFACE_SIDE_STYLE('',(#489));
#362=SURFACE_SIDE_STYLE('',(#490));
#363=SURFACE_SIDE_STYLE('',(#491));
#364=SURFACE_SIDE_STYLE('',(#492));
#365=SURFACE_SIDE_STYLE('',(#493));
#366=SURFACE_SIDE_STYLE('',(#494));
#367=SURFACE_SIDE_STYLE('',(#495));
#368=SURFACE_SIDE_STYLE('',(#496));
#369=SURFACE_SIDE_STYLE('',(#497));
#370=SURFACE_SIDE_STYLE('',(#498));
#371=SURFACE_SIDE_STYLE('',(#499));
#372=SURFACE_SIDE_STYLE('',(#500));
#373=SURFACE_SIDE_STYLE('',(#501));
#374=SURFACE_SIDE_STYLE('',(#502));
#375=SURFACE_SIDE_STYLE('',(#503));
#376=SURFACE_SIDE_STYLE('',(#504));
#377=SURFACE_SIDE_STYLE('',(#505));
#378=SURFACE_SIDE_STYLE('',(#506));
#379=SURFACE_SIDE_STYLE('',(#507));
#380=SURFACE_SIDE_STYLE('',(#508));
#381=SURFACE_SIDE_STYLE('',(#509));
#382=SURFACE_SIDE_STYLE('',(#510));
#383=SURFACE_SIDE_STYLE('',(#511));
#384=SURFACE_SIDE_STYLE('',(#512));
#385=SURFACE_SIDE_STYLE('',(#513));
#386=SURFACE_SIDE_STYLE('',(#514));
#387=SURFACE_SIDE_STYLE('',(#515));
#388=SURFACE_SIDE_STYLE('',(#516));
#389=SURFACE_SIDE_STYLE('',(#517));
#390=SURFACE_SIDE_STYLE('',(#518));
#391=SURFACE_SIDE_STYLE('',(#519));
#392=SURFACE_SIDE_STYLE('',(#520));
#393=SURFACE_SIDE_STYLE('',(#521));
#394=SURFACE_SIDE_STYLE('',(#522));
#395=SURFACE_SIDE_STYLE('',(#523));
#396=SURFACE_SIDE_STYLE('',(#524));
#397=SURFACE_SIDE_STYLE('',(#525));
#398=SURFACE_SIDE_STYLE('',(#526));
#399=SURFACE_SIDE_STYLE('',(#527));
#400=SURFACE_SIDE_STYLE('',(#528));
#401=SURFACE_SIDE_STYLE('',(#529));
#402=SURFACE_SIDE_STYLE('',(#530));
#403=SURFACE_SIDE_STYLE('',(#531));
#404=SURFACE_SIDE_STYLE('',(#532));
#405=SURFACE_SIDE_STYLE('',(#533));
#406=SURFACE_SIDE_STYLE('',(#534));
#407=SURFACE_SIDE_STYLE('',(#535));
#408=SURFACE_SIDE_STYLE('',(#536));
#409=SURFACE_SIDE_STYLE('',(#537));
#410=SURFACE_SIDE_STYLE('',(#538));
#411=SURFACE_SIDE_STYLE('',(#539));
#412=SURFACE_SIDE_STYLE('',(#540));
#413=SURFACE_SIDE_STYLE('',(#541));
#414=SURFACE_SIDE_STYLE('',(#542));
#415=SURFACE_SIDE_STYLE('',(#543));
#416=SURFACE_SIDE_STYLE('',(#544));
#417=SURFACE_STYLE_FILL_AREA(#545);
#418=SURFACE_STYLE_FILL_AREA(#546);
#419=SURFACE_STYLE_FILL_AREA(#547);
#420=SURFACE_STYLE_FILL_AREA(#548);
#421=SURFACE_STYLE_FILL_AREA(#549);
#422=SURFACE_STYLE_FILL_AREA(#550);
#423=SURFACE_STYLE_FILL_AREA(#551);
#424=SURFACE_STYLE_FILL_AREA(#552);
#425=SURFACE_STYLE_FILL_AREA(#553);
#426=SURFACE_STYLE_FILL_AREA(#554);
#427=SURFACE_STYLE_FILL_AREA(#555);
#428=SURFACE_STYLE_FILL_AREA(#556);
#429=SURFACE_STYLE_FILL_AREA(#557);
#430=SURFACE_STYLE_FILL_AREA(#558);
#431=SURFACE_STYLE_FILL_AREA(#559);
#432=SURFACE_STYLE_FILL_AREA(#560);
#433=SURFACE_STYLE_FILL_AREA(#561);
#434=SURFACE_STYLE_FILL_AREA(#562);
#435=SURFACE_STYLE_FILL_AREA(#563);
#436=SURFACE_STYLE_FILL_AREA(#564);
#437=SURFACE_STYLE_FILL_AREA(#565);
#438=SURFACE_STYLE_FILL_AREA(#566);
#439=SURFACE_STYLE_FILL_AREA(#567);
#440=SURFACE_STYLE_FILL_AREA(#568);
#441=SURFACE_STYLE_FILL_AREA(#569);
#442=SURFACE_STYLE_FILL_AREA(#570);
#443=SURFACE_STYLE_FILL_AREA(#571);
#444=SURFACE_STYLE_FILL_AREA(#572);
#445=SURFACE_STYLE_FILL_AREA(#573);
#446=SURFACE_STYLE_FILL_AREA(#574);
#447=SURFACE_STYLE_FILL_AREA(#575);
#448=SURFACE_STYLE_FILL_AREA(#576);
#449=SURFACE_STYLE_FILL_AREA(#577);
#450=SURFACE_STYLE_FILL_AREA(#578);
#451=SURFACE_STYLE_FILL_AREA(#579);
#452=SURFACE_STYLE_FILL_AREA(#580);
#453=SURFACE_STYLE_FILL_AREA(#581);
#454=SURFACE_STYLE_FILL_AREA(#582);
#455=SURFACE_STYLE_FILL_AREA(#583);
#456=SURFACE_STYLE_FILL_AREA(#584);
#457=SURFACE_STYLE_FILL_AREA(#585);
#458=SURFACE_STYLE_FILL_AREA(#586);
#459=SURFACE_STYLE_FILL_AREA(#587);
#460=SURFACE_STYLE_FILL_AREA(#588);
#461=SURFACE_STYLE_FILL_AREA(#589);
#462=SURFACE_STYLE_FILL_AREA(#590);
#463=SURFACE_STYLE_FILL_AREA(#591);
#464=SURFACE_STYLE_FILL_AREA(#592);
#465=SURFACE_STYLE_FILL_AREA(#593);
#466=SURFACE_STYLE_FILL_AREA(#594);
#467=SURFACE_STYLE_FILL_AREA(#595);
#468=SURFACE_STYLE_FILL_AREA(#596);
#469=SURFACE_STYLE_FILL_AREA(#597);
#470=SURFACE_STYLE_FILL_AREA(#598);
#471=SURFACE_STYLE_FILL_AREA(#599);
#472=SURFACE_STYLE_FILL_AREA(#600);
#473=SURFACE_STYLE_FILL_AREA(#601);
#474=SURFACE_STYLE_FILL_AREA(#602);
#475=SURFACE_STYLE_FILL_AREA(#603);
#476=SURFACE_STYLE_FILL_AREA(#604);
#477=SURFACE_STYLE_FILL_AREA(#605);
#478=SURFACE_STYLE_FILL_AREA(#606);
#479=SURFACE_STYLE_FILL_AREA(#607);
#480=SURFACE_STYLE_FILL_AREA(#608);
#481=SURFACE_STYLE_FILL_AREA(#609);
#482=SURFACE_STYLE_FILL_AREA(#610);
#483=SURFACE_STYLE_FILL_AREA(#611);
#484=SURFACE_STYLE_FILL_AREA(#612);
#485=SURFACE_STYLE_FILL_AREA(#613);
#486=SURFACE_STYLE_FILL_AREA(#614);
#487=SURFACE_STYLE_FILL_AREA(#615);
#488=SURFACE_STYLE_FILL_AREA(#616);
#489=SURFACE_STYLE_FILL_AREA(#617);
#490=SURFACE_STYLE_FILL_AREA(#618);
#491=SURFACE_STYLE_FILL_AREA(#619);
#492=SURFACE_STYLE_FILL_AREA(#620);
#493=SURFACE_STYLE_FILL_AREA(#621);
#494=SURFACE_STYLE_FILL_AREA(#622);
#495=SURFACE_STYLE_FILL_AREA(#623);
#496=SURFACE_STYLE_FILL_AREA(#624);
#497=SURFACE_STYLE_FILL_AREA(#625);
#498=SURFACE_STYLE_FILL_AREA(#626);
#499=SURFACE_STYLE_FILL_AREA(#627);
#500=SURFACE_STYLE_FILL_AREA(#628);
#501=SURFACE_STYLE_FILL_AREA(#629);
#502=SURFACE_STYLE_FILL_AREA(#630);
#503=SURFACE_STYLE_FILL_AREA(#631);
#504=SURFACE_STYLE_FILL_AREA(#632);
#505=SURFACE_STYLE_FILL_AREA(#633);
#506=SURFACE_STYLE_FILL_AREA(#634);
#507=SURFACE_STYLE_FILL_AREA(#635);
#508=SURFACE_STYLE_FILL_AREA(#636);
#509=SURFACE_STYLE_FILL_AREA(#637);
#510=SURFACE_STYLE_FILL_AREA(#638);
#511=SURFACE_STYLE_FILL_AREA(#639);
#512=SURFACE_STYLE_FILL_AREA(#640);
#513=SURFACE_STYLE_FILL_AREA(#641);
#514=SURFACE_STYLE_FILL_AREA(#642);
#515=SURFACE_STYLE_FILL_AREA(#643);
#516=SURFACE_STYLE_FILL_AREA(#644);
#517=SURFACE_STYLE_FILL_AREA(#645);
#518=SURFACE_STYLE_FILL_AREA(#646);
#519=SURFACE_STYLE_FILL_AREA(#647);
#520=SURFACE_STYLE_FILL_AREA(#648);
#521=SURFACE_STYLE_FILL_AREA(#649);
#522=SURFACE_STYLE_FILL_AREA(#650);
#523=SURFACE_STYLE_FILL_AREA(#651);
#524=SURFACE_STYLE_FILL_AREA(#652);
#525=SURFACE_STYLE_FILL_AREA(#653);
#526=SURFACE_STYLE_FILL_AREA(#654);
#527=SURFACE_STYLE_FILL_AREA(#655);
#528=SURFACE_STYLE_FILL_AREA(#656);
#529=SURFACE_STYLE_FILL_AREA(#657);
#530=SURFACE_STYLE_FILL_AREA(#658);
#531=SURFACE_STYLE_FILL_AREA(#659);
#532=SURFACE_STYLE_FILL_AREA(#660);
#533=SURFACE_STYLE_FILL_AREA(#661);
#534=SURFACE_STYLE_FILL_AREA(#662);
#535=SURFACE_STYLE_FILL_AREA(#663);
#536=SURFACE_STYLE_FILL_AREA(#664);
#537=SURFACE_STYLE_FILL_AREA(#665);
#538=SURFACE_STYLE_FILL_AREA(#666);
#539=SURFACE_STYLE_FILL_AREA(#667);
#540=SURFACE_STYLE_FILL_AREA(#668);
#541=SURFACE_STYLE_FILL_AREA(#669);
#542=SURFACE_STYLE_FILL_AREA(#670);
#543=SURFACE_STYLE_FILL_AREA(#671);
#544=SURFACE_STYLE_FILL_AREA(#672);
#545=FILL_AREA_STYLE('',(#673));
#546=FILL_AREA_STYLE('',(#674));
#547=FILL_AREA_STYLE('',(#675));
#548=FILL_AREA_STYLE('',(#676));
#549=FILL_AREA_STYLE('',(#677));
#550=FILL_AREA_STYLE('',(#678));
#551=FILL_AREA_STYLE('',(#679));
#552=FILL_AREA_STYLE('',(#680));
#553=FILL_AREA_STYLE('',(#681));
#554=FILL_AREA_STYLE('',(#682));
#555=FILL_AREA_STYLE('',(#683));
#556=FILL_AREA_STYLE('',(#684));
#557=FILL_AREA_STYLE('',(#685));
#558=FILL_AREA_STYLE('',(#686));
#559=FILL_AREA_STYLE('',(#687));
#560=FILL_AREA_STYLE('',(#688));
#561=FILL_AREA_STYLE('',(#689));
#562=FILL_AREA_STYLE('',(#690));
#563=FILL_AREA_STYLE('',(#691));
#564=FILL_AREA_STYLE('',(#692));
#565=FILL_AREA_STYLE('',(#693));
#566=FILL_AREA_STYLE('',(#694));
#567=FILL_AREA_STYLE('',(#695));
#568=FILL_AREA_STYLE('',(#696));
#569=FILL_AREA_STYLE('',(#697));
#570=FILL_AREA_STYLE('',(#698));
#571=FILL_AREA_STYLE('',(#699));
#572=FILL_AREA_STYLE('',(#700));
#573=FILL_AREA_STYLE('',(#701));
#574=FILL_AREA_STYLE('',(#702));
#575=FILL_AREA_STYLE('',(#703));
#576=FILL_AREA_STYLE('',(#704));
#577=FILL_AREA_STYLE('',(#705));
#578=FILL_AREA_STYLE('',(#706));
#579=FILL_AREA_STYLE('',(#707));
#580=FILL_AREA_STYLE('',(#708));
#581=FILL_AREA_STYLE('',(#709));
#582=FILL_AREA_STYLE('',(#710));
#583=FILL_AREA_STYLE('',(#711));
#584=FILL_AREA_STYLE('',(#712));
#585=FILL_AREA_STYLE('',(#713));
#586=FILL_AREA_STYLE('',(#714));
#587=FILL_AREA_STYLE('',(#715));
#588=FILL_AREA_STYLE('',(#716));
#589=FILL_AREA_STYLE('',(#717));
#590=FILL_AREA_STYLE('',(#718));
#591=FILL_AREA_STYLE('',(#719));
#592=FILL_AREA_STYLE('',(#720));
#593=FILL_AREA_STYLE('',(#721));
#594=FILL_AREA_STYLE('',(#722));
#595=FILL_AREA_STYLE('',(#723));
#596=FILL_AREA_STYLE('',(#724));
#597=FILL_AREA_STYLE('',(#725));
#598=FILL_AREA_STYLE('',(#726));
#599=FILL_AREA_STYLE('',(#727));
#600=FILL_AREA_STYLE('',(#728));
#601=FILL_AREA_STYLE('',(#729));
#602=FILL_AREA_STYLE('',(#730));
#603=FILL_AREA_STYLE('',(#731));
#604=FILL_AREA_STYLE('',(#732));
#605=FILL_AREA_STYLE('',(#733));
#606=FILL_AREA_STYLE('',(#734));
#607=FILL_AREA_STYLE('',(#735));
#608=FILL_AREA_STYLE('',(#736));
#609=FILL_AREA_STYLE('',(#737));
#610=FILL_AREA_STYLE('',(#738));
#611=FILL_AREA_STYLE('',(#739));
#612=FILL_AREA_STYLE('',(#740));
#613=FILL_AREA_STYLE('',(#741));
#614=FILL_AREA_STYLE('',(#742));
#615=FILL_AREA_STYLE('',(#743));
#616=FILL_AREA_STYLE('',(#744));
#617=FILL_AREA_STYLE('',(#745));
#618=FILL_AREA_STYLE('',(#746));
#619=FILL_AREA_STYLE('',(#747));
#620=FILL_AREA_STYLE('',(#748));
#621=FILL_AREA_STYLE('',(#749));
#622=FILL_AREA_STYLE('',(#750));
#623=FILL_AREA_STYLE('',(#751));
#624=FILL_AREA_STYLE('',(#752));
#625=FILL_AREA_STYLE('',(#753));
#626=FILL_AREA_STYLE('',(#754));
#627=FILL_AREA_STYLE('',(#755));
#628=FILL_AREA_STYLE('',(#756));
#629=FILL_AREA_STYLE('',(#757));
#630=FILL_AREA_STYLE('',(#758));
#631=FILL_AREA_STYLE('',(#759));
#632=FILL_AREA_STYLE('',(#760));
#633=FILL_AREA_STYLE('',(#761));
#634=FILL_AREA_STYLE('',(#762));
#635=FILL_AREA_STYLE('',(#763));
#636=FILL_AREA_STYLE('',(#764));
#637=FILL_AREA_STYLE('',(#765));
#638=FILL_AREA_STYLE('',(#766));
#639=FILL_AREA_STYLE('',(#767));
#640=FILL_AREA_STYLE('',(#768));
#641=FILL_AREA_STYLE('',(#769));
#642=FILL_AREA_STYLE('',(#770));
#643=FILL_AREA_STYLE('',(#771));
#644=FILL_AREA_STYLE('',(#772));
#645=FILL_AREA_STYLE('',(#773));
#646=FILL_AREA_STYLE('',(#774));
#647=FILL_AREA_STYLE('',(#775));
#648=FILL_AREA_STYLE('',(#776));
#649=FILL_AREA_STYLE('',(#777));
#650=FILL_AREA_STYLE('',(#778));
#651=FILL_AREA_STYLE('',(#779));
#652=FILL_AREA_STYLE('',(#780));
#653=FILL_AREA_STYLE('',(#781));
#654=FILL_AREA_STYLE('',(#782));
#655=FILL_AREA_STYLE('',(#783));
#656=FILL_AREA_STYLE('',(#784));
#657=FILL_AREA_STYLE('',(#785));
#658=FILL_AREA_STYLE('',(#786));
#659=FILL_AREA_STYLE('',(#787));
#660=FILL_AREA_STYLE('',(#788));
#661=FILL_AREA_STYLE('',(#789));
#662=FILL_AREA_STYLE('',(#790));
#663=FILL_AREA_STYLE('',(#791));
#664=FILL_AREA_STYLE('',(#792));
#665=FILL_AREA_STYLE('',(#793));
#666=FILL_AREA_STYLE('',(#794));
#667=FILL_AREA_STYLE('',(#795));
#668=FILL_AREA_STYLE('',(#796));
#669=FILL_AREA_STYLE('',(#797));
#670=FILL_AREA_STYLE('',(#798));
#671=FILL_AREA_STYLE('',(#799));
#672=FILL_AREA_STYLE('',(#800));
#673=FILL_AREA_STYLE_COLOUR('',#3923);
#674=FILL_AREA_STYLE_COLOUR('',#3924);
#675=FILL_AREA_STYLE_COLOUR('',#3924);
#676=FILL_AREA_STYLE_COLOUR('',#3924);
#677=FILL_AREA_STYLE_COLOUR('',#3924);
#678=FILL_AREA_STYLE_COLOUR('',#3924);
#679=FILL_AREA_STYLE_COLOUR('',#3924);
#680=FILL_AREA_STYLE_COLOUR('',#3924);
#681=FILL_AREA_STYLE_COLOUR('',#3924);
#682=FILL_AREA_STYLE_COLOUR('',#3924);
#683=FILL_AREA_STYLE_COLOUR('',#3924);
#684=FILL_AREA_STYLE_COLOUR('',#3924);
#685=FILL_AREA_STYLE_COLOUR('',#3924);
#686=FILL_AREA_STYLE_COLOUR('',#3924);
#687=FILL_AREA_STYLE_COLOUR('',#3924);
#688=FILL_AREA_STYLE_COLOUR('',#3924);
#689=FILL_AREA_STYLE_COLOUR('',#3924);
#690=FILL_AREA_STYLE_COLOUR('',#3924);
#691=FILL_AREA_STYLE_COLOUR('',#3924);
#692=FILL_AREA_STYLE_COLOUR('',#3924);
#693=FILL_AREA_STYLE_COLOUR('',#3924);
#694=FILL_AREA_STYLE_COLOUR('',#3924);
#695=FILL_AREA_STYLE_COLOUR('',#3924);
#696=FILL_AREA_STYLE_COLOUR('',#3924);
#697=FILL_AREA_STYLE_COLOUR('',#3924);
#698=FILL_AREA_STYLE_COLOUR('',#3924);
#699=FILL_AREA_STYLE_COLOUR('',#3924);
#700=FILL_AREA_STYLE_COLOUR('',#3924);
#701=FILL_AREA_STYLE_COLOUR('',#3924);
#702=FILL_AREA_STYLE_COLOUR('',#3924);
#703=FILL_AREA_STYLE_COLOUR('',#3924);
#704=FILL_AREA_STYLE_COLOUR('',#3924);
#705=FILL_AREA_STYLE_COLOUR('',#3924);
#706=FILL_AREA_STYLE_COLOUR('',#3921);
#707=FILL_AREA_STYLE_COLOUR('',#3924);
#708=FILL_AREA_STYLE_COLOUR('',#3924);
#709=FILL_AREA_STYLE_COLOUR('',#3924);
#710=FILL_AREA_STYLE_COLOUR('',#3924);
#711=FILL_AREA_STYLE_COLOUR('',#3924);
#712=FILL_AREA_STYLE_COLOUR('',#3924);
#713=FILL_AREA_STYLE_COLOUR('',#3924);
#714=FILL_AREA_STYLE_COLOUR('',#3924);
#715=FILL_AREA_STYLE_COLOUR('',#3921);
#716=FILL_AREA_STYLE_COLOUR('',#3921);
#717=FILL_AREA_STYLE_COLOUR('',#3921);
#718=FILL_AREA_STYLE_COLOUR('',#3924);
#719=FILL_AREA_STYLE_COLOUR('',#3924);
#720=FILL_AREA_STYLE_COLOUR('',#3924);
#721=FILL_AREA_STYLE_COLOUR('',#3924);
#722=FILL_AREA_STYLE_COLOUR('',#3924);
#723=FILL_AREA_STYLE_COLOUR('',#3924);
#724=FILL_AREA_STYLE_COLOUR('',#3924);
#725=FILL_AREA_STYLE_COLOUR('',#3924);
#726=FILL_AREA_STYLE_COLOUR('',#3921);
#727=FILL_AREA_STYLE_COLOUR('',#3921);
#728=FILL_AREA_STYLE_COLOUR('',#3921);
#729=FILL_AREA_STYLE_COLOUR('',#3921);
#730=FILL_AREA_STYLE_COLOUR('',#3921);
#731=FILL_AREA_STYLE_COLOUR('',#3921);
#732=FILL_AREA_STYLE_COLOUR('',#3921);
#733=FILL_AREA_STYLE_COLOUR('',#3921);
#734=FILL_AREA_STYLE_COLOUR('',#3921);
#735=FILL_AREA_STYLE_COLOUR('',#3921);
#736=FILL_AREA_STYLE_COLOUR('',#3921);
#737=FILL_AREA_STYLE_COLOUR('',#3921);
#738=FILL_AREA_STYLE_COLOUR('',#3921);
#739=FILL_AREA_STYLE_COLOUR('',#3921);
#740=FILL_AREA_STYLE_COLOUR('',#3921);
#741=FILL_AREA_STYLE_COLOUR('',#3921);
#742=FILL_AREA_STYLE_COLOUR('',#3921);
#743=FILL_AREA_STYLE_COLOUR('',#3921);
#744=FILL_AREA_STYLE_COLOUR('',#3921);
#745=FILL_AREA_STYLE_COLOUR('',#3921);
#746=FILL_AREA_STYLE_COLOUR('',#3921);
#747=FILL_AREA_STYLE_COLOUR('',#3921);
#748=FILL_AREA_STYLE_COLOUR('',#3921);
#749=FILL_AREA_STYLE_COLOUR('',#3921);
#750=FILL_AREA_STYLE_COLOUR('',#3921);
#751=FILL_AREA_STYLE_COLOUR('',#3921);
#752=FILL_AREA_STYLE_COLOUR('',#3921);
#753=FILL_AREA_STYLE_COLOUR('',#3921);
#754=FILL_AREA_STYLE_COLOUR('',#3921);
#755=FILL_AREA_STYLE_COLOUR('',#3921);
#756=FILL_AREA_STYLE_COLOUR('',#3921);
#757=FILL_AREA_STYLE_COLOUR('',#3921);
#758=FILL_AREA_STYLE_COLOUR('',#3921);
#759=FILL_AREA_STYLE_COLOUR('',#3921);
#760=FILL_AREA_STYLE_COLOUR('',#3921);
#761=FILL_AREA_STYLE_COLOUR('',#3921);
#762=FILL_AREA_STYLE_COLOUR('',#3921);
#763=FILL_AREA_STYLE_COLOUR('',#3921);
#764=FILL_AREA_STYLE_COLOUR('',#3921);
#765=FILL_AREA_STYLE_COLOUR('',#3921);
#766=FILL_AREA_STYLE_COLOUR('',#3921);
#767=FILL_AREA_STYLE_COLOUR('',#3921);
#768=FILL_AREA_STYLE_COLOUR('',#3921);
#769=FILL_AREA_STYLE_COLOUR('',#3921);
#770=FILL_AREA_STYLE_COLOUR('',#3921);
#771=FILL_AREA_STYLE_COLOUR('',#3921);
#772=FILL_AREA_STYLE_COLOUR('',#3921);
#773=FILL_AREA_STYLE_COLOUR('',#3921);
#774=FILL_AREA_STYLE_COLOUR('',#3921);
#775=FILL_AREA_STYLE_COLOUR('',#3921);
#776=FILL_AREA_STYLE_COLOUR('',#3921);
#777=FILL_AREA_STYLE_COLOUR('',#3921);
#778=FILL_AREA_STYLE_COLOUR('',#3921);
#779=FILL_AREA_STYLE_COLOUR('',#3921);
#780=FILL_AREA_STYLE_COLOUR('',#3921);
#781=FILL_AREA_STYLE_COLOUR('',#3921);
#782=FILL_AREA_STYLE_COLOUR('',#3921);
#783=FILL_AREA_STYLE_COLOUR('',#3921);
#784=FILL_AREA_STYLE_COLOUR('',#3921);
#785=FILL_AREA_STYLE_COLOUR('',#3921);
#786=FILL_AREA_STYLE_COLOUR('',#3921);
#787=FILL_AREA_STYLE_COLOUR('',#3921);
#788=FILL_AREA_STYLE_COLOUR('',#3921);
#789=FILL_AREA_STYLE_COLOUR('',#3921);
#790=FILL_AREA_STYLE_COLOUR('',#3921);
#791=FILL_AREA_STYLE_COLOUR('',#3921);
#792=FILL_AREA_STYLE_COLOUR('',#3921);
#793=FILL_AREA_STYLE_COLOUR('',#3921);
#794=FILL_AREA_STYLE_COLOUR('',#3921);
#795=FILL_AREA_STYLE_COLOUR('',#3921);
#796=FILL_AREA_STYLE_COLOUR('',#3921);
#797=FILL_AREA_STYLE_COLOUR('',#3921);
#798=FILL_AREA_STYLE_COLOUR('',#3921);
#799=FILL_AREA_STYLE_COLOUR('',#3921);
#800=FILL_AREA_STYLE_COLOUR('',#3921);
#801=MANIFOLD_SOLID_BREP('',#802);
#802=CLOSED_SHELL('',(#1203,#1204,#1205,#1206,#1207,#1208,#1209,#1210,#1211,
#1212,#1213,#1214,#1215,#1216,#1217,#1218,#1219,#1220,#1221,#1222,#1223,
#1224,#1225,#1226,#1227,#1228,#1229,#1230,#1231,#1232,#1233,#1234,#1235,
#1236,#1237,#1238,#1239,#1240,#1241,#1242,#1243,#1244,#1245,#1246,#1247,
#1248,#1249,#1250,#1251,#1252,#1253,#1254,#1255,#1256,#1257,#1258,#1259,
#1260,#1261,#1262,#1263,#1264,#1265,#1266,#1267,#1268,#1269,#1270,#1271,
#1272,#1273,#1274,#1275,#1276,#1277,#1278,#1279,#1280,#1281,#1282,#1283,
#1284,#1285,#1286,#1287,#1288,#1289,#1290,#1291,#1292,#1293,#1294,#1295,
#1296,#1297,#1298,#1299,#1300,#1301,#1302,#1303,#1304,#1305,#1306,#1307,
#1308,#1309,#1310,#1311,#1312,#1313,#1314,#1315,#1316,#1317,#1318,#1319,
#1320,#1321,#1322,#1323,#1324,#1325,#1326,#1327,#1328,#1329,#1330,#1331,
#1332,#1333,#1334,#1335,#1336,#1337,#1338,#1339,#1340,#1341,#1342,#1343,
#1344,#1345,#1346,#1347,#1348,#1349,#1350,#1351,#1352,#1353,#1354,#1355,
#1356,#1357,#1358,#1359,#1360,#1361,#1362,#1363,#1364,#1365,#1366,#1367,
#1368,#1369,#1370,#1371,#1372,#1373,#1374,#1375,#1376,#1377,#1378,#1379,
#1380,#1381,#1382,#1383,#1384,#1385,#1386,#1387,#1388,#1389,#1390,#1391,
#1392,#1393,#1394,#1395,#1396,#1397,#1398,#1399,#1400,#1401,#1402,#1403,
#1404,#1405,#1406,#1407,#1408,#1409,#1410,#1411,#1412,#1413,#1414,#1415,
#1416,#1417,#1418,#1419,#1420,#1421,#1422,#1423,#1424,#1425,#1426,#1427,
#1428,#1429,#1430,#1431,#1432,#1433,#1434,#1435,#1436,#1437,#1438,#1439,
#1440,#1441,#1442,#1443,#1444,#1445,#1446,#1447,#1448,#1449,#1450,#1451,
#1452,#1453,#1454,#1455,#1456,#1457,#1458,#1459,#1460,#1461));
#803=(
BOUNDED_SURFACE()
B_SPLINE_SURFACE(2,2,((#9073,#9074,#9075,#9076,#9077),(#9078,#9079,#9080,
#9081,#9082),(#9083,#9084,#9085,#9086,#9087),(#9088,#9089,#9090,#9091,#9092),
(#9093,#9094,#9095,#9096,#9097)),.UNSPECIFIED.,.F.,.F.,.F.)
B_SPLINE_SURFACE_WITH_KNOTS((3,2,3),(3,2,3),(0.,0.5,1.),(0.,0.5,1.),
 .UNSPECIFIED.)
GEOMETRIC_REPRESENTATION_ITEM()
RATIONAL_B_SPLINE_SURFACE(((1.,0.883022221559488,0.883022221559488,0.883022221559488,
1.),(0.853553390593274,0.753706611181306,0.753706611181306,0.753706611181306,
0.853553390593274),(0.853553390593274,0.753706611181306,0.753706611181306,
0.753706611181306,0.853553390593274),(0.853553390593274,0.753706611181306,
0.753706611181306,0.753706611181306,0.853553390593274),(1.,0.883022221559488,
0.883022221559488,0.883022221559488,1.)))
REPRESENTATION_ITEM('')
SURFACE()
);
#804=(
BOUNDED_SURFACE()
B_SPLINE_SURFACE(2,2,((#9101,#9102,#9103,#9104,#9105),(#9106,#9107,#9108,
#9109,#9110),(#9111,#9112,#9113,#9114,#9115),(#9116,#9117,#9118,#9119,#9120),
(#9121,#9122,#9123,#9124,#9125)),.UNSPECIFIED.,.F.,.F.,.F.)
B_SPLINE_SURFACE_WITH_KNOTS((3,2,3),(3,2,3),(0.,0.5,1.),(0.,0.5,1.),
 .UNSPECIFIED.)
GEOMETRIC_REPRESENTATION_ITEM()
RATIONAL_B_SPLINE_SURFACE(((1.,0.821393804843263,0.821393804843263,0.821393804843263,
1.),(0.853553390593276,0.701103467136279,0.701103467136279,0.701103467136279,
0.853553390593276),(0.853553390593276,0.701103467136279,0.701103467136279,
0.701103467136279,0.853553390593276),(0.853553390593276,0.701103467136279,
0.701103467136279,0.701103467136279,0.853553390593276),(1.,0.821393804843263,
0.821393804843263,0.821393804843263,1.)))
REPRESENTATION_ITEM('')
SURFACE()
);
#805=(
BOUNDED_SURFACE()
B_SPLINE_SURFACE(2,2,((#9129,#9130,#9131,#9132,#9133),(#9134,#9135,#9136,
#9137,#9138),(#9139,#9140,#9141,#9142,#9143),(#9144,#9145,#9146,#9147,#9148),
(#9149,#9150,#9151,#9152,#9153)),.UNSPECIFIED.,.F.,.F.,.F.)
B_SPLINE_SURFACE_WITH_KNOTS((3,2,3),(3,2,3),(0.,0.5,1.),(0.,0.5,1.),
 .UNSPECIFIED.)
GEOMETRIC_REPRESENTATION_ITEM()
RATIONAL_B_SPLINE_SURFACE(((1.,0.821393804843269,0.821393804843269,0.821393804843269,
1.),(0.853553390593274,0.701103467136282,0.701103467136282,0.701103467136282,
0.853553390593274),(0.853553390593274,0.701103467136282,0.701103467136282,
0.701103467136282,0.853553390593274),(0.853553390593274,0.701103467136282,
0.701103467136282,0.701103467136282,0.853553390593274),(1.,0.821393804843269,
0.821393804843269,0.821393804843269,1.)))
REPRESENTATION_ITEM('')
SURFACE()
);
#806=(
BOUNDED_SURFACE()
B_SPLINE_SURFACE(2,2,((#9157,#9158,#9159,#9160,#9161),(#9162,#9163,#9164,
#9165,#9166),(#9167,#9168,#9169,#9170,#9171),(#9172,#9173,#9174,#9175,#9176),
(#9177,#9178,#9179,#9180,#9181)),.UNSPECIFIED.,.F.,.F.,.F.)
B_SPLINE_SURFACE_WITH_KNOTS((3,2,3),(3,2,3),(0.,0.5,1.),(0.,0.5,1.),
 .UNSPECIFIED.)
GEOMETRIC_REPRESENTATION_ITEM()
RATIONAL_B_SPLINE_SURFACE(((1.,0.883022221559489,0.883022221559489,0.883022221559489,
1.),(0.853553390593274,0.753706611181307,0.753706611181307,0.753706611181307,
0.853553390593274),(0.853553390593274,0.753706611181307,0.753706611181307,
0.753706611181307,0.853553390593274),(0.853553390593274,0.753706611181307,
0.753706611181307,0.753706611181307,0.853553390593274),(1.,0.883022221559489,
0.883022221559489,0.883022221559489,1.)))
REPRESENTATION_ITEM('')
SURFACE()
);
#807=CYLINDRICAL_SURFACE('',#6074,0.349999999999989);
#808=CYLINDRICAL_SURFACE('',#6078,0.349999999999991);
#809=CYLINDRICAL_SURFACE('',#6082,0.349999999999986);
#810=CYLINDRICAL_SURFACE('',#6086,0.349999999999986);
#811=CYLINDRICAL_SURFACE('',#6090,0.349999999999983);
#812=CYLINDRICAL_SURFACE('',#6094,0.349999999999989);
#813=CYLINDRICAL_SURFACE('',#6098,0.349999999999994);
#814=CYLINDRICAL_SURFACE('',#6102,0.349999999999989);
#815=CYLINDRICAL_SURFACE('',#6106,0.350000000000005);
#816=CYLINDRICAL_SURFACE('',#6110,0.349999999999989);
#817=CYLINDRICAL_SURFACE('',#6114,0.35);
#818=CYLINDRICAL_SURFACE('',#6118,0.349999999999989);
#819=CYLINDRICAL_SURFACE('',#6122,0.35);
#820=CYLINDRICAL_SURFACE('',#6126,0.349999999999978);
#821=CYLINDRICAL_SURFACE('',#6130,0.349999999999993);
#822=CYLINDRICAL_SURFACE('',#6134,0.349999999999987);
#823=CYLINDRICAL_SURFACE('',#6138,0.250000000000008);
#824=CYLINDRICAL_SURFACE('',#6145,0.699999999999961);
#825=CYLINDRICAL_SURFACE('',#6149,0.249999999999992);
#826=CYLINDRICAL_SURFACE('',#6153,0.699999999999947);
#827=CYLINDRICAL_SURFACE('',#6162,0.249999999999991);
#828=CYLINDRICAL_SURFACE('',#6169,0.699999999999977);
#829=CYLINDRICAL_SURFACE('',#6173,0.249999999999981);
#830=CYLINDRICAL_SURFACE('',#6177,0.699999999999948);
#831=CYLINDRICAL_SURFACE('',#6186,0.349999999999995);
#832=CYLINDRICAL_SURFACE('',#6190,0.349999999999992);
#833=CYLINDRICAL_SURFACE('',#6194,0.349999999999997);
#834=CYLINDRICAL_SURFACE('',#6198,0.349999999999997);
#835=CYLINDRICAL_SURFACE('',#6202,0.349999999999997);
#836=CYLINDRICAL_SURFACE('',#6206,0.349999999999997);
#837=CYLINDRICAL_SURFACE('',#6210,0.349999999999992);
#838=CYLINDRICAL_SURFACE('',#6214,0.349999999999992);
#839=CYLINDRICAL_SURFACE('',#6218,0.349999999999992);
#840=CYLINDRICAL_SURFACE('',#6222,0.349999999999986);
#841=CYLINDRICAL_SURFACE('',#6226,0.349999999999989);
#842=CYLINDRICAL_SURFACE('',#6230,0.349999999999989);
#843=CYLINDRICAL_SURFACE('',#6234,0.349999999999989);
#844=CYLINDRICAL_SURFACE('',#6238,0.349999999999995);
#845=CYLINDRICAL_SURFACE('',#6242,0.349999999999999);
#846=CYLINDRICAL_SURFACE('',#6246,0.349999999999999);
#847=CYLINDRICAL_SURFACE('',#6250,0.349999999999988);
#848=CYLINDRICAL_SURFACE('',#6254,0.349999999999999);
#849=CYLINDRICAL_SURFACE('',#6258,0.349999999999988);
#850=CYLINDRICAL_SURFACE('',#6262,0.349999999999999);
#851=CYLINDRICAL_SURFACE('',#6266,0.349999999999988);
#852=CYLINDRICAL_SURFACE('',#6270,0.349999999999999);
#853=CYLINDRICAL_SURFACE('',#6274,0.349999999999993);
#854=CYLINDRICAL_SURFACE('',#6278,0.349999999999999);
#855=CYLINDRICAL_SURFACE('',#6282,0.349999999999993);
#856=CYLINDRICAL_SURFACE('',#6286,0.349999999999996);
#857=CYLINDRICAL_SURFACE('',#6290,0.349999999999996);
#858=CYLINDRICAL_SURFACE('',#6294,0.349999999999993);
#859=CYLINDRICAL_SURFACE('',#6305,1.3);
#860=CYLINDRICAL_SURFACE('',#6318,1.3);
#861=CYLINDRICAL_SURFACE('',#6327,1.);
#862=CYLINDRICAL_SURFACE('',#6331,1.00000000000001);
#863=CYLINDRICAL_SURFACE('',#6336,1.);
#864=CYLINDRICAL_SURFACE('',#6339,1.);
#865=CYLINDRICAL_SURFACE('',#6347,2.62000000000001);
#866=CYLINDRICAL_SURFACE('',#6350,2.61999999999997);
#867=CYLINDRICAL_SURFACE('',#6353,2.61999999999996);
#868=CYLINDRICAL_SURFACE('',#6358,0.650000000000007);
#869=CYLINDRICAL_SURFACE('',#6362,0.650000000000003);
#870=CYLINDRICAL_SURFACE('',#6366,0.65);
#871=CYLINDRICAL_SURFACE('',#6370,0.650000000000012);
#872=CYLINDRICAL_SURFACE('',#6374,0.650000000000003);
#873=CYLINDRICAL_SURFACE('',#6378,0.650000000000003);
#874=CYLINDRICAL_SURFACE('',#6382,0.650000000000003);
#875=CYLINDRICAL_SURFACE('',#6386,0.650000000000003);
#876=CYLINDRICAL_SURFACE('',#6390,0.650000000000007);
#877=CYLINDRICAL_SURFACE('',#6394,0.650000000000007);
#878=CYLINDRICAL_SURFACE('',#6398,0.650000000000003);
#879=CYLINDRICAL_SURFACE('',#6402,0.650000000000003);
#880=CYLINDRICAL_SURFACE('',#6406,0.650000000000003);
#881=CYLINDRICAL_SURFACE('',#6410,0.649999999999994);
#882=CYLINDRICAL_SURFACE('',#6414,0.649999999999999);
#883=CYLINDRICAL_SURFACE('',#6418,0.650000000000005);
#884=CYLINDRICAL_SURFACE('',#6422,0.650000000000001);
#885=CYLINDRICAL_SURFACE('',#6426,0.650000000000019);
#886=CYLINDRICAL_SURFACE('',#6430,0.650000000000001);
#887=CYLINDRICAL_SURFACE('',#6434,0.650000000000001);
#888=CYLINDRICAL_SURFACE('',#6438,0.650000000000001);
#889=CYLINDRICAL_SURFACE('',#6442,0.650000000000005);
#890=CYLINDRICAL_SURFACE('',#6446,0.650000000000001);
#891=CYLINDRICAL_SURFACE('',#6450,0.650000000000001);
#892=CYLINDRICAL_SURFACE('',#6454,0.650000000000001);
#893=CYLINDRICAL_SURFACE('',#6458,0.649999999999996);
#894=CYLINDRICAL_SURFACE('',#6462,0.650000000000001);
#895=CYLINDRICAL_SURFACE('',#6466,0.65000000000001);
#896=CYLINDRICAL_SURFACE('',#6470,0.650000000000001);
#897=CYLINDRICAL_SURFACE('',#6474,0.650000000000003);
#898=CYLINDRICAL_SURFACE('',#6478,0.650000000000001);
#899=CYLINDRICAL_SURFACE('',#6482,0.649999999999999);
#900=CYLINDRICAL_SURFACE('',#6486,0.650000000000018);
#901=CYLINDRICAL_SURFACE('',#6490,0.650000000000008);
#902=CYLINDRICAL_SURFACE('',#6494,0.650000000000008);
#903=CYLINDRICAL_SURFACE('',#6498,0.650000000000008);
#904=CYLINDRICAL_SURFACE('',#6502,0.649999999999999);
#905=CYLINDRICAL_SURFACE('',#6506,0.650000000000004);
#906=CYLINDRICAL_SURFACE('',#6510,0.650000000000004);
#907=CYLINDRICAL_SURFACE('',#6514,0.650000000000004);
#908=CYLINDRICAL_SURFACE('',#6518,0.650000000000004);
#909=CYLINDRICAL_SURFACE('',#6522,0.650000000000004);
#910=CYLINDRICAL_SURFACE('',#6526,0.650000000000004);
#911=CYLINDRICAL_SURFACE('',#6530,0.649999999999997);
#912=CYLINDRICAL_SURFACE('',#6538,0.499999999999988);
#913=CYLINDRICAL_SURFACE('',#6541,0.50000000000001);
#914=CYLINDRICAL_SURFACE('',#6544,0.500000000000001);
#915=CYLINDRICAL_SURFACE('',#6547,0.499999999999992);
#916=CYLINDRICAL_SURFACE('',#6549,2.61999999999999);
#917=FACE_BOUND('',#1770,.T.);
#918=FACE_BOUND('',#1771,.T.);
#919=FACE_BOUND('',#1773,.T.);
#920=FACE_BOUND('',#1774,.T.);
#921=FACE_BOUND('',#1776,.T.);
#922=FACE_BOUND('',#1777,.T.);
#923=FACE_BOUND('',#1779,.T.);
#924=FACE_BOUND('',#1780,.T.);
#925=FACE_BOUND('',#1782,.T.);
#926=FACE_BOUND('',#1783,.T.);
#927=FACE_BOUND('',#1785,.T.);
#928=FACE_BOUND('',#1786,.T.);
#929=FACE_BOUND('',#1788,.T.);
#930=FACE_BOUND('',#1789,.T.);
#931=FACE_BOUND('',#1791,.T.);
#932=FACE_BOUND('',#1792,.T.);
#933=FACE_BOUND('',#1794,.T.);
#934=FACE_BOUND('',#1795,.T.);
#935=FACE_BOUND('',#1797,.T.);
#936=FACE_BOUND('',#1798,.T.);
#937=FACE_BOUND('',#1800,.T.);
#938=FACE_BOUND('',#1801,.T.);
#939=FACE_BOUND('',#1803,.T.);
#940=FACE_BOUND('',#1804,.T.);
#941=FACE_BOUND('',#1806,.T.);
#942=FACE_BOUND('',#1807,.T.);
#943=FACE_BOUND('',#1809,.T.);
#944=FACE_BOUND('',#1810,.T.);
#945=FACE_BOUND('',#1812,.T.);
#946=FACE_BOUND('',#1813,.T.);
#947=FACE_BOUND('',#1815,.T.);
#948=FACE_BOUND('',#1816,.T.);
#949=FACE_BOUND('',#1850,.T.);
#950=FACE_BOUND('',#1851,.T.);
#951=FACE_BOUND('',#1853,.T.);
#952=FACE_BOUND('',#1854,.T.);
#953=FACE_BOUND('',#1856,.T.);
#954=FACE_BOUND('',#1857,.T.);
#955=FACE_BOUND('',#1859,.T.);
#956=FACE_BOUND('',#1860,.T.);
#957=FACE_BOUND('',#1862,.T.);
#958=FACE_BOUND('',#1863,.T.);
#959=FACE_BOUND('',#1865,.T.);
#960=FACE_BOUND('',#1866,.T.);
#961=FACE_BOUND('',#1868,.T.);
#962=FACE_BOUND('',#1869,.T.);
#963=FACE_BOUND('',#1871,.T.);
#964=FACE_BOUND('',#1872,.T.);
#965=FACE_BOUND('',#1874,.T.);
#966=FACE_BOUND('',#1875,.T.);
#967=FACE_BOUND('',#1877,.T.);
#968=FACE_BOUND('',#1878,.T.);
#969=FACE_BOUND('',#1880,.T.);
#970=FACE_BOUND('',#1881,.T.);
#971=FACE_BOUND('',#1883,.T.);
#972=FACE_BOUND('',#1884,.T.);
#973=FACE_BOUND('',#1886,.T.);
#974=FACE_BOUND('',#1887,.T.);
#975=FACE_BOUND('',#1889,.T.);
#976=FACE_BOUND('',#1890,.T.);
#977=FACE_BOUND('',#1892,.T.);
#978=FACE_BOUND('',#1893,.T.);
#979=FACE_BOUND('',#1895,.T.);
#980=FACE_BOUND('',#1896,.T.);
#981=FACE_BOUND('',#1898,.T.);
#982=FACE_BOUND('',#1899,.T.);
#983=FACE_BOUND('',#1901,.T.);
#984=FACE_BOUND('',#1902,.T.);
#985=FACE_BOUND('',#1904,.T.);
#986=FACE_BOUND('',#1905,.T.);
#987=FACE_BOUND('',#1907,.T.);
#988=FACE_BOUND('',#1908,.T.);
#989=FACE_BOUND('',#1910,.T.);
#990=FACE_BOUND('',#1911,.T.);
#991=FACE_BOUND('',#1913,.T.);
#992=FACE_BOUND('',#1914,.T.);
#993=FACE_BOUND('',#1916,.T.);
#994=FACE_BOUND('',#1917,.T.);
#995=FACE_BOUND('',#1919,.T.);
#996=FACE_BOUND('',#1920,.T.);
#997=FACE_BOUND('',#1922,.T.);
#998=FACE_BOUND('',#1923,.T.);
#999=FACE_BOUND('',#1925,.T.);
#1000=FACE_BOUND('',#1926,.T.);
#1001=FACE_BOUND('',#1928,.T.);
#1002=FACE_BOUND('',#1929,.T.);
#1003=FACE_BOUND('',#1931,.T.);
#1004=FACE_BOUND('',#1932,.T.);
#1005=FACE_BOUND('',#1940,.T.);
#1006=FACE_BOUND('',#1941,.T.);
#1007=FACE_BOUND('',#1942,.T.);
#1008=FACE_BOUND('',#1943,.T.);
#1009=FACE_BOUND('',#1944,.T.);
#1010=FACE_BOUND('',#1945,.T.);
#1011=FACE_BOUND('',#1954,.T.);
#1012=FACE_BOUND('',#1955,.T.);
#1013=FACE_BOUND('',#1956,.T.);
#1014=FACE_BOUND('',#1957,.T.);
#1015=FACE_BOUND('',#1958,.T.);
#1016=FACE_BOUND('',#1959,.T.);
#1017=FACE_BOUND('',#1967,.T.);
#1018=FACE_BOUND('',#1968,.T.);
#1019=FACE_BOUND('',#1969,.T.);
#1020=FACE_BOUND('',#1970,.T.);
#1021=FACE_BOUND('',#1971,.T.);
#1022=FACE_BOUND('',#1972,.T.);
#1023=FACE_BOUND('',#1973,.T.);
#1024=FACE_BOUND('',#1974,.T.);
#1025=FACE_BOUND('',#1975,.T.);
#1026=FACE_BOUND('',#1976,.T.);
#1027=FACE_BOUND('',#1977,.T.);
#1028=FACE_BOUND('',#1978,.T.);
#1029=FACE_BOUND('',#1979,.T.);
#1030=FACE_BOUND('',#1980,.T.);
#1031=FACE_BOUND('',#1981,.T.);
#1032=FACE_BOUND('',#1982,.T.);
#1033=FACE_BOUND('',#1983,.T.);
#1034=FACE_BOUND('',#1984,.T.);
#1035=FACE_BOUND('',#1985,.T.);
#1036=FACE_BOUND('',#1986,.T.);
#1037=FACE_BOUND('',#1987,.T.);
#1038=FACE_BOUND('',#1988,.T.);
#1039=FACE_BOUND('',#1989,.T.);
#1040=FACE_BOUND('',#1990,.T.);
#1041=FACE_BOUND('',#1991,.T.);
#1042=FACE_BOUND('',#1992,.T.);
#1043=FACE_BOUND('',#1993,.T.);
#1044=FACE_BOUND('',#1994,.T.);
#1045=FACE_BOUND('',#1995,.T.);
#1046=FACE_BOUND('',#1996,.T.);
#1047=FACE_BOUND('',#1997,.T.);
#1048=FACE_BOUND('',#1998,.T.);
#1049=FACE_BOUND('',#1999,.T.);
#1050=FACE_BOUND('',#2000,.T.);
#1051=FACE_BOUND('',#2001,.T.);
#1052=FACE_BOUND('',#2002,.T.);
#1053=FACE_BOUND('',#2003,.T.);
#1054=FACE_BOUND('',#2004,.T.);
#1055=FACE_BOUND('',#2005,.T.);
#1056=FACE_BOUND('',#2006,.T.);
#1057=FACE_BOUND('',#2007,.T.);
#1058=FACE_BOUND('',#2008,.T.);
#1059=FACE_BOUND('',#2009,.T.);
#1060=FACE_BOUND('',#2010,.T.);
#1061=FACE_BOUND('',#2011,.T.);
#1062=FACE_BOUND('',#2012,.T.);
#1063=FACE_BOUND('',#2013,.T.);
#1064=FACE_BOUND('',#2014,.T.);
#1065=FACE_BOUND('',#2015,.T.);
#1066=FACE_BOUND('',#2020,.T.);
#1067=FACE_BOUND('',#2021,.T.);
#1068=FACE_BOUND('',#2022,.T.);
#1069=FACE_BOUND('',#2023,.T.);
#1070=FACE_BOUND('',#2032,.T.);
#1071=FACE_BOUND('',#2033,.T.);
#1072=FACE_BOUND('',#2035,.T.);
#1073=FACE_BOUND('',#2036,.T.);
#1074=FACE_BOUND('',#2038,.T.);
#1075=FACE_BOUND('',#2039,.T.);
#1076=FACE_BOUND('',#2041,.T.);
#1077=FACE_BOUND('',#2042,.T.);
#1078=FACE_BOUND('',#2044,.T.);
#1079=FACE_BOUND('',#2045,.T.);
#1080=FACE_BOUND('',#2047,.T.);
#1081=FACE_BOUND('',#2048,.T.);
#1082=FACE_BOUND('',#2050,.T.);
#1083=FACE_BOUND('',#2051,.T.);
#1084=FACE_BOUND('',#2053,.T.);
#1085=FACE_BOUND('',#2054,.T.);
#1086=FACE_BOUND('',#2056,.T.);
#1087=FACE_BOUND('',#2057,.T.);
#1088=FACE_BOUND('',#2059,.T.);
#1089=FACE_BOUND('',#2060,.T.);
#1090=FACE_BOUND('',#2062,.T.);
#1091=FACE_BOUND('',#2063,.T.);
#1092=FACE_BOUND('',#2065,.T.);
#1093=FACE_BOUND('',#2066,.T.);
#1094=FACE_BOUND('',#2068,.T.);
#1095=FACE_BOUND('',#2069,.T.);
#1096=FACE_BOUND('',#2071,.T.);
#1097=FACE_BOUND('',#2072,.T.);
#1098=FACE_BOUND('',#2074,.T.);
#1099=FACE_BOUND('',#2075,.T.);
#1100=FACE_BOUND('',#2077,.T.);
#1101=FACE_BOUND('',#2078,.T.);
#1102=FACE_BOUND('',#2080,.T.);
#1103=FACE_BOUND('',#2081,.T.);
#1104=FACE_BOUND('',#2083,.T.);
#1105=FACE_BOUND('',#2084,.T.);
#1106=FACE_BOUND('',#2086,.T.);
#1107=FACE_BOUND('',#2087,.T.);
#1108=FACE_BOUND('',#2089,.T.);
#1109=FACE_BOUND('',#2090,.T.);
#1110=FACE_BOUND('',#2092,.T.);
#1111=FACE_BOUND('',#2093,.T.);
#1112=FACE_BOUND('',#2095,.T.);
#1113=FACE_BOUND('',#2096,.T.);
#1114=FACE_BOUND('',#2098,.T.);
#1115=FACE_BOUND('',#2099,.T.);
#1116=FACE_BOUND('',#2101,.T.);
#1117=FACE_BOUND('',#2102,.T.);
#1118=FACE_BOUND('',#2104,.T.);
#1119=FACE_BOUND('',#2105,.T.);
#1120=FACE_BOUND('',#2107,.T.);
#1121=FACE_BOUND('',#2108,.T.);
#1122=FACE_BOUND('',#2110,.T.);
#1123=FACE_BOUND('',#2111,.T.);
#1124=FACE_BOUND('',#2113,.T.);
#1125=FACE_BOUND('',#2114,.T.);
#1126=FACE_BOUND('',#2116,.T.);
#1127=FACE_BOUND('',#2117,.T.);
#1128=FACE_BOUND('',#2119,.T.);
#1129=FACE_BOUND('',#2120,.T.);
#1130=FACE_BOUND('',#2122,.T.);
#1131=FACE_BOUND('',#2123,.T.);
#1132=FACE_BOUND('',#2125,.T.);
#1133=FACE_BOUND('',#2126,.T.);
#1134=FACE_BOUND('',#2128,.T.);
#1135=FACE_BOUND('',#2129,.T.);
#1136=FACE_BOUND('',#2131,.T.);
#1137=FACE_BOUND('',#2132,.T.);
#1138=FACE_BOUND('',#2134,.T.);
#1139=FACE_BOUND('',#2135,.T.);
#1140=FACE_BOUND('',#2137,.T.);
#1141=FACE_BOUND('',#2138,.T.);
#1142=FACE_BOUND('',#2140,.T.);
#1143=FACE_BOUND('',#2141,.T.);
#1144=FACE_BOUND('',#2143,.T.);
#1145=FACE_BOUND('',#2144,.T.);
#1146=FACE_BOUND('',#2146,.T.);
#1147=FACE_BOUND('',#2147,.T.);
#1148=FACE_BOUND('',#2149,.T.);
#1149=FACE_BOUND('',#2150,.T.);
#1150=FACE_BOUND('',#2152,.T.);
#1151=FACE_BOUND('',#2153,.T.);
#1152=FACE_BOUND('',#2155,.T.);
#1153=FACE_BOUND('',#2156,.T.);
#1154=FACE_BOUND('',#2158,.T.);
#1155=FACE_BOUND('',#2159,.T.);
#1156=FACE_BOUND('',#2161,.T.);
#1157=FACE_BOUND('',#2162,.T.);
#1158=FACE_BOUND('',#2163,.T.);
#1159=FACE_BOUND('',#2164,.T.);
#1160=FACE_BOUND('',#2165,.T.);
#1161=FACE_BOUND('',#2166,.T.);
#1162=FACE_BOUND('',#2167,.T.);
#1163=FACE_BOUND('',#2168,.T.);
#1164=FACE_BOUND('',#2169,.T.);
#1165=FACE_BOUND('',#2170,.T.);
#1166=FACE_BOUND('',#2171,.T.);
#1167=FACE_BOUND('',#2172,.T.);
#1168=FACE_BOUND('',#2173,.T.);
#1169=FACE_BOUND('',#2174,.T.);
#1170=FACE_BOUND('',#2175,.T.);
#1171=FACE_BOUND('',#2176,.T.);
#1172=FACE_BOUND('',#2177,.T.);
#1173=FACE_BOUND('',#2178,.T.);
#1174=FACE_BOUND('',#2179,.T.);
#1175=FACE_BOUND('',#2180,.T.);
#1176=FACE_BOUND('',#2181,.T.);
#1177=FACE_BOUND('',#2182,.T.);
#1178=FACE_BOUND('',#2183,.T.);
#1179=FACE_BOUND('',#2184,.T.);
#1180=FACE_BOUND('',#2185,.T.);
#1181=FACE_BOUND('',#2186,.T.);
#1182=FACE_BOUND('',#2187,.T.);
#1183=FACE_BOUND('',#2188,.T.);
#1184=FACE_BOUND('',#2189,.T.);
#1185=FACE_BOUND('',#2190,.T.);
#1186=FACE_BOUND('',#2191,.T.);
#1187=FACE_BOUND('',#2192,.T.);
#1188=FACE_BOUND('',#2193,.T.);
#1189=FACE_BOUND('',#2194,.T.);
#1190=FACE_BOUND('',#2195,.T.);
#1191=FACE_BOUND('',#2196,.T.);
#1192=FACE_BOUND('',#2197,.T.);
#1193=FACE_BOUND('',#2198,.T.);
#1194=FACE_BOUND('',#2199,.T.);
#1195=FACE_BOUND('',#2200,.T.);
#1196=FACE_BOUND('',#2201,.T.);
#1197=FACE_BOUND('',#2202,.T.);
#1198=FACE_BOUND('',#2203,.T.);
#1199=FACE_BOUND('',#2204,.T.);
#1200=FACE_BOUND('',#2205,.T.);
#1201=FACE_BOUND('',#2206,.T.);
#1202=FACE_BOUND('',#2207,.T.);
#1203=ADVANCED_FACE('',(#1607),#1462,.T.);
#1204=ADVANCED_FACE('',(#917,#918),#807,.T.);
#1205=ADVANCED_FACE('',(#1608),#1463,.T.);
#1206=ADVANCED_FACE('',(#919,#920),#808,.T.);
#1207=ADVANCED_FACE('',(#1609),#1464,.T.);
#1208=ADVANCED_FACE('',(#921,#922),#809,.T.);
#1209=ADVANCED_FACE('',(#1610),#1465,.T.);
#1210=ADVANCED_FACE('',(#923,#924),#810,.T.);
#1211=ADVANCED_FACE('',(#1611),#1466,.T.);
#1212=ADVANCED_FACE('',(#925,#926),#811,.T.);
#1213=ADVANCED_FACE('',(#1612),#1467,.T.);
#1214=ADVANCED_FACE('',(#927,#928),#812,.T.);
#1215=ADVANCED_FACE('',(#1613),#1468,.T.);
#1216=ADVANCED_FACE('',(#929,#930),#813,.T.);
#1217=ADVANCED_FACE('',(#1614),#1469,.T.);
#1218=ADVANCED_FACE('',(#931,#932),#814,.T.);
#1219=ADVANCED_FACE('',(#1615),#1470,.T.);
#1220=ADVANCED_FACE('',(#933,#934),#815,.T.);
#1221=ADVANCED_FACE('',(#1616),#1471,.T.);
#1222=ADVANCED_FACE('',(#935,#936),#816,.T.);
#1223=ADVANCED_FACE('',(#1617),#1472,.T.);
#1224=ADVANCED_FACE('',(#937,#938),#817,.T.);
#1225=ADVANCED_FACE('',(#1618),#1473,.T.);
#1226=ADVANCED_FACE('',(#939,#940),#818,.T.);
#1227=ADVANCED_FACE('',(#1619),#1474,.T.);
#1228=ADVANCED_FACE('',(#941,#942),#819,.T.);
#1229=ADVANCED_FACE('',(#1620),#1475,.T.);
#1230=ADVANCED_FACE('',(#943,#944),#820,.T.);
#1231=ADVANCED_FACE('',(#1621),#1476,.T.);
#1232=ADVANCED_FACE('',(#945,#946),#821,.T.);
#1233=ADVANCED_FACE('',(#1622),#1477,.T.);
#1234=ADVANCED_FACE('',(#947,#948),#822,.T.);
#1235=ADVANCED_FACE('',(#1623),#1478,.T.);
#1236=ADVANCED_FACE('',(#1624),#823,.T.);
#1237=ADVANCED_FACE('',(#1625),#1479,.T.);
#1238=ADVANCED_FACE('',(#1626),#1480,.T.);
#1239=ADVANCED_FACE('',(#1627),#1481,.T.);
#1240=ADVANCED_FACE('',(#1628),#1482,.T.);
#1241=ADVANCED_FACE('',(#1629),#824,.T.);
#1242=ADVANCED_FACE('',(#1630),#1483,.T.);
#1243=ADVANCED_FACE('',(#1631),#825,.T.);
#1244=ADVANCED_FACE('',(#1632),#1484,.T.);
#1245=ADVANCED_FACE('',(#1633),#826,.T.);
#1246=ADVANCED_FACE('',(#1634),#1485,.T.);
#1247=ADVANCED_FACE('',(#1635),#1486,.T.);
#1248=ADVANCED_FACE('',(#1636),#1487,.T.);
#1249=ADVANCED_FACE('',(#1637),#1488,.T.);
#1250=ADVANCED_FACE('',(#1638),#1489,.T.);
#1251=ADVANCED_FACE('',(#1639),#1490,.T.);
#1252=ADVANCED_FACE('',(#1640),#827,.T.);
#1253=ADVANCED_FACE('',(#1641),#1491,.T.);
#1254=ADVANCED_FACE('',(#1642),#1492,.T.);
#1255=ADVANCED_FACE('',(#1643),#1493,.T.);
#1256=ADVANCED_FACE('',(#1644),#1494,.T.);
#1257=ADVANCED_FACE('',(#1645),#828,.T.);
#1258=ADVANCED_FACE('',(#1646),#1495,.T.);
#1259=ADVANCED_FACE('',(#1647),#829,.T.);
#1260=ADVANCED_FACE('',(#1648),#1496,.T.);
#1261=ADVANCED_FACE('',(#1649),#830,.T.);
#1262=ADVANCED_FACE('',(#1650),#1497,.T.);
#1263=ADVANCED_FACE('',(#1651),#1498,.T.);
#1264=ADVANCED_FACE('',(#1652),#1499,.T.);
#1265=ADVANCED_FACE('',(#1653),#1500,.T.);
#1266=ADVANCED_FACE('',(#1654),#1501,.T.);
#1267=ADVANCED_FACE('',(#1655),#1502,.T.);
#1268=ADVANCED_FACE('',(#949,#950),#831,.T.);
#1269=ADVANCED_FACE('',(#1656),#1503,.T.);
#1270=ADVANCED_FACE('',(#951,#952),#832,.T.);
#1271=ADVANCED_FACE('',(#1657),#1504,.T.);
#1272=ADVANCED_FACE('',(#953,#954),#833,.T.);
#1273=ADVANCED_FACE('',(#1658),#1505,.T.);
#1274=ADVANCED_FACE('',(#955,#956),#834,.T.);
#1275=ADVANCED_FACE('',(#1659),#1506,.T.);
#1276=ADVANCED_FACE('',(#957,#958),#835,.T.);
#1277=ADVANCED_FACE('',(#1660),#1507,.T.);
#1278=ADVANCED_FACE('',(#959,#960),#836,.T.);
#1279=ADVANCED_FACE('',(#1661),#1508,.T.);
#1280=ADVANCED_FACE('',(#961,#962),#837,.T.);
#1281=ADVANCED_FACE('',(#1662),#1509,.T.);
#1282=ADVANCED_FACE('',(#963,#964),#838,.T.);
#1283=ADVANCED_FACE('',(#1663),#1510,.T.);
#1284=ADVANCED_FACE('',(#965,#966),#839,.T.);
#1285=ADVANCED_FACE('',(#1664),#1511,.T.);
#1286=ADVANCED_FACE('',(#967,#968),#840,.T.);
#1287=ADVANCED_FACE('',(#1665),#1512,.T.);
#1288=ADVANCED_FACE('',(#969,#970),#841,.T.);
#1289=ADVANCED_FACE('',(#1666),#1513,.T.);
#1290=ADVANCED_FACE('',(#971,#972),#842,.T.);
#1291=ADVANCED_FACE('',(#1667),#1514,.T.);
#1292=ADVANCED_FACE('',(#973,#974),#843,.T.);
#1293=ADVANCED_FACE('',(#1668),#1515,.T.);
#1294=ADVANCED_FACE('',(#975,#976),#844,.T.);
#1295=ADVANCED_FACE('',(#1669),#1516,.T.);
#1296=ADVANCED_FACE('',(#977,#978),#845,.T.);
#1297=ADVANCED_FACE('',(#1670),#1517,.T.);
#1298=ADVANCED_FACE('',(#979,#980),#846,.T.);
#1299=ADVANCED_FACE('',(#1671),#1518,.T.);
#1300=ADVANCED_FACE('',(#981,#982),#847,.T.);
#1301=ADVANCED_FACE('',(#1672),#1519,.T.);
#1302=ADVANCED_FACE('',(#983,#984),#848,.T.);
#1303=ADVANCED_FACE('',(#1673),#1520,.T.);
#1304=ADVANCED_FACE('',(#985,#986),#849,.T.);
#1305=ADVANCED_FACE('',(#1674),#1521,.T.);
#1306=ADVANCED_FACE('',(#987,#988),#850,.T.);
#1307=ADVANCED_FACE('',(#1675),#1522,.T.);
#1308=ADVANCED_FACE('',(#989,#990),#851,.T.);
#1309=ADVANCED_FACE('',(#1676),#1523,.T.);
#1310=ADVANCED_FACE('',(#991,#992),#852,.T.);
#1311=ADVANCED_FACE('',(#1677),#1524,.T.);
#1312=ADVANCED_FACE('',(#993,#994),#853,.T.);
#1313=ADVANCED_FACE('',(#1678),#1525,.T.);
#1314=ADVANCED_FACE('',(#995,#996),#854,.T.);
#1315=ADVANCED_FACE('',(#1679),#1526,.T.);
#1316=ADVANCED_FACE('',(#997,#998),#855,.T.);
#1317=ADVANCED_FACE('',(#1680),#1527,.T.);
#1318=ADVANCED_FACE('',(#999,#1000),#856,.T.);
#1319=ADVANCED_FACE('',(#1681),#1528,.T.);
#1320=ADVANCED_FACE('',(#1001,#1002),#857,.T.);
#1321=ADVANCED_FACE('',(#1682),#1529,.T.);
#1322=ADVANCED_FACE('',(#1003,#1004),#858,.T.);
#1323=ADVANCED_FACE('',(#1683),#1530,.T.);
#1324=ADVANCED_FACE('',(#1684),#1531,.T.);
#1325=ADVANCED_FACE('',(#1685),#1532,.T.);
#1326=ADVANCED_FACE('',(#1686),#1533,.T.);
#1327=ADVANCED_FACE('',(#1687),#1534,.T.);
#1328=ADVANCED_FACE('',(#1688),#1535,.T.);
#1329=ADVANCED_FACE('',(#1689),#1536,.T.);
#1330=ADVANCED_FACE('',(#1005,#1006),#1537,.F.);
#1331=ADVANCED_FACE('',(#1007,#1008),#859,.F.);
#1332=ADVANCED_FACE('',(#1009,#1010),#1538,.T.);
#1333=ADVANCED_FACE('',(#1690),#1539,.T.);
#1334=ADVANCED_FACE('',(#1691),#1540,.T.);
#1335=ADVANCED_FACE('',(#1692),#1541,.T.);
#1336=ADVANCED_FACE('',(#1693),#1542,.T.);
#1337=ADVANCED_FACE('',(#1694),#1543,.T.);
#1338=ADVANCED_FACE('',(#1695),#1544,.T.);
#1339=ADVANCED_FACE('',(#1696),#1545,.T.);
#1340=ADVANCED_FACE('',(#1697),#1546,.T.);
#1341=ADVANCED_FACE('',(#1011,#1012),#1547,.F.);
#1342=ADVANCED_FACE('',(#1013,#1014),#860,.F.);
#1343=ADVANCED_FACE('',(#1015,#1016),#1548,.T.);
#1344=ADVANCED_FACE('',(#1698),#1549,.T.);
#1345=ADVANCED_FACE('',(#1699),#1550,.T.);
#1346=ADVANCED_FACE('',(#1700),#1551,.T.);
#1347=ADVANCED_FACE('',(#1701),#1552,.T.);
#1348=ADVANCED_FACE('',(#1702),#861,.T.);
#1349=ADVANCED_FACE('',(#1703),#1553,.T.);
#1350=ADVANCED_FACE('',(#1704),#862,.T.);
#1351=ADVANCED_FACE('',(#1017,#1018,#1019,#1020,#1021,#1022,#1023,#1024,
#1025,#1026,#1027,#1028,#1029,#1030,#1031,#1032,#1033,#1034,#1035,#1036,
#1037,#1038,#1039,#1040,#1041,#1042,#1043,#1044,#1045,#1046,#1047,#1048,
#1049,#1050,#1051,#1052,#1053,#1054,#1055,#1056,#1057,#1058,#1059,#1060,
#1061,#1062,#1063,#1064,#1065),#1554,.T.);
#1352=ADVANCED_FACE('',(#1705),#1555,.T.);
#1353=ADVANCED_FACE('',(#1706),#863,.T.);
#1354=ADVANCED_FACE('',(#1707),#1556,.T.);
#1355=ADVANCED_FACE('',(#1708),#864,.T.);
#1356=ADVANCED_FACE('',(#1066,#1067,#1068,#1069),#1557,.T.);
#1357=ADVANCED_FACE('',(#1709),#1558,.T.);
#1358=ADVANCED_FACE('',(#1710),#865,.T.);
#1359=ADVANCED_FACE('',(#1711),#1559,.T.);
#1360=ADVANCED_FACE('',(#1712),#866,.T.);
#1361=ADVANCED_FACE('',(#1713),#1560,.T.);
#1362=ADVANCED_FACE('',(#1714),#867,.T.);
#1363=ADVANCED_FACE('',(#1715),#1561,.T.);
#1364=ADVANCED_FACE('',(#1716),#1562,.F.);
#1365=ADVANCED_FACE('',(#1070,#1071),#868,.F.);
#1366=ADVANCED_FACE('',(#1717),#1563,.F.);
#1367=ADVANCED_FACE('',(#1072,#1073),#869,.F.);
#1368=ADVANCED_FACE('',(#1718),#1564,.F.);
#1369=ADVANCED_FACE('',(#1074,#1075),#870,.F.);
#1370=ADVANCED_FACE('',(#1719),#1565,.F.);
#1371=ADVANCED_FACE('',(#1076,#1077),#871,.F.);
#1372=ADVANCED_FACE('',(#1720),#1566,.F.);
#1373=ADVANCED_FACE('',(#1078,#1079),#872,.F.);
#1374=ADVANCED_FACE('',(#1721),#1567,.F.);
#1375=ADVANCED_FACE('',(#1080,#1081),#873,.F.);
#1376=ADVANCED_FACE('',(#1722),#1568,.F.);
#1377=ADVANCED_FACE('',(#1082,#1083),#874,.F.);
#1378=ADVANCED_FACE('',(#1723),#1569,.F.);
#1379=ADVANCED_FACE('',(#1084,#1085),#875,.F.);
#1380=ADVANCED_FACE('',(#1724),#1570,.F.);
#1381=ADVANCED_FACE('',(#1086,#1087),#876,.F.);
#1382=ADVANCED_FACE('',(#1725),#1571,.F.);
#1383=ADVANCED_FACE('',(#1088,#1089),#877,.F.);
#1384=ADVANCED_FACE('',(#1726),#1572,.F.);
#1385=ADVANCED_FACE('',(#1090,#1091),#878,.F.);
#1386=ADVANCED_FACE('',(#1727),#1573,.F.);
#1387=ADVANCED_FACE('',(#1092,#1093),#879,.F.);
#1388=ADVANCED_FACE('',(#1728),#1574,.F.);
#1389=ADVANCED_FACE('',(#1094,#1095),#880,.F.);
#1390=ADVANCED_FACE('',(#1729),#1575,.F.);
#1391=ADVANCED_FACE('',(#1096,#1097),#881,.F.);
#1392=ADVANCED_FACE('',(#1730),#1576,.F.);
#1393=ADVANCED_FACE('',(#1098,#1099),#882,.F.);
#1394=ADVANCED_FACE('',(#1731),#1577,.F.);
#1395=ADVANCED_FACE('',(#1100,#1101),#883,.F.);
#1396=ADVANCED_FACE('',(#1732),#1578,.F.);
#1397=ADVANCED_FACE('',(#1102,#1103),#884,.F.);
#1398=ADVANCED_FACE('',(#1733),#1579,.F.);
#1399=ADVANCED_FACE('',(#1104,#1105),#885,.F.);
#1400=ADVANCED_FACE('',(#1734),#1580,.F.);
#1401=ADVANCED_FACE('',(#1106,#1107),#886,.F.);
#1402=ADVANCED_FACE('',(#1735),#1581,.F.);
#1403=ADVANCED_FACE('',(#1108,#1109),#887,.F.);
#1404=ADVANCED_FACE('',(#1736),#1582,.F.);
#1405=ADVANCED_FACE('',(#1110,#1111),#888,.F.);
#1406=ADVANCED_FACE('',(#1737),#1583,.F.);
#1407=ADVANCED_FACE('',(#1112,#1113),#889,.F.);
#1408=ADVANCED_FACE('',(#1738),#1584,.F.);
#1409=ADVANCED_FACE('',(#1114,#1115),#890,.F.);
#1410=ADVANCED_FACE('',(#1739),#1585,.F.);
#1411=ADVANCED_FACE('',(#1116,#1117),#891,.F.);
#1412=ADVANCED_FACE('',(#1740),#1586,.F.);
#1413=ADVANCED_FACE('',(#1118,#1119),#892,.F.);
#1414=ADVANCED_FACE('',(#1741),#1587,.F.);
#1415=ADVANCED_FACE('',(#1120,#1121),#893,.F.);
#1416=ADVANCED_FACE('',(#1742),#1588,.F.);
#1417=ADVANCED_FACE('',(#1122,#1123),#894,.F.);
#1418=ADVANCED_FACE('',(#1743),#1589,.F.);
#1419=ADVANCED_FACE('',(#1124,#1125),#895,.F.);
#1420=ADVANCED_FACE('',(#1744),#1590,.F.);
#1421=ADVANCED_FACE('',(#1126,#1127),#896,.F.);
#1422=ADVANCED_FACE('',(#1745),#1591,.F.);
#1423=ADVANCED_FACE('',(#1128,#1129),#897,.F.);
#1424=ADVANCED_FACE('',(#1746),#1592,.F.);
#1425=ADVANCED_FACE('',(#1130,#1131),#898,.F.);
#1426=ADVANCED_FACE('',(#1747),#1593,.F.);
#1427=ADVANCED_FACE('',(#1132,#1133),#899,.F.);
#1428=ADVANCED_FACE('',(#1748),#1594,.F.);
#1429=ADVANCED_FACE('',(#1134,#1135),#900,.F.);
#1430=ADVANCED_FACE('',(#1749),#1595,.F.);
#1431=ADVANCED_FACE('',(#1136,#1137),#901,.F.);
#1432=ADVANCED_FACE('',(#1750),#1596,.F.);
#1433=ADVANCED_FACE('',(#1138,#1139),#902,.F.);
#1434=ADVANCED_FACE('',(#1751),#1597,.F.);
#1435=ADVANCED_FACE('',(#1140,#1141),#903,.F.);
#1436=ADVANCED_FACE('',(#1752),#1598,.F.);
#1437=ADVANCED_FACE('',(#1142,#1143),#904,.F.);
#1438=ADVANCED_FACE('',(#1753),#1599,.F.);
#1439=ADVANCED_FACE('',(#1144,#1145),#905,.F.);
#1440=ADVANCED_FACE('',(#1754),#1600,.F.);
#1441=ADVANCED_FACE('',(#1146,#1147),#906,.F.);
#1442=ADVANCED_FACE('',(#1755),#1601,.F.);
#1443=ADVANCED_FACE('',(#1148,#1149),#907,.F.);
#1444=ADVANCED_FACE('',(#1756),#1602,.F.);
#1445=ADVANCED_FACE('',(#1150,#1151),#908,.F.);
#1446=ADVANCED_FACE('',(#1757),#1603,.F.);
#1447=ADVANCED_FACE('',(#1152,#1153),#909,.F.);
#1448=ADVANCED_FACE('',(#1758),#1604,.F.);
#1449=ADVANCED_FACE('',(#1154,#1155),#910,.F.);
#1450=ADVANCED_FACE('',(#1759),#1605,.F.);
#1451=ADVANCED_FACE('',(#1156,#1157),#911,.F.);
#1452=ADVANCED_FACE('',(#1158,#1159,#1160,#1161,#1162,#1163,#1164,#1165,
#1166,#1167,#1168,#1169,#1170,#1171,#1172,#1173,#1174,#1175,#1176,#1177,
#1178,#1179,#1180,#1181,#1182,#1183,#1184,#1185,#1186,#1187,#1188,#1189,
#1190,#1191,#1192,#1193,#1194,#1195,#1196,#1197,#1198,#1199,#1200,#1201,
#1202),#1606,.F.);
#1453=ADVANCED_FACE('',(#1760),#912,.T.);
#1454=ADVANCED_FACE('',(#1761),#803,.T.);
#1455=ADVANCED_FACE('',(#1762),#913,.T.);
#1456=ADVANCED_FACE('',(#1763),#804,.T.);
#1457=ADVANCED_FACE('',(#1764),#914,.T.);
#1458=ADVANCED_FACE('',(#1765),#805,.T.);
#1459=ADVANCED_FACE('',(#1766),#915,.T.);
#1460=ADVANCED_FACE('',(#1767),#806,.T.);
#1461=ADVANCED_FACE('',(#1768),#916,.T.);
#1462=PLANE('',#6072);
#1463=PLANE('',#6076);
#1464=PLANE('',#6080);
#1465=PLANE('',#6084);
#1466=PLANE('',#6088);
#1467=PLANE('',#6092);
#1468=PLANE('',#6096);
#1469=PLANE('',#6100);
#1470=PLANE('',#6104);
#1471=PLANE('',#6108);
#1472=PLANE('',#6112);
#1473=PLANE('',#6116);
#1474=PLANE('',#6120);
#1475=PLANE('',#6124);
#1476=PLANE('',#6128);
#1477=PLANE('',#6132);
#1478=PLANE('',#6135);
#1479=PLANE('',#6139);
#1480=PLANE('',#6141);
#1481=PLANE('',#6142);
#1482=PLANE('',#6143);
#1483=PLANE('',#6146);
#1484=PLANE('',#6150);
#1485=PLANE('',#6154);
#1486=PLANE('',#6155);
#1487=PLANE('',#6156);
#1488=PLANE('',#6157);
#1489=PLANE('',#6158);
#1490=PLANE('',#6159);
#1491=PLANE('',#6163);
#1492=PLANE('',#6165);
#1493=PLANE('',#6166);
#1494=PLANE('',#6167);
#1495=PLANE('',#6170);
#1496=PLANE('',#6174);
#1497=PLANE('',#6178);
#1498=PLANE('',#6179);
#1499=PLANE('',#6180);
#1500=PLANE('',#6181);
#1501=PLANE('',#6182);
#1502=PLANE('',#6184);
#1503=PLANE('',#6188);
#1504=PLANE('',#6192);
#1505=PLANE('',#6196);
#1506=PLANE('',#6200);
#1507=PLANE('',#6204);
#1508=PLANE('',#6208);
#1509=PLANE('',#6212);
#1510=PLANE('',#6216);
#1511=PLANE('',#6220);
#1512=PLANE('',#6224);
#1513=PLANE('',#6228);
#1514=PLANE('',#6232);
#1515=PLANE('',#6236);
#1516=PLANE('',#6240);
#1517=PLANE('',#6244);
#1518=PLANE('',#6248);
#1519=PLANE('',#6252);
#1520=PLANE('',#6256);
#1521=PLANE('',#6260);
#1522=PLANE('',#6264);
#1523=PLANE('',#6268);
#1524=PLANE('',#6272);
#1525=PLANE('',#6276);
#1526=PLANE('',#6280);
#1527=PLANE('',#6284);
#1528=PLANE('',#6288);
#1529=PLANE('',#6292);
#1530=PLANE('',#6295);
#1531=PLANE('',#6296);
#1532=PLANE('',#6297);
#1533=PLANE('',#6298);
#1534=PLANE('',#6299);
#1535=PLANE('',#6300);
#1536=PLANE('',#6301);
#1537=PLANE('',#6303);
#1538=PLANE('',#6306);
#1539=PLANE('',#6307);
#1540=PLANE('',#6308);
#1541=PLANE('',#6309);
#1542=PLANE('',#6310);
#1543=PLANE('',#6311);
#1544=PLANE('',#6312);
#1545=PLANE('',#6313);
#1546=PLANE('',#6314);
#1547=PLANE('',#6316);
#1548=PLANE('',#6319);
#1549=PLANE('',#6320);
#1550=PLANE('',#6321);
#1551=PLANE('',#6322);
#1552=PLANE('',#6325);
#1553=PLANE('',#6328);
#1554=PLANE('',#6332);
#1555=PLANE('',#6334);
#1556=PLANE('',#6337);
#1557=PLANE('',#6344);
#1558=PLANE('',#6345);
#1559=PLANE('',#6348);
#1560=PLANE('',#6351);
#1561=PLANE('',#6354);
#1562=PLANE('',#6356);
#1563=PLANE('',#6360);
#1564=PLANE('',#6364);
#1565=PLANE('',#6368);
#1566=PLANE('',#6372);
#1567=PLANE('',#6376);
#1568=PLANE('',#6380);
#1569=PLANE('',#6384);
#1570=PLANE('',#6388);
#1571=PLANE('',#6392);
#1572=PLANE('',#6396);
#1573=PLANE('',#6400);
#1574=PLANE('',#6404);
#1575=PLANE('',#6408);
#1576=PLANE('',#6412);
#1577=PLANE('',#6416);
#1578=PLANE('',#6420);
#1579=PLANE('',#6424);
#1580=PLANE('',#6428);
#1581=PLANE('',#6432);
#1582=PLANE('',#6436);
#1583=PLANE('',#6440);
#1584=PLANE('',#6444);
#1585=PLANE('',#6448);
#1586=PLANE('',#6452);
#1587=PLANE('',#6456);
#1588=PLANE('',#6460);
#1589=PLANE('',#6464);
#1590=PLANE('',#6468);
#1591=PLANE('',#6472);
#1592=PLANE('',#6476);
#1593=PLANE('',#6480);
#1594=PLANE('',#6484);
#1595=PLANE('',#6488);
#1596=PLANE('',#6492);
#1597=PLANE('',#6496);
#1598=PLANE('',#6500);
#1599=PLANE('',#6504);
#1600=PLANE('',#6508);
#1601=PLANE('',#6512);
#1602=PLANE('',#6516);
#1603=PLANE('',#6520);
#1604=PLANE('',#6524);
#1605=PLANE('',#6528);
#1606=PLANE('',#6535);
#1607=FACE_OUTER_BOUND('',#1769,.T.);
#1608=FACE_OUTER_BOUND('',#1772,.T.);
#1609=FACE_OUTER_BOUND('',#1775,.T.);
#1610=FACE_OUTER_BOUND('',#1778,.T.);
#1611=FACE_OUTER_BOUND('',#1781,.T.);
#1612=FACE_OUTER_BOUND('',#1784,.T.);
#1613=FACE_OUTER_BOUND('',#1787,.T.);
#1614=FACE_OUTER_BOUND('',#1790,.T.);
#1615=FACE_OUTER_BOUND('',#1793,.T.);
#1616=FACE_OUTER_BOUND('',#1796,.T.);
#1617=FACE_OUTER_BOUND('',#1799,.T.);
#1618=FACE_OUTER_BOUND('',#1802,.T.);
#1619=FACE_OUTER_BOUND('',#1805,.T.);
#1620=FACE_OUTER_BOUND('',#1808,.T.);
#1621=FACE_OUTER_BOUND('',#1811,.T.);
#1622=FACE_OUTER_BOUND('',#1814,.T.);
#1623=FACE_OUTER_BOUND('',#1817,.T.);
#1624=FACE_OUTER_BOUND('',#1818,.T.);
#1625=FACE_OUTER_BOUND('',#1819,.T.);
#1626=FACE_OUTER_BOUND('',#1820,.T.);
#1627=FACE_OUTER_BOUND('',#1821,.T.);
#1628=FACE_OUTER_BOUND('',#1822,.T.);
#1629=FACE_OUTER_BOUND('',#1823,.T.);
#1630=FACE_OUTER_BOUND('',#1824,.T.);
#1631=FACE_OUTER_BOUND('',#1825,.T.);
#1632=FACE_OUTER_BOUND('',#1826,.T.);
#1633=FACE_OUTER_BOUND('',#1827,.T.);
#1634=FACE_OUTER_BOUND('',#1828,.T.);
#1635=FACE_OUTER_BOUND('',#1829,.T.);
#1636=FACE_OUTER_BOUND('',#1830,.T.);
#1637=FACE_OUTER_BOUND('',#1831,.T.);
#1638=FACE_OUTER_BOUND('',#1832,.T.);
#1639=FACE_OUTER_BOUND('',#1833,.T.);
#1640=FACE_OUTER_BOUND('',#1834,.T.);
#1641=FACE_OUTER_BOUND('',#1835,.T.);
#1642=FACE_OUTER_BOUND('',#1836,.T.);
#1643=FACE_OUTER_BOUND('',#1837,.T.);
#1644=FACE_OUTER_BOUND('',#1838,.T.);
#1645=FACE_OUTER_BOUND('',#1839,.T.);
#1646=FACE_OUTER_BOUND('',#1840,.T.);
#1647=FACE_OUTER_BOUND('',#1841,.T.);
#1648=FACE_OUTER_BOUND('',#1842,.T.);
#1649=FACE_OUTER_BOUND('',#1843,.T.);
#1650=FACE_OUTER_BOUND('',#1844,.T.);
#1651=FACE_OUTER_BOUND('',#1845,.T.);
#1652=FACE_OUTER_BOUND('',#1846,.T.);
#1653=FACE_OUTER_BOUND('',#1847,.T.);
#1654=FACE_OUTER_BOUND('',#1848,.T.);
#1655=FACE_OUTER_BOUND('',#1849,.T.);
#1656=FACE_OUTER_BOUND('',#1852,.T.);
#1657=FACE_OUTER_BOUND('',#1855,.T.);
#1658=FACE_OUTER_BOUND('',#1858,.T.);
#1659=FACE_OUTER_BOUND('',#1861,.T.);
#1660=FACE_OUTER_BOUND('',#1864,.T.);
#1661=FACE_OUTER_BOUND('',#1867,.T.);
#1662=FACE_OUTER_BOUND('',#1870,.T.);
#1663=FACE_OUTER_BOUND('',#1873,.T.);
#1664=FACE_OUTER_BOUND('',#1876,.T.);
#1665=FACE_OUTER_BOUND('',#1879,.T.);
#1666=FACE_OUTER_BOUND('',#1882,.T.);
#1667=FACE_OUTER_BOUND('',#1885,.T.);
#1668=FACE_OUTER_BOUND('',#1888,.T.);
#1669=FACE_OUTER_BOUND('',#1891,.T.);
#1670=FACE_OUTER_BOUND('',#1894,.T.);
#1671=FACE_OUTER_BOUND('',#1897,.T.);
#1672=FACE_OUTER_BOUND('',#1900,.T.);
#1673=FACE_OUTER_BOUND('',#1903,.T.);
#1674=FACE_OUTER_BOUND('',#1906,.T.);
#1675=FACE_OUTER_BOUND('',#1909,.T.);
#1676=FACE_OUTER_BOUND('',#1912,.T.);
#1677=FACE_OUTER_BOUND('',#1915,.T.);
#1678=FACE_OUTER_BOUND('',#1918,.T.);
#1679=FACE_OUTER_BOUND('',#1921,.T.);
#1680=FACE_OUTER_BOUND('',#1924,.T.);
#1681=FACE_OUTER_BOUND('',#1927,.T.);
#1682=FACE_OUTER_BOUND('',#1930,.T.);
#1683=FACE_OUTER_BOUND('',#1933,.T.);
#1684=FACE_OUTER_BOUND('',#1934,.T.);
#1685=FACE_OUTER_BOUND('',#1935,.T.);
#1686=FACE_OUTER_BOUND('',#1936,.T.);
#1687=FACE_OUTER_BOUND('',#1937,.T.);
#1688=FACE_OUTER_BOUND('',#1938,.T.);
#1689=FACE_OUTER_BOUND('',#1939,.T.);
#1690=FACE_OUTER_BOUND('',#1946,.T.);
#1691=FACE_OUTER_BOUND('',#1947,.T.);
#1692=FACE_OUTER_BOUND('',#1948,.T.);
#1693=FACE_OUTER_BOUND('',#1949,.T.);
#1694=FACE_OUTER_BOUND('',#1950,.T.);
#1695=FACE_OUTER_BOUND('',#1951,.T.);
#1696=FACE_OUTER_BOUND('',#1952,.T.);
#1697=FACE_OUTER_BOUND('',#1953,.T.);
#1698=FACE_OUTER_BOUND('',#1960,.T.);
#1699=FACE_OUTER_BOUND('',#1961,.T.);
#1700=FACE_OUTER_BOUND('',#1962,.T.);
#1701=FACE_OUTER_BOUND('',#1963,.T.);
#1702=FACE_OUTER_BOUND('',#1964,.T.);
#1703=FACE_OUTER_BOUND('',#1965,.T.);
#1704=FACE_OUTER_BOUND('',#1966,.T.);
#1705=FACE_OUTER_BOUND('',#2016,.T.);
#1706=FACE_OUTER_BOUND('',#2017,.T.);
#1707=FACE_OUTER_BOUND('',#2018,.T.);
#1708=FACE_OUTER_BOUND('',#2019,.T.);
#1709=FACE_OUTER_BOUND('',#2024,.T.);
#1710=FACE_OUTER_BOUND('',#2025,.T.);
#1711=FACE_OUTER_BOUND('',#2026,.T.);
#1712=FACE_OUTER_BOUND('',#2027,.T.);
#1713=FACE_OUTER_BOUND('',#2028,.T.);
#1714=FACE_OUTER_BOUND('',#2029,.T.);
#1715=FACE_OUTER_BOUND('',#2030,.T.);
#1716=FACE_OUTER_BOUND('',#2031,.T.);
#1717=FACE_OUTER_BOUND('',#2034,.T.);
#1718=FACE_OUTER_BOUND('',#2037,.T.);
#1719=FACE_OUTER_BOUND('',#2040,.T.);
#1720=FACE_OUTER_BOUND('',#2043,.T.);
#1721=FACE_OUTER_BOUND('',#2046,.T.);
#1722=FACE_OUTER_BOUND('',#2049,.T.);
#1723=FACE_OUTER_BOUND('',#2052,.T.);
#1724=FACE_OUTER_BOUND('',#2055,.T.);
#1725=FACE_OUTER_BOUND('',#2058,.T.);
#1726=FACE_OUTER_BOUND('',#2061,.T.);
#1727=FACE_OUTER_BOUND('',#2064,.T.);
#1728=FACE_OUTER_BOUND('',#2067,.T.);
#1729=FACE_OUTER_BOUND('',#2070,.T.);
#1730=FACE_OUTER_BOUND('',#2073,.T.);
#1731=FACE_OUTER_BOUND('',#2076,.T.);
#1732=FACE_OUTER_BOUND('',#2079,.T.);
#1733=FACE_OUTER_BOUND('',#2082,.T.);
#1734=FACE_OUTER_BOUND('',#2085,.T.);
#1735=FACE_OUTER_BOUND('',#2088,.T.);
#1736=FACE_OUTER_BOUND('',#2091,.T.);
#1737=FACE_OUTER_BOUND('',#2094,.T.);
#1738=FACE_OUTER_BOUND('',#2097,.T.);
#1739=FACE_OUTER_BOUND('',#2100,.T.);
#1740=FACE_OUTER_BOUND('',#2103,.T.);
#1741=FACE_OUTER_BOUND('',#2106,.T.);
#1742=FACE_OUTER_BOUND('',#2109,.T.);
#1743=FACE_OUTER_BOUND('',#2112,.T.);
#1744=FACE_OUTER_BOUND('',#2115,.T.);
#1745=FACE_OUTER_BOUND('',#2118,.T.);
#1746=FACE_OUTER_BOUND('',#2121,.T.);
#1747=FACE_OUTER_BOUND('',#2124,.T.);
#1748=FACE_OUTER_BOUND('',#2127,.T.);
#1749=FACE_OUTER_BOUND('',#2130,.T.);
#1750=FACE_OUTER_BOUND('',#2133,.T.);
#1751=FACE_OUTER_BOUND('',#2136,.T.);
#1752=FACE_OUTER_BOUND('',#2139,.T.);
#1753=FACE_OUTER_BOUND('',#2142,.T.);
#1754=FACE_OUTER_BOUND('',#2145,.T.);
#1755=FACE_OUTER_BOUND('',#2148,.T.);
#1756=FACE_OUTER_BOUND('',#2151,.T.);
#1757=FACE_OUTER_BOUND('',#2154,.T.);
#1758=FACE_OUTER_BOUND('',#2157,.T.);
#1759=FACE_OUTER_BOUND('',#2160,.T.);
#1760=FACE_OUTER_BOUND('',#2208,.T.);
#1761=FACE_OUTER_BOUND('',#2209,.T.);
#1762=FACE_OUTER_BOUND('',#2210,.T.);
#1763=FACE_OUTER_BOUND('',#2211,.T.);
#1764=FACE_OUTER_BOUND('',#2212,.T.);
#1765=FACE_OUTER_BOUND('',#2213,.T.);
#1766=FACE_OUTER_BOUND('',#2214,.T.);
#1767=FACE_OUTER_BOUND('',#2215,.T.);
#1768=FACE_OUTER_BOUND('',#2216,.T.);
#1769=EDGE_LOOP('',(#2217));
#1770=EDGE_LOOP('',(#2218));
#1771=EDGE_LOOP('',(#2219));
#1772=EDGE_LOOP('',(#2220));
#1773=EDGE_LOOP('',(#2221));
#1774=EDGE_LOOP('',(#2222));
#1775=EDGE_LOOP('',(#2223));
#1776=EDGE_LOOP('',(#2224));
#1777=EDGE_LOOP('',(#2225));
#1778=EDGE_LOOP('',(#2226));
#1779=EDGE_LOOP('',(#2227));
#1780=EDGE_LOOP('',(#2228));
#1781=EDGE_LOOP('',(#2229));
#1782=EDGE_LOOP('',(#2230));
#1783=EDGE_LOOP('',(#2231));
#1784=EDGE_LOOP('',(#2232));
#1785=EDGE_LOOP('',(#2233));
#1786=EDGE_LOOP('',(#2234));
#1787=EDGE_LOOP('',(#2235));
#1788=EDGE_LOOP('',(#2236));
#1789=EDGE_LOOP('',(#2237));
#1790=EDGE_LOOP('',(#2238));
#1791=EDGE_LOOP('',(#2239));
#1792=EDGE_LOOP('',(#2240));
#1793=EDGE_LOOP('',(#2241));
#1794=EDGE_LOOP('',(#2242));
#1795=EDGE_LOOP('',(#2243));
#1796=EDGE_LOOP('',(#2244));
#1797=EDGE_LOOP('',(#2245));
#1798=EDGE_LOOP('',(#2246));
#1799=EDGE_LOOP('',(#2247));
#1800=EDGE_LOOP('',(#2248));
#1801=EDGE_LOOP('',(#2249));
#1802=EDGE_LOOP('',(#2250));
#1803=EDGE_LOOP('',(#2251));
#1804=EDGE_LOOP('',(#2252));
#1805=EDGE_LOOP('',(#2253));
#1806=EDGE_LOOP('',(#2254));
#1807=EDGE_LOOP('',(#2255));
#1808=EDGE_LOOP('',(#2256));
#1809=EDGE_LOOP('',(#2257));
#1810=EDGE_LOOP('',(#2258));
#1811=EDGE_LOOP('',(#2259));
#1812=EDGE_LOOP('',(#2260));
#1813=EDGE_LOOP('',(#2261));
#1814=EDGE_LOOP('',(#2262));
#1815=EDGE_LOOP('',(#2263));
#1816=EDGE_LOOP('',(#2264));
#1817=EDGE_LOOP('',(#2265,#2266,#2267,#2268));
#1818=EDGE_LOOP('',(#2269,#2270,#2271,#2272));
#1819=EDGE_LOOP('',(#2273,#2274,#2275,#2276));
#1820=EDGE_LOOP('',(#2277,#2278,#2279,#2280,#2281,#2282,#2283));
#1821=EDGE_LOOP('',(#2284,#2285,#2286,#2287));
#1822=EDGE_LOOP('',(#2288,#2289,#2290,#2291));
#1823=EDGE_LOOP('',(#2292,#2293,#2294,#2295));
#1824=EDGE_LOOP('',(#2296,#2297,#2298,#2299,#2300,#2301,#2302));
#1825=EDGE_LOOP('',(#2303,#2304,#2305,#2306));
#1826=EDGE_LOOP('',(#2307,#2308,#2309,#2310));
#1827=EDGE_LOOP('',(#2311,#2312,#2313,#2314));
#1828=EDGE_LOOP('',(#2315,#2316,#2317,#2318));
#1829=EDGE_LOOP('',(#2319,#2320,#2321,#2322));
#1830=EDGE_LOOP('',(#2323,#2324,#2325,#2326,#2327,#2328,#2329));
#1831=EDGE_LOOP('',(#2330,#2331,#2332,#2333));
#1832=EDGE_LOOP('',(#2334,#2335,#2336,#2337,#2338,#2339,#2340));
#1833=EDGE_LOOP('',(#2341,#2342,#2343,#2344));
#1834=EDGE_LOOP('',(#2345,#2346,#2347,#2348));
#1835=EDGE_LOOP('',(#2349,#2350,#2351,#2352));
#1836=EDGE_LOOP('',(#2353,#2354,#2355,#2356,#2357,#2358,#2359));
#1837=EDGE_LOOP('',(#2360,#2361,#2362,#2363));
#1838=EDGE_LOOP('',(#2364,#2365,#2366,#2367));
#1839=EDGE_LOOP('',(#2368,#2369,#2370,#2371));
#1840=EDGE_LOOP('',(#2372,#2373,#2374,#2375,#2376,#2377,#2378));
#1841=EDGE_LOOP('',(#2379,#2380,#2381,#2382));
#1842=EDGE_LOOP('',(#2383,#2384,#2385,#2386));
#1843=EDGE_LOOP('',(#2387,#2388,#2389,#2390));
#1844=EDGE_LOOP('',(#2391,#2392,#2393,#2394));
#1845=EDGE_LOOP('',(#2395,#2396,#2397,#2398));
#1846=EDGE_LOOP('',(#2399,#2400,#2401,#2402,#2403,#2404,#2405));
#1847=EDGE_LOOP('',(#2406,#2407,#2408,#2409));
#1848=EDGE_LOOP('',(#2410,#2411,#2412,#2413,#2414,#2415,#2416));
#1849=EDGE_LOOP('',(#2417));
#1850=EDGE_LOOP('',(#2418));
#1851=EDGE_LOOP('',(#2419));
#1852=EDGE_LOOP('',(#2420));
#1853=EDGE_LOOP('',(#2421));
#1854=EDGE_LOOP('',(#2422));
#1855=EDGE_LOOP('',(#2423));
#1856=EDGE_LOOP('',(#2424));
#1857=EDGE_LOOP('',(#2425));
#1858=EDGE_LOOP('',(#2426));
#1859=EDGE_LOOP('',(#2427));
#1860=EDGE_LOOP('',(#2428));
#1861=EDGE_LOOP('',(#2429));
#1862=EDGE_LOOP('',(#2430));
#1863=EDGE_LOOP('',(#2431));
#1864=EDGE_LOOP('',(#2432));
#1865=EDGE_LOOP('',(#2433));
#1866=EDGE_LOOP('',(#2434));
#1867=EDGE_LOOP('',(#2435));
#1868=EDGE_LOOP('',(#2436));
#1869=EDGE_LOOP('',(#2437));
#1870=EDGE_LOOP('',(#2438));
#1871=EDGE_LOOP('',(#2439));
#1872=EDGE_LOOP('',(#2440));
#1873=EDGE_LOOP('',(#2441));
#1874=EDGE_LOOP('',(#2442));
#1875=EDGE_LOOP('',(#2443));
#1876=EDGE_LOOP('',(#2444));
#1877=EDGE_LOOP('',(#2445));
#1878=EDGE_LOOP('',(#2446));
#1879=EDGE_LOOP('',(#2447));
#1880=EDGE_LOOP('',(#2448));
#1881=EDGE_LOOP('',(#2449));
#1882=EDGE_LOOP('',(#2450));
#1883=EDGE_LOOP('',(#2451));
#1884=EDGE_LOOP('',(#2452));
#1885=EDGE_LOOP('',(#2453));
#1886=EDGE_LOOP('',(#2454));
#1887=EDGE_LOOP('',(#2455));
#1888=EDGE_LOOP('',(#2456));
#1889=EDGE_LOOP('',(#2457));
#1890=EDGE_LOOP('',(#2458));
#1891=EDGE_LOOP('',(#2459));
#1892=EDGE_LOOP('',(#2460));
#1893=EDGE_LOOP('',(#2461));
#1894=EDGE_LOOP('',(#2462));
#1895=EDGE_LOOP('',(#2463));
#1896=EDGE_LOOP('',(#2464));
#1897=EDGE_LOOP('',(#2465));
#1898=EDGE_LOOP('',(#2466));
#1899=EDGE_LOOP('',(#2467));
#1900=EDGE_LOOP('',(#2468));
#1901=EDGE_LOOP('',(#2469));
#1902=EDGE_LOOP('',(#2470));
#1903=EDGE_LOOP('',(#2471));
#1904=EDGE_LOOP('',(#2472));
#1905=EDGE_LOOP('',(#2473));
#1906=EDGE_LOOP('',(#2474));
#1907=EDGE_LOOP('',(#2475));
#1908=EDGE_LOOP('',(#2476));
#1909=EDGE_LOOP('',(#2477));
#1910=EDGE_LOOP('',(#2478));
#1911=EDGE_LOOP('',(#2479));
#1912=EDGE_LOOP('',(#2480));
#1913=EDGE_LOOP('',(#2481));
#1914=EDGE_LOOP('',(#2482));
#1915=EDGE_LOOP('',(#2483));
#1916=EDGE_LOOP('',(#2484));
#1917=EDGE_LOOP('',(#2485));
#1918=EDGE_LOOP('',(#2486));
#1919=EDGE_LOOP('',(#2487));
#1920=EDGE_LOOP('',(#2488));
#1921=EDGE_LOOP('',(#2489));
#1922=EDGE_LOOP('',(#2490));
#1923=EDGE_LOOP('',(#2491));
#1924=EDGE_LOOP('',(#2492));
#1925=EDGE_LOOP('',(#2493));
#1926=EDGE_LOOP('',(#2494));
#1927=EDGE_LOOP('',(#2495));
#1928=EDGE_LOOP('',(#2496));
#1929=EDGE_LOOP('',(#2497));
#1930=EDGE_LOOP('',(#2498));
#1931=EDGE_LOOP('',(#2499));
#1932=EDGE_LOOP('',(#2500));
#1933=EDGE_LOOP('',(#2501,#2502,#2503,#2504));
#1934=EDGE_LOOP('',(#2505,#2506,#2507,#2508));
#1935=EDGE_LOOP('',(#2509,#2510,#2511,#2512));
#1936=EDGE_LOOP('',(#2513,#2514,#2515,#2516));
#1937=EDGE_LOOP('',(#2517,#2518,#2519,#2520));
#1938=EDGE_LOOP('',(#2521,#2522,#2523,#2524));
#1939=EDGE_LOOP('',(#2525,#2526,#2527,#2528));
#1940=EDGE_LOOP('',(#2529));
#1941=EDGE_LOOP('',(#2530,#2531,#2532,#2533,#2534,#2535));
#1942=EDGE_LOOP('',(#2536));
#1943=EDGE_LOOP('',(#2537));
#1944=EDGE_LOOP('',(#2538));
#1945=EDGE_LOOP('',(#2539,#2540,#2541,#2542));
#1946=EDGE_LOOP('',(#2543,#2544,#2545,#2546));
#1947=EDGE_LOOP('',(#2547,#2548,#2549,#2550));
#1948=EDGE_LOOP('',(#2551,#2552,#2553,#2554));
#1949=EDGE_LOOP('',(#2555,#2556,#2557,#2558));
#1950=EDGE_LOOP('',(#2559,#2560,#2561,#2562));
#1951=EDGE_LOOP('',(#2563,#2564,#2565,#2566));
#1952=EDGE_LOOP('',(#2567,#2568,#2569,#2570));
#1953=EDGE_LOOP('',(#2571,#2572,#2573,#2574));
#1954=EDGE_LOOP('',(#2575));
#1955=EDGE_LOOP('',(#2576,#2577,#2578,#2579,#2580,#2581));
#1956=EDGE_LOOP('',(#2582));
#1957=EDGE_LOOP('',(#2583));
#1958=EDGE_LOOP('',(#2584));
#1959=EDGE_LOOP('',(#2585,#2586,#2587,#2588));
#1960=EDGE_LOOP('',(#2589,#2590,#2591,#2592));
#1961=EDGE_LOOP('',(#2593,#2594,#2595,#2596));
#1962=EDGE_LOOP('',(#2597,#2598,#2599,#2600,#2601,#2602,#2603,#2604));
#1963=EDGE_LOOP('',(#2605,#2606,#2607,#2608,#2609,#2610));
#1964=EDGE_LOOP('',(#2611,#2612,#2613,#2614));
#1965=EDGE_LOOP('',(#2615,#2616,#2617,#2618,#2619,#2620,#2621,#2622));
#1966=EDGE_LOOP('',(#2623,#2624,#2625,#2626));
#1967=EDGE_LOOP('',(#2627));
#1968=EDGE_LOOP('',(#2628));
#1969=EDGE_LOOP('',(#2629));
#1970=EDGE_LOOP('',(#2630));
#1971=EDGE_LOOP('',(#2631));
#1972=EDGE_LOOP('',(#2632));
#1973=EDGE_LOOP('',(#2633));
#1974=EDGE_LOOP('',(#2634));
#1975=EDGE_LOOP('',(#2635));
#1976=EDGE_LOOP('',(#2636));
#1977=EDGE_LOOP('',(#2637));
#1978=EDGE_LOOP('',(#2638));
#1979=EDGE_LOOP('',(#2639));
#1980=EDGE_LOOP('',(#2640));
#1981=EDGE_LOOP('',(#2641));
#1982=EDGE_LOOP('',(#2642));
#1983=EDGE_LOOP('',(#2643,#2644,#2645,#2646));
#1984=EDGE_LOOP('',(#2647,#2648,#2649,#2650));
#1985=EDGE_LOOP('',(#2651,#2652,#2653,#2654));
#1986=EDGE_LOOP('',(#2655,#2656,#2657,#2658));
#1987=EDGE_LOOP('',(#2659));
#1988=EDGE_LOOP('',(#2660));
#1989=EDGE_LOOP('',(#2661));
#1990=EDGE_LOOP('',(#2662));
#1991=EDGE_LOOP('',(#2663));
#1992=EDGE_LOOP('',(#2664));
#1993=EDGE_LOOP('',(#2665));
#1994=EDGE_LOOP('',(#2666));
#1995=EDGE_LOOP('',(#2667));
#1996=EDGE_LOOP('',(#2668));
#1997=EDGE_LOOP('',(#2669));
#1998=EDGE_LOOP('',(#2670));
#1999=EDGE_LOOP('',(#2671));
#2000=EDGE_LOOP('',(#2672));
#2001=EDGE_LOOP('',(#2673));
#2002=EDGE_LOOP('',(#2674));
#2003=EDGE_LOOP('',(#2675));
#2004=EDGE_LOOP('',(#2676));
#2005=EDGE_LOOP('',(#2677));
#2006=EDGE_LOOP('',(#2678));
#2007=EDGE_LOOP('',(#2679));
#2008=EDGE_LOOP('',(#2680));
#2009=EDGE_LOOP('',(#2681));
#2010=EDGE_LOOP('',(#2682));
#2011=EDGE_LOOP('',(#2683));
#2012=EDGE_LOOP('',(#2684));
#2013=EDGE_LOOP('',(#2685));
#2014=EDGE_LOOP('',(#2686));
#2015=EDGE_LOOP('',(#2687,#2688,#2689,#2690));
#2016=EDGE_LOOP('',(#2691,#2692,#2693,#2694,#2695,#2696,#2697,#2698,#2699,
#2700));
#2017=EDGE_LOOP('',(#2701,#2702,#2703,#2704));
#2018=EDGE_LOOP('',(#2705,#2706,#2707,#2708,#2709,#2710,#2711,#2712));
#2019=EDGE_LOOP('',(#2713,#2714,#2715,#2716));
#2020=EDGE_LOOP('',(#2717,#2718,#2719,#2720,#2721,#2722,#2723,#2724));
#2021=EDGE_LOOP('',(#2725,#2726,#2727,#2728,#2729,#2730));
#2022=EDGE_LOOP('',(#2731,#2732,#2733,#2734,#2735,#2736));
#2023=EDGE_LOOP('',(#2737,#2738,#2739,#2740,#2741,#2742,#2743,#2744));
#2024=EDGE_LOOP('',(#2745,#2746,#2747,#2748));
#2025=EDGE_LOOP('',(#2749,#2750,#2751,#2752));
#2026=EDGE_LOOP('',(#2753,#2754,#2755,#2756));
#2027=EDGE_LOOP('',(#2757,#2758,#2759,#2760));
#2028=EDGE_LOOP('',(#2761,#2762,#2763,#2764));
#2029=EDGE_LOOP('',(#2765,#2766,#2767,#2768));
#2030=EDGE_LOOP('',(#2769,#2770,#2771,#2772));
#2031=EDGE_LOOP('',(#2773));
#2032=EDGE_LOOP('',(#2774));
#2033=EDGE_LOOP('',(#2775));
#2034=EDGE_LOOP('',(#2776));
#2035=EDGE_LOOP('',(#2777));
#2036=EDGE_LOOP('',(#2778));
#2037=EDGE_LOOP('',(#2779));
#2038=EDGE_LOOP('',(#2780));
#2039=EDGE_LOOP('',(#2781));
#2040=EDGE_LOOP('',(#2782));
#2041=EDGE_LOOP('',(#2783));
#2042=EDGE_LOOP('',(#2784));
#2043=EDGE_LOOP('',(#2785));
#2044=EDGE_LOOP('',(#2786));
#2045=EDGE_LOOP('',(#2787));
#2046=EDGE_LOOP('',(#2788));
#2047=EDGE_LOOP('',(#2789));
#2048=EDGE_LOOP('',(#2790));
#2049=EDGE_LOOP('',(#2791));
#2050=EDGE_LOOP('',(#2792));
#2051=EDGE_LOOP('',(#2793));
#2052=EDGE_LOOP('',(#2794));
#2053=EDGE_LOOP('',(#2795));
#2054=EDGE_LOOP('',(#2796));
#2055=EDGE_LOOP('',(#2797));
#2056=EDGE_LOOP('',(#2798));
#2057=EDGE_LOOP('',(#2799));
#2058=EDGE_LOOP('',(#2800));
#2059=EDGE_LOOP('',(#2801));
#2060=EDGE_LOOP('',(#2802));
#2061=EDGE_LOOP('',(#2803));
#2062=EDGE_LOOP('',(#2804));
#2063=EDGE_LOOP('',(#2805));
#2064=EDGE_LOOP('',(#2806));
#2065=EDGE_LOOP('',(#2807));
#2066=EDGE_LOOP('',(#2808));
#2067=EDGE_LOOP('',(#2809));
#2068=EDGE_LOOP('',(#2810));
#2069=EDGE_LOOP('',(#2811));
#2070=EDGE_LOOP('',(#2812));
#2071=EDGE_LOOP('',(#2813));
#2072=EDGE_LOOP('',(#2814));
#2073=EDGE_LOOP('',(#2815));
#2074=EDGE_LOOP('',(#2816));
#2075=EDGE_LOOP('',(#2817));
#2076=EDGE_LOOP('',(#2818));
#2077=EDGE_LOOP('',(#2819));
#2078=EDGE_LOOP('',(#2820));
#2079=EDGE_LOOP('',(#2821));
#2080=EDGE_LOOP('',(#2822));
#2081=EDGE_LOOP('',(#2823));
#2082=EDGE_LOOP('',(#2824));
#2083=EDGE_LOOP('',(#2825));
#2084=EDGE_LOOP('',(#2826));
#2085=EDGE_LOOP('',(#2827));
#2086=EDGE_LOOP('',(#2828));
#2087=EDGE_LOOP('',(#2829));
#2088=EDGE_LOOP('',(#2830));
#2089=EDGE_LOOP('',(#2831));
#2090=EDGE_LOOP('',(#2832));
#2091=EDGE_LOOP('',(#2833));
#2092=EDGE_LOOP('',(#2834));
#2093=EDGE_LOOP('',(#2835));
#2094=EDGE_LOOP('',(#2836));
#2095=EDGE_LOOP('',(#2837));
#2096=EDGE_LOOP('',(#2838));
#2097=EDGE_LOOP('',(#2839));
#2098=EDGE_LOOP('',(#2840));
#2099=EDGE_LOOP('',(#2841));
#2100=EDGE_LOOP('',(#2842));
#2101=EDGE_LOOP('',(#2843));
#2102=EDGE_LOOP('',(#2844));
#2103=EDGE_LOOP('',(#2845));
#2104=EDGE_LOOP('',(#2846));
#2105=EDGE_LOOP('',(#2847));
#2106=EDGE_LOOP('',(#2848));
#2107=EDGE_LOOP('',(#2849));
#2108=EDGE_LOOP('',(#2850));
#2109=EDGE_LOOP('',(#2851));
#2110=EDGE_LOOP('',(#2852));
#2111=EDGE_LOOP('',(#2853));
#2112=EDGE_LOOP('',(#2854));
#2113=EDGE_LOOP('',(#2855));
#2114=EDGE_LOOP('',(#2856));
#2115=EDGE_LOOP('',(#2857));
#2116=EDGE_LOOP('',(#2858));
#2117=EDGE_LOOP('',(#2859));
#2118=EDGE_LOOP('',(#2860));
#2119=EDGE_LOOP('',(#2861));
#2120=EDGE_LOOP('',(#2862));
#2121=EDGE_LOOP('',(#2863));
#2122=EDGE_LOOP('',(#2864));
#2123=EDGE_LOOP('',(#2865));
#2124=EDGE_LOOP('',(#2866));
#2125=EDGE_LOOP('',(#2867));
#2126=EDGE_LOOP('',(#2868));
#2127=EDGE_LOOP('',(#2869));
#2128=EDGE_LOOP('',(#2870));
#2129=EDGE_LOOP('',(#2871));
#2130=EDGE_LOOP('',(#2872));
#2131=EDGE_LOOP('',(#2873));
#2132=EDGE_LOOP('',(#2874));
#2133=EDGE_LOOP('',(#2875));
#2134=EDGE_LOOP('',(#2876));
#2135=EDGE_LOOP('',(#2877));
#2136=EDGE_LOOP('',(#2878));
#2137=EDGE_LOOP('',(#2879));
#2138=EDGE_LOOP('',(#2880));
#2139=EDGE_LOOP('',(#2881));
#2140=EDGE_LOOP('',(#2882));
#2141=EDGE_LOOP('',(#2883));
#2142=EDGE_LOOP('',(#2884));
#2143=EDGE_LOOP('',(#2885));
#2144=EDGE_LOOP('',(#2886));
#2145=EDGE_LOOP('',(#2887));
#2146=EDGE_LOOP('',(#2888));
#2147=EDGE_LOOP('',(#2889));
#2148=EDGE_LOOP('',(#2890));
#2149=EDGE_LOOP('',(#2891));
#2150=EDGE_LOOP('',(#2892));
#2151=EDGE_LOOP('',(#2893));
#2152=EDGE_LOOP('',(#2894));
#2153=EDGE_LOOP('',(#2895));
#2154=EDGE_LOOP('',(#2896));
#2155=EDGE_LOOP('',(#2897));
#2156=EDGE_LOOP('',(#2898));
#2157=EDGE_LOOP('',(#2899));
#2158=EDGE_LOOP('',(#2900));
#2159=EDGE_LOOP('',(#2901));
#2160=EDGE_LOOP('',(#2902));
#2161=EDGE_LOOP('',(#2903));
#2162=EDGE_LOOP('',(#2904));
#2163=EDGE_LOOP('',(#2905));
#2164=EDGE_LOOP('',(#2906));
#2165=EDGE_LOOP('',(#2907));
#2166=EDGE_LOOP('',(#2908));
#2167=EDGE_LOOP('',(#2909));
#2168=EDGE_LOOP('',(#2910));
#2169=EDGE_LOOP('',(#2911));
#2170=EDGE_LOOP('',(#2912));
#2171=EDGE_LOOP('',(#2913));
#2172=EDGE_LOOP('',(#2914));
#2173=EDGE_LOOP('',(#2915));
#2174=EDGE_LOOP('',(#2916));
#2175=EDGE_LOOP('',(#2917));
#2176=EDGE_LOOP('',(#2918));
#2177=EDGE_LOOP('',(#2919));
#2178=EDGE_LOOP('',(#2920));
#2179=EDGE_LOOP('',(#2921));
#2180=EDGE_LOOP('',(#2922));
#2181=EDGE_LOOP('',(#2923));
#2182=EDGE_LOOP('',(#2924));
#2183=EDGE_LOOP('',(#2925));
#2184=EDGE_LOOP('',(#2926));
#2185=EDGE_LOOP('',(#2927));
#2186=EDGE_LOOP('',(#2928));
#2187=EDGE_LOOP('',(#2929));
#2188=EDGE_LOOP('',(#2930));
#2189=EDGE_LOOP('',(#2931));
#2190=EDGE_LOOP('',(#2932));
#2191=EDGE_LOOP('',(#2933));
#2192=EDGE_LOOP('',(#2934));
#2193=EDGE_LOOP('',(#2935));
#2194=EDGE_LOOP('',(#2936));
#2195=EDGE_LOOP('',(#2937));
#2196=EDGE_LOOP('',(#2938));
#2197=EDGE_LOOP('',(#2939));
#2198=EDGE_LOOP('',(#2940));
#2199=EDGE_LOOP('',(#2941));
#2200=EDGE_LOOP('',(#2942));
#2201=EDGE_LOOP('',(#2943));
#2202=EDGE_LOOP('',(#2944));
#2203=EDGE_LOOP('',(#2945));
#2204=EDGE_LOOP('',(#2946));
#2205=EDGE_LOOP('',(#2947));
#2206=EDGE_LOOP('',(#2948));
#2207=EDGE_LOOP('',(#2949,#2950,#2951,#2952,#2953,#2954,#2955,#2956));
#2208=EDGE_LOOP('',(#2957,#2958,#2959,#2960));
#2209=EDGE_LOOP('',(#2961,#2962,#2963,#2964));
#2210=EDGE_LOOP('',(#2965,#2966,#2967,#2968));
#2211=EDGE_LOOP('',(#2969,#2970,#2971,#2972));
#2212=EDGE_LOOP('',(#2973,#2974,#2975,#2976));
#2213=EDGE_LOOP('',(#2977,#2978,#2979,#2980));
#2214=EDGE_LOOP('',(#2981,#2982,#2983,#2984));
#2215=EDGE_LOOP('',(#2985,#2986,#2987,#2988));
#2216=EDGE_LOOP('',(#2989,#2990,#2991,#2992));
#2217=ORIENTED_EDGE('',*,*,#3309,.F.);
#2218=ORIENTED_EDGE('',*,*,#3309,.T.);
#2219=ORIENTED_EDGE('',*,*,#3310,.F.);
#2220=ORIENTED_EDGE('',*,*,#3311,.F.);
#2221=ORIENTED_EDGE('',*,*,#3311,.T.);
#2222=ORIENTED_EDGE('',*,*,#3312,.F.);
#2223=ORIENTED_EDGE('',*,*,#3313,.F.);
#2224=ORIENTED_EDGE('',*,*,#3313,.T.);
#2225=ORIENTED_EDGE('',*,*,#3314,.F.);
#2226=ORIENTED_EDGE('',*,*,#3315,.F.);
#2227=ORIENTED_EDGE('',*,*,#3315,.T.);
#2228=ORIENTED_EDGE('',*,*,#3316,.F.);
#2229=ORIENTED_EDGE('',*,*,#3317,.F.);
#2230=ORIENTED_EDGE('',*,*,#3317,.T.);
#2231=ORIENTED_EDGE('',*,*,#3318,.F.);
#2232=ORIENTED_EDGE('',*,*,#3319,.F.);
#2233=ORIENTED_EDGE('',*,*,#3319,.T.);
#2234=ORIENTED_EDGE('',*,*,#3320,.F.);
#2235=ORIENTED_EDGE('',*,*,#3321,.F.);
#2236=ORIENTED_EDGE('',*,*,#3321,.T.);
#2237=ORIENTED_EDGE('',*,*,#3322,.F.);
#2238=ORIENTED_EDGE('',*,*,#3323,.F.);
#2239=ORIENTED_EDGE('',*,*,#3323,.T.);
#2240=ORIENTED_EDGE('',*,*,#3324,.F.);
#2241=ORIENTED_EDGE('',*,*,#3325,.F.);
#2242=ORIENTED_EDGE('',*,*,#3325,.T.);
#2243=ORIENTED_EDGE('',*,*,#3326,.F.);
#2244=ORIENTED_EDGE('',*,*,#3327,.F.);
#2245=ORIENTED_EDGE('',*,*,#3327,.T.);
#2246=ORIENTED_EDGE('',*,*,#3328,.F.);
#2247=ORIENTED_EDGE('',*,*,#3329,.F.);
#2248=ORIENTED_EDGE('',*,*,#3329,.T.);
#2249=ORIENTED_EDGE('',*,*,#3330,.F.);
#2250=ORIENTED_EDGE('',*,*,#3331,.F.);
#2251=ORIENTED_EDGE('',*,*,#3331,.T.);
#2252=ORIENTED_EDGE('',*,*,#3332,.F.);
#2253=ORIENTED_EDGE('',*,*,#3333,.F.);
#2254=ORIENTED_EDGE('',*,*,#3333,.T.);
#2255=ORIENTED_EDGE('',*,*,#3334,.F.);
#2256=ORIENTED_EDGE('',*,*,#3335,.F.);
#2257=ORIENTED_EDGE('',*,*,#3335,.T.);
#2258=ORIENTED_EDGE('',*,*,#3336,.F.);
#2259=ORIENTED_EDGE('',*,*,#3337,.F.);
#2260=ORIENTED_EDGE('',*,*,#3337,.T.);
#2261=ORIENTED_EDGE('',*,*,#3338,.F.);
#2262=ORIENTED_EDGE('',*,*,#3339,.F.);
#2263=ORIENTED_EDGE('',*,*,#3339,.T.);
#2264=ORIENTED_EDGE('',*,*,#3340,.F.);
#2265=ORIENTED_EDGE('',*,*,#3341,.T.);
#2266=ORIENTED_EDGE('',*,*,#3342,.T.);
#2267=ORIENTED_EDGE('',*,*,#3343,.T.);
#2268=ORIENTED_EDGE('',*,*,#3344,.F.);
#2269=ORIENTED_EDGE('',*,*,#3345,.T.);
#2270=ORIENTED_EDGE('',*,*,#3346,.T.);
#2271=ORIENTED_EDGE('',*,*,#3347,.T.);
#2272=ORIENTED_EDGE('',*,*,#3342,.F.);
#2273=ORIENTED_EDGE('',*,*,#3348,.T.);
#2274=ORIENTED_EDGE('',*,*,#3349,.F.);
#2275=ORIENTED_EDGE('',*,*,#3350,.T.);
#2276=ORIENTED_EDGE('',*,*,#3346,.F.);
#2277=ORIENTED_EDGE('',*,*,#3350,.F.);
#2278=ORIENTED_EDGE('',*,*,#3351,.F.);
#2279=ORIENTED_EDGE('',*,*,#3352,.F.);
#2280=ORIENTED_EDGE('',*,*,#3353,.F.);
#2281=ORIENTED_EDGE('',*,*,#3354,.F.);
#2282=ORIENTED_EDGE('',*,*,#3343,.F.);
#2283=ORIENTED_EDGE('',*,*,#3347,.F.);
#2284=ORIENTED_EDGE('',*,*,#3355,.T.);
#2285=ORIENTED_EDGE('',*,*,#3356,.F.);
#2286=ORIENTED_EDGE('',*,*,#3353,.T.);
#2287=ORIENTED_EDGE('',*,*,#3357,.F.);
#2288=ORIENTED_EDGE('',*,*,#3358,.T.);
#2289=ORIENTED_EDGE('',*,*,#3357,.T.);
#2290=ORIENTED_EDGE('',*,*,#3352,.T.);
#2291=ORIENTED_EDGE('',*,*,#3359,.F.);
#2292=ORIENTED_EDGE('',*,*,#3360,.T.);
#2293=ORIENTED_EDGE('',*,*,#3359,.T.);
#2294=ORIENTED_EDGE('',*,*,#3351,.T.);
#2295=ORIENTED_EDGE('',*,*,#3349,.T.);
#2296=ORIENTED_EDGE('',*,*,#3360,.F.);
#2297=ORIENTED_EDGE('',*,*,#3348,.F.);
#2298=ORIENTED_EDGE('',*,*,#3345,.F.);
#2299=ORIENTED_EDGE('',*,*,#3341,.F.);
#2300=ORIENTED_EDGE('',*,*,#3361,.F.);
#2301=ORIENTED_EDGE('',*,*,#3355,.F.);
#2302=ORIENTED_EDGE('',*,*,#3358,.F.);
#2303=ORIENTED_EDGE('',*,*,#3362,.T.);
#2304=ORIENTED_EDGE('',*,*,#3363,.T.);
#2305=ORIENTED_EDGE('',*,*,#3364,.T.);
#2306=ORIENTED_EDGE('',*,*,#3365,.F.);
#2307=ORIENTED_EDGE('',*,*,#3366,.T.);
#2308=ORIENTED_EDGE('',*,*,#3365,.T.);
#2309=ORIENTED_EDGE('',*,*,#3367,.T.);
#2310=ORIENTED_EDGE('',*,*,#3368,.F.);
#2311=ORIENTED_EDGE('',*,*,#3369,.T.);
#2312=ORIENTED_EDGE('',*,*,#3368,.T.);
#2313=ORIENTED_EDGE('',*,*,#3370,.T.);
#2314=ORIENTED_EDGE('',*,*,#3371,.F.);
#2315=ORIENTED_EDGE('',*,*,#3372,.T.);
#2316=ORIENTED_EDGE('',*,*,#3371,.T.);
#2317=ORIENTED_EDGE('',*,*,#3373,.T.);
#2318=ORIENTED_EDGE('',*,*,#3374,.F.);
#2319=ORIENTED_EDGE('',*,*,#3375,.T.);
#2320=ORIENTED_EDGE('',*,*,#3374,.T.);
#2321=ORIENTED_EDGE('',*,*,#3376,.T.);
#2322=ORIENTED_EDGE('',*,*,#3377,.F.);
#2323=ORIENTED_EDGE('',*,*,#3378,.F.);
#2324=ORIENTED_EDGE('',*,*,#3379,.F.);
#2325=ORIENTED_EDGE('',*,*,#3376,.F.);
#2326=ORIENTED_EDGE('',*,*,#3373,.F.);
#2327=ORIENTED_EDGE('',*,*,#3370,.F.);
#2328=ORIENTED_EDGE('',*,*,#3367,.F.);
#2329=ORIENTED_EDGE('',*,*,#3364,.F.);
#2330=ORIENTED_EDGE('',*,*,#3380,.T.);
#2331=ORIENTED_EDGE('',*,*,#3381,.F.);
#2332=ORIENTED_EDGE('',*,*,#3378,.T.);
#2333=ORIENTED_EDGE('',*,*,#3363,.F.);
#2334=ORIENTED_EDGE('',*,*,#3382,.F.);
#2335=ORIENTED_EDGE('',*,*,#3380,.F.);
#2336=ORIENTED_EDGE('',*,*,#3362,.F.);
#2337=ORIENTED_EDGE('',*,*,#3366,.F.);
#2338=ORIENTED_EDGE('',*,*,#3369,.F.);
#2339=ORIENTED_EDGE('',*,*,#3372,.F.);
#2340=ORIENTED_EDGE('',*,*,#3375,.F.);
#2341=ORIENTED_EDGE('',*,*,#3383,.T.);
#2342=ORIENTED_EDGE('',*,*,#3384,.T.);
#2343=ORIENTED_EDGE('',*,*,#3385,.T.);
#2344=ORIENTED_EDGE('',*,*,#3386,.F.);
#2345=ORIENTED_EDGE('',*,*,#3387,.T.);
#2346=ORIENTED_EDGE('',*,*,#3388,.T.);
#2347=ORIENTED_EDGE('',*,*,#3389,.T.);
#2348=ORIENTED_EDGE('',*,*,#3384,.F.);
#2349=ORIENTED_EDGE('',*,*,#3390,.T.);
#2350=ORIENTED_EDGE('',*,*,#3391,.F.);
#2351=ORIENTED_EDGE('',*,*,#3392,.T.);
#2352=ORIENTED_EDGE('',*,*,#3388,.F.);
#2353=ORIENTED_EDGE('',*,*,#3392,.F.);
#2354=ORIENTED_EDGE('',*,*,#3393,.F.);
#2355=ORIENTED_EDGE('',*,*,#3394,.F.);
#2356=ORIENTED_EDGE('',*,*,#3395,.F.);
#2357=ORIENTED_EDGE('',*,*,#3396,.F.);
#2358=ORIENTED_EDGE('',*,*,#3385,.F.);
#2359=ORIENTED_EDGE('',*,*,#3389,.F.);
#2360=ORIENTED_EDGE('',*,*,#3397,.T.);
#2361=ORIENTED_EDGE('',*,*,#3398,.F.);
#2362=ORIENTED_EDGE('',*,*,#3395,.T.);
#2363=ORIENTED_EDGE('',*,*,#3399,.F.);
#2364=ORIENTED_EDGE('',*,*,#3400,.T.);
#2365=ORIENTED_EDGE('',*,*,#3399,.T.);
#2366=ORIENTED_EDGE('',*,*,#3394,.T.);
#2367=ORIENTED_EDGE('',*,*,#3401,.F.);
#2368=ORIENTED_EDGE('',*,*,#3402,.T.);
#2369=ORIENTED_EDGE('',*,*,#3401,.T.);
#2370=ORIENTED_EDGE('',*,*,#3393,.T.);
#2371=ORIENTED_EDGE('',*,*,#3391,.T.);
#2372=ORIENTED_EDGE('',*,*,#3402,.F.);
#2373=ORIENTED_EDGE('',*,*,#3390,.F.);
#2374=ORIENTED_EDGE('',*,*,#3387,.F.);
#2375=ORIENTED_EDGE('',*,*,#3383,.F.);
#2376=ORIENTED_EDGE('',*,*,#3403,.F.);
#2377=ORIENTED_EDGE('',*,*,#3397,.F.);
#2378=ORIENTED_EDGE('',*,*,#3400,.F.);
#2379=ORIENTED_EDGE('',*,*,#3404,.T.);
#2380=ORIENTED_EDGE('',*,*,#3405,.T.);
#2381=ORIENTED_EDGE('',*,*,#3406,.T.);
#2382=ORIENTED_EDGE('',*,*,#3407,.F.);
#2383=ORIENTED_EDGE('',*,*,#3408,.T.);
#2384=ORIENTED_EDGE('',*,*,#3407,.T.);
#2385=ORIENTED_EDGE('',*,*,#3409,.T.);
#2386=ORIENTED_EDGE('',*,*,#3410,.F.);
#2387=ORIENTED_EDGE('',*,*,#3411,.T.);
#2388=ORIENTED_EDGE('',*,*,#3410,.T.);
#2389=ORIENTED_EDGE('',*,*,#3412,.T.);
#2390=ORIENTED_EDGE('',*,*,#3413,.F.);
#2391=ORIENTED_EDGE('',*,*,#3414,.T.);
#2392=ORIENTED_EDGE('',*,*,#3413,.T.);
#2393=ORIENTED_EDGE('',*,*,#3415,.T.);
#2394=ORIENTED_EDGE('',*,*,#3416,.F.);
#2395=ORIENTED_EDGE('',*,*,#3417,.T.);
#2396=ORIENTED_EDGE('',*,*,#3416,.T.);
#2397=ORIENTED_EDGE('',*,*,#3418,.T.);
#2398=ORIENTED_EDGE('',*,*,#3419,.F.);
#2399=ORIENTED_EDGE('',*,*,#3420,.F.);
#2400=ORIENTED_EDGE('',*,*,#3421,.F.);
#2401=ORIENTED_EDGE('',*,*,#3418,.F.);
#2402=ORIENTED_EDGE('',*,*,#3415,.F.);
#2403=ORIENTED_EDGE('',*,*,#3412,.F.);
#2404=ORIENTED_EDGE('',*,*,#3409,.F.);
#2405=ORIENTED_EDGE('',*,*,#3406,.F.);
#2406=ORIENTED_EDGE('',*,*,#3422,.T.);
#2407=ORIENTED_EDGE('',*,*,#3423,.F.);
#2408=ORIENTED_EDGE('',*,*,#3420,.T.);
#2409=ORIENTED_EDGE('',*,*,#3405,.F.);
#2410=ORIENTED_EDGE('',*,*,#3424,.F.);
#2411=ORIENTED_EDGE('',*,*,#3422,.F.);
#2412=ORIENTED_EDGE('',*,*,#3404,.F.);
#2413=ORIENTED_EDGE('',*,*,#3408,.F.);
#2414=ORIENTED_EDGE('',*,*,#3411,.F.);
#2415=ORIENTED_EDGE('',*,*,#3414,.F.);
#2416=ORIENTED_EDGE('',*,*,#3417,.F.);
#2417=ORIENTED_EDGE('',*,*,#3425,.F.);
#2418=ORIENTED_EDGE('',*,*,#3425,.T.);
#2419=ORIENTED_EDGE('',*,*,#3426,.F.);
#2420=ORIENTED_EDGE('',*,*,#3427,.F.);
#2421=ORIENTED_EDGE('',*,*,#3427,.T.);
#2422=ORIENTED_EDGE('',*,*,#3428,.F.);
#2423=ORIENTED_EDGE('',*,*,#3429,.F.);
#2424=ORIENTED_EDGE('',*,*,#3429,.T.);
#2425=ORIENTED_EDGE('',*,*,#3430,.F.);
#2426=ORIENTED_EDGE('',*,*,#3431,.F.);
#2427=ORIENTED_EDGE('',*,*,#3431,.T.);
#2428=ORIENTED_EDGE('',*,*,#3432,.F.);
#2429=ORIENTED_EDGE('',*,*,#3433,.F.);
#2430=ORIENTED_EDGE('',*,*,#3433,.T.);
#2431=ORIENTED_EDGE('',*,*,#3434,.F.);
#2432=ORIENTED_EDGE('',*,*,#3435,.F.);
#2433=ORIENTED_EDGE('',*,*,#3435,.T.);
#2434=ORIENTED_EDGE('',*,*,#3436,.F.);
#2435=ORIENTED_EDGE('',*,*,#3437,.F.);
#2436=ORIENTED_EDGE('',*,*,#3437,.T.);
#2437=ORIENTED_EDGE('',*,*,#3438,.F.);
#2438=ORIENTED_EDGE('',*,*,#3439,.F.);
#2439=ORIENTED_EDGE('',*,*,#3439,.T.);
#2440=ORIENTED_EDGE('',*,*,#3440,.F.);
#2441=ORIENTED_EDGE('',*,*,#3441,.F.);
#2442=ORIENTED_EDGE('',*,*,#3441,.T.);
#2443=ORIENTED_EDGE('',*,*,#3442,.F.);
#2444=ORIENTED_EDGE('',*,*,#3443,.F.);
#2445=ORIENTED_EDGE('',*,*,#3443,.T.);
#2446=ORIENTED_EDGE('',*,*,#3444,.F.);
#2447=ORIENTED_EDGE('',*,*,#3445,.F.);
#2448=ORIENTED_EDGE('',*,*,#3445,.T.);
#2449=ORIENTED_EDGE('',*,*,#3446,.F.);
#2450=ORIENTED_EDGE('',*,*,#3447,.F.);
#2451=ORIENTED_EDGE('',*,*,#3447,.T.);
#2452=ORIENTED_EDGE('',*,*,#3448,.F.);
#2453=ORIENTED_EDGE('',*,*,#3449,.F.);
#2454=ORIENTED_EDGE('',*,*,#3449,.T.);
#2455=ORIENTED_EDGE('',*,*,#3450,.F.);
#2456=ORIENTED_EDGE('',*,*,#3451,.F.);
#2457=ORIENTED_EDGE('',*,*,#3451,.T.);
#2458=ORIENTED_EDGE('',*,*,#3452,.F.);
#2459=ORIENTED_EDGE('',*,*,#3453,.F.);
#2460=ORIENTED_EDGE('',*,*,#3453,.T.);
#2461=ORIENTED_EDGE('',*,*,#3454,.F.);
#2462=ORIENTED_EDGE('',*,*,#3455,.F.);
#2463=ORIENTED_EDGE('',*,*,#3455,.T.);
#2464=ORIENTED_EDGE('',*,*,#3456,.F.);
#2465=ORIENTED_EDGE('',*,*,#3457,.F.);
#2466=ORIENTED_EDGE('',*,*,#3457,.T.);
#2467=ORIENTED_EDGE('',*,*,#3458,.F.);
#2468=ORIENTED_EDGE('',*,*,#3459,.F.);
#2469=ORIENTED_EDGE('',*,*,#3459,.T.);
#2470=ORIENTED_EDGE('',*,*,#3460,.F.);
#2471=ORIENTED_EDGE('',*,*,#3461,.F.);
#2472=ORIENTED_EDGE('',*,*,#3461,.T.);
#2473=ORIENTED_EDGE('',*,*,#3462,.F.);
#2474=ORIENTED_EDGE('',*,*,#3463,.F.);
#2475=ORIENTED_EDGE('',*,*,#3463,.T.);
#2476=ORIENTED_EDGE('',*,*,#3464,.F.);
#2477=ORIENTED_EDGE('',*,*,#3465,.F.);
#2478=ORIENTED_EDGE('',*,*,#3465,.T.);
#2479=ORIENTED_EDGE('',*,*,#3466,.F.);
#2480=ORIENTED_EDGE('',*,*,#3467,.F.);
#2481=ORIENTED_EDGE('',*,*,#3467,.T.);
#2482=ORIENTED_EDGE('',*,*,#3468,.F.);
#2483=ORIENTED_EDGE('',*,*,#3469,.F.);
#2484=ORIENTED_EDGE('',*,*,#3469,.T.);
#2485=ORIENTED_EDGE('',*,*,#3470,.F.);
#2486=ORIENTED_EDGE('',*,*,#3471,.F.);
#2487=ORIENTED_EDGE('',*,*,#3471,.T.);
#2488=ORIENTED_EDGE('',*,*,#3472,.F.);
#2489=ORIENTED_EDGE('',*,*,#3473,.F.);
#2490=ORIENTED_EDGE('',*,*,#3473,.T.);
#2491=ORIENTED_EDGE('',*,*,#3474,.F.);
#2492=ORIENTED_EDGE('',*,*,#3475,.F.);
#2493=ORIENTED_EDGE('',*,*,#3475,.T.);
#2494=ORIENTED_EDGE('',*,*,#3476,.F.);
#2495=ORIENTED_EDGE('',*,*,#3477,.F.);
#2496=ORIENTED_EDGE('',*,*,#3477,.T.);
#2497=ORIENTED_EDGE('',*,*,#3478,.F.);
#2498=ORIENTED_EDGE('',*,*,#3479,.F.);
#2499=ORIENTED_EDGE('',*,*,#3479,.T.);
#2500=ORIENTED_EDGE('',*,*,#3480,.F.);
#2501=ORIENTED_EDGE('',*,*,#3481,.T.);
#2502=ORIENTED_EDGE('',*,*,#3482,.T.);
#2503=ORIENTED_EDGE('',*,*,#3483,.T.);
#2504=ORIENTED_EDGE('',*,*,#3484,.F.);
#2505=ORIENTED_EDGE('',*,*,#3485,.T.);
#2506=ORIENTED_EDGE('',*,*,#3486,.F.);
#2507=ORIENTED_EDGE('',*,*,#3487,.F.);
#2508=ORIENTED_EDGE('',*,*,#3488,.T.);
#2509=ORIENTED_EDGE('',*,*,#3489,.T.);
#2510=ORIENTED_EDGE('',*,*,#3488,.F.);
#2511=ORIENTED_EDGE('',*,*,#3490,.F.);
#2512=ORIENTED_EDGE('',*,*,#3491,.T.);
#2513=ORIENTED_EDGE('',*,*,#3492,.T.);
#2514=ORIENTED_EDGE('',*,*,#3491,.F.);
#2515=ORIENTED_EDGE('',*,*,#3493,.F.);
#2516=ORIENTED_EDGE('',*,*,#3494,.T.);
#2517=ORIENTED_EDGE('',*,*,#3495,.T.);
#2518=ORIENTED_EDGE('',*,*,#3494,.F.);
#2519=ORIENTED_EDGE('',*,*,#3496,.F.);
#2520=ORIENTED_EDGE('',*,*,#3497,.T.);
#2521=ORIENTED_EDGE('',*,*,#3498,.T.);
#2522=ORIENTED_EDGE('',*,*,#3497,.F.);
#2523=ORIENTED_EDGE('',*,*,#3499,.F.);
#2524=ORIENTED_EDGE('',*,*,#3500,.F.);
#2525=ORIENTED_EDGE('',*,*,#3501,.T.);
#2526=ORIENTED_EDGE('',*,*,#3500,.T.);
#2527=ORIENTED_EDGE('',*,*,#3502,.F.);
#2528=ORIENTED_EDGE('',*,*,#3486,.T.);
#2529=ORIENTED_EDGE('',*,*,#3503,.T.);
#2530=ORIENTED_EDGE('',*,*,#3485,.F.);
#2531=ORIENTED_EDGE('',*,*,#3489,.F.);
#2532=ORIENTED_EDGE('',*,*,#3492,.F.);
#2533=ORIENTED_EDGE('',*,*,#3495,.F.);
#2534=ORIENTED_EDGE('',*,*,#3498,.F.);
#2535=ORIENTED_EDGE('',*,*,#3501,.F.);
#2536=ORIENTED_EDGE('',*,*,#3503,.F.);
#2537=ORIENTED_EDGE('',*,*,#3504,.F.);
#2538=ORIENTED_EDGE('',*,*,#3504,.T.);
#2539=ORIENTED_EDGE('',*,*,#3505,.T.);
#2540=ORIENTED_EDGE('',*,*,#3506,.F.);
#2541=ORIENTED_EDGE('',*,*,#3507,.F.);
#2542=ORIENTED_EDGE('',*,*,#3508,.F.);
#2543=ORIENTED_EDGE('',*,*,#3509,.T.);
#2544=ORIENTED_EDGE('',*,*,#3510,.T.);
#2545=ORIENTED_EDGE('',*,*,#3511,.T.);
#2546=ORIENTED_EDGE('',*,*,#3506,.T.);
#2547=ORIENTED_EDGE('',*,*,#3512,.F.);
#2548=ORIENTED_EDGE('',*,*,#3513,.T.);
#2549=ORIENTED_EDGE('',*,*,#3509,.F.);
#2550=ORIENTED_EDGE('',*,*,#3505,.F.);
#2551=ORIENTED_EDGE('',*,*,#3514,.T.);
#2552=ORIENTED_EDGE('',*,*,#3515,.F.);
#2553=ORIENTED_EDGE('',*,*,#3516,.F.);
#2554=ORIENTED_EDGE('',*,*,#3517,.T.);
#2555=ORIENTED_EDGE('',*,*,#3518,.T.);
#2556=ORIENTED_EDGE('',*,*,#3517,.F.);
#2557=ORIENTED_EDGE('',*,*,#3519,.F.);
#2558=ORIENTED_EDGE('',*,*,#3520,.T.);
#2559=ORIENTED_EDGE('',*,*,#3521,.T.);
#2560=ORIENTED_EDGE('',*,*,#3520,.F.);
#2561=ORIENTED_EDGE('',*,*,#3522,.F.);
#2562=ORIENTED_EDGE('',*,*,#3523,.F.);
#2563=ORIENTED_EDGE('',*,*,#3524,.T.);
#2564=ORIENTED_EDGE('',*,*,#3523,.T.);
#2565=ORIENTED_EDGE('',*,*,#3525,.F.);
#2566=ORIENTED_EDGE('',*,*,#3526,.T.);
#2567=ORIENTED_EDGE('',*,*,#3527,.T.);
#2568=ORIENTED_EDGE('',*,*,#3526,.F.);
#2569=ORIENTED_EDGE('',*,*,#3528,.F.);
#2570=ORIENTED_EDGE('',*,*,#3529,.T.);
#2571=ORIENTED_EDGE('',*,*,#3530,.T.);
#2572=ORIENTED_EDGE('',*,*,#3529,.F.);
#2573=ORIENTED_EDGE('',*,*,#3531,.F.);
#2574=ORIENTED_EDGE('',*,*,#3515,.T.);
#2575=ORIENTED_EDGE('',*,*,#3532,.T.);
#2576=ORIENTED_EDGE('',*,*,#3514,.F.);
#2577=ORIENTED_EDGE('',*,*,#3518,.F.);
#2578=ORIENTED_EDGE('',*,*,#3521,.F.);
#2579=ORIENTED_EDGE('',*,*,#3524,.F.);
#2580=ORIENTED_EDGE('',*,*,#3527,.F.);
#2581=ORIENTED_EDGE('',*,*,#3530,.F.);
#2582=ORIENTED_EDGE('',*,*,#3532,.F.);
#2583=ORIENTED_EDGE('',*,*,#3533,.F.);
#2584=ORIENTED_EDGE('',*,*,#3533,.T.);
#2585=ORIENTED_EDGE('',*,*,#3534,.T.);
#2586=ORIENTED_EDGE('',*,*,#3535,.F.);
#2587=ORIENTED_EDGE('',*,*,#3536,.F.);
#2588=ORIENTED_EDGE('',*,*,#3537,.F.);
#2589=ORIENTED_EDGE('',*,*,#3538,.T.);
#2590=ORIENTED_EDGE('',*,*,#3539,.T.);
#2591=ORIENTED_EDGE('',*,*,#3540,.T.);
#2592=ORIENTED_EDGE('',*,*,#3537,.T.);
#2593=ORIENTED_EDGE('',*,*,#3540,.F.);
#2594=ORIENTED_EDGE('',*,*,#3541,.T.);
#2595=ORIENTED_EDGE('',*,*,#3542,.F.);
#2596=ORIENTED_EDGE('',*,*,#3534,.F.);
#2597=ORIENTED_EDGE('',*,*,#3542,.T.);
#2598=ORIENTED_EDGE('',*,*,#3543,.T.);
#2599=ORIENTED_EDGE('',*,*,#3512,.T.);
#2600=ORIENTED_EDGE('',*,*,#3508,.T.);
#2601=ORIENTED_EDGE('',*,*,#3544,.F.);
#2602=ORIENTED_EDGE('',*,*,#3545,.F.);
#2603=ORIENTED_EDGE('',*,*,#3546,.F.);
#2604=ORIENTED_EDGE('',*,*,#3535,.T.);
#2605=ORIENTED_EDGE('',*,*,#3547,.T.);
#2606=ORIENTED_EDGE('',*,*,#3548,.T.);
#2607=ORIENTED_EDGE('',*,*,#3545,.T.);
#2608=ORIENTED_EDGE('',*,*,#3549,.T.);
#2609=ORIENTED_EDGE('',*,*,#3550,.T.);
#2610=ORIENTED_EDGE('',*,*,#3482,.F.);
#2611=ORIENTED_EDGE('',*,*,#3550,.F.);
#2612=ORIENTED_EDGE('',*,*,#3551,.F.);
#2613=ORIENTED_EDGE('',*,*,#3552,.F.);
#2614=ORIENTED_EDGE('',*,*,#3483,.F.);
#2615=ORIENTED_EDGE('',*,*,#3551,.T.);
#2616=ORIENTED_EDGE('',*,*,#3549,.F.);
#2617=ORIENTED_EDGE('',*,*,#3544,.T.);
#2618=ORIENTED_EDGE('',*,*,#3507,.T.);
#2619=ORIENTED_EDGE('',*,*,#3511,.F.);
#2620=ORIENTED_EDGE('',*,*,#3553,.T.);
#2621=ORIENTED_EDGE('',*,*,#3554,.T.);
#2622=ORIENTED_EDGE('',*,*,#3555,.F.);
#2623=ORIENTED_EDGE('',*,*,#3556,.F.);
#2624=ORIENTED_EDGE('',*,*,#3554,.F.);
#2625=ORIENTED_EDGE('',*,*,#3557,.F.);
#2626=ORIENTED_EDGE('',*,*,#3558,.F.);
#2627=ORIENTED_EDGE('',*,*,#3310,.T.);
#2628=ORIENTED_EDGE('',*,*,#3312,.T.);
#2629=ORIENTED_EDGE('',*,*,#3314,.T.);
#2630=ORIENTED_EDGE('',*,*,#3316,.T.);
#2631=ORIENTED_EDGE('',*,*,#3318,.T.);
#2632=ORIENTED_EDGE('',*,*,#3320,.T.);
#2633=ORIENTED_EDGE('',*,*,#3322,.T.);
#2634=ORIENTED_EDGE('',*,*,#3324,.T.);
#2635=ORIENTED_EDGE('',*,*,#3326,.T.);
#2636=ORIENTED_EDGE('',*,*,#3328,.T.);
#2637=ORIENTED_EDGE('',*,*,#3330,.T.);
#2638=ORIENTED_EDGE('',*,*,#3332,.T.);
#2639=ORIENTED_EDGE('',*,*,#3334,.T.);
#2640=ORIENTED_EDGE('',*,*,#3336,.T.);
#2641=ORIENTED_EDGE('',*,*,#3338,.T.);
#2642=ORIENTED_EDGE('',*,*,#3340,.T.);
#2643=ORIENTED_EDGE('',*,*,#3361,.T.);
#2644=ORIENTED_EDGE('',*,*,#3344,.T.);
#2645=ORIENTED_EDGE('',*,*,#3354,.T.);
#2646=ORIENTED_EDGE('',*,*,#3356,.T.);
#2647=ORIENTED_EDGE('',*,*,#3382,.T.);
#2648=ORIENTED_EDGE('',*,*,#3377,.T.);
#2649=ORIENTED_EDGE('',*,*,#3379,.T.);
#2650=ORIENTED_EDGE('',*,*,#3381,.T.);
#2651=ORIENTED_EDGE('',*,*,#3403,.T.);
#2652=ORIENTED_EDGE('',*,*,#3386,.T.);
#2653=ORIENTED_EDGE('',*,*,#3396,.T.);
#2654=ORIENTED_EDGE('',*,*,#3398,.T.);
#2655=ORIENTED_EDGE('',*,*,#3424,.T.);
#2656=ORIENTED_EDGE('',*,*,#3419,.T.);
#2657=ORIENTED_EDGE('',*,*,#3421,.T.);
#2658=ORIENTED_EDGE('',*,*,#3423,.T.);
#2659=ORIENTED_EDGE('',*,*,#3426,.T.);
#2660=ORIENTED_EDGE('',*,*,#3428,.T.);
#2661=ORIENTED_EDGE('',*,*,#3430,.T.);
#2662=ORIENTED_EDGE('',*,*,#3432,.T.);
#2663=ORIENTED_EDGE('',*,*,#3434,.T.);
#2664=ORIENTED_EDGE('',*,*,#3436,.T.);
#2665=ORIENTED_EDGE('',*,*,#3438,.T.);
#2666=ORIENTED_EDGE('',*,*,#3440,.T.);
#2667=ORIENTED_EDGE('',*,*,#3442,.T.);
#2668=ORIENTED_EDGE('',*,*,#3444,.T.);
#2669=ORIENTED_EDGE('',*,*,#3446,.T.);
#2670=ORIENTED_EDGE('',*,*,#3448,.T.);
#2671=ORIENTED_EDGE('',*,*,#3450,.T.);
#2672=ORIENTED_EDGE('',*,*,#3452,.T.);
#2673=ORIENTED_EDGE('',*,*,#3454,.T.);
#2674=ORIENTED_EDGE('',*,*,#3456,.T.);
#2675=ORIENTED_EDGE('',*,*,#3458,.T.);
#2676=ORIENTED_EDGE('',*,*,#3460,.T.);
#2677=ORIENTED_EDGE('',*,*,#3462,.T.);
#2678=ORIENTED_EDGE('',*,*,#3464,.T.);
#2679=ORIENTED_EDGE('',*,*,#3466,.T.);
#2680=ORIENTED_EDGE('',*,*,#3468,.T.);
#2681=ORIENTED_EDGE('',*,*,#3470,.T.);
#2682=ORIENTED_EDGE('',*,*,#3472,.T.);
#2683=ORIENTED_EDGE('',*,*,#3474,.T.);
#2684=ORIENTED_EDGE('',*,*,#3476,.T.);
#2685=ORIENTED_EDGE('',*,*,#3478,.T.);
#2686=ORIENTED_EDGE('',*,*,#3480,.T.);
#2687=ORIENTED_EDGE('',*,*,#3559,.T.);
#2688=ORIENTED_EDGE('',*,*,#3560,.T.);
#2689=ORIENTED_EDGE('',*,*,#3558,.T.);
#2690=ORIENTED_EDGE('',*,*,#3561,.T.);
#2691=ORIENTED_EDGE('',*,*,#3562,.T.);
#2692=ORIENTED_EDGE('',*,*,#3561,.F.);
#2693=ORIENTED_EDGE('',*,*,#3557,.T.);
#2694=ORIENTED_EDGE('',*,*,#3553,.F.);
#2695=ORIENTED_EDGE('',*,*,#3510,.F.);
#2696=ORIENTED_EDGE('',*,*,#3513,.F.);
#2697=ORIENTED_EDGE('',*,*,#3543,.F.);
#2698=ORIENTED_EDGE('',*,*,#3541,.F.);
#2699=ORIENTED_EDGE('',*,*,#3539,.F.);
#2700=ORIENTED_EDGE('',*,*,#3563,.F.);
#2701=ORIENTED_EDGE('',*,*,#3562,.F.);
#2702=ORIENTED_EDGE('',*,*,#3564,.F.);
#2703=ORIENTED_EDGE('',*,*,#3565,.F.);
#2704=ORIENTED_EDGE('',*,*,#3559,.F.);
#2705=ORIENTED_EDGE('',*,*,#3566,.T.);
#2706=ORIENTED_EDGE('',*,*,#3567,.F.);
#2707=ORIENTED_EDGE('',*,*,#3564,.T.);
#2708=ORIENTED_EDGE('',*,*,#3563,.T.);
#2709=ORIENTED_EDGE('',*,*,#3538,.F.);
#2710=ORIENTED_EDGE('',*,*,#3536,.T.);
#2711=ORIENTED_EDGE('',*,*,#3546,.T.);
#2712=ORIENTED_EDGE('',*,*,#3548,.F.);
#2713=ORIENTED_EDGE('',*,*,#3568,.F.);
#2714=ORIENTED_EDGE('',*,*,#3566,.F.);
#2715=ORIENTED_EDGE('',*,*,#3547,.F.);
#2716=ORIENTED_EDGE('',*,*,#3481,.F.);
#2717=ORIENTED_EDGE('',*,*,#3569,.T.);
#2718=ORIENTED_EDGE('',*,*,#3570,.T.);
#2719=ORIENTED_EDGE('',*,*,#3571,.T.);
#2720=ORIENTED_EDGE('',*,*,#3572,.T.);
#2721=ORIENTED_EDGE('',*,*,#3573,.T.);
#2722=ORIENTED_EDGE('',*,*,#3574,.T.);
#2723=ORIENTED_EDGE('',*,*,#3575,.T.);
#2724=ORIENTED_EDGE('',*,*,#3576,.T.);
#2725=ORIENTED_EDGE('',*,*,#3525,.T.);
#2726=ORIENTED_EDGE('',*,*,#3522,.T.);
#2727=ORIENTED_EDGE('',*,*,#3519,.T.);
#2728=ORIENTED_EDGE('',*,*,#3516,.T.);
#2729=ORIENTED_EDGE('',*,*,#3531,.T.);
#2730=ORIENTED_EDGE('',*,*,#3528,.T.);
#2731=ORIENTED_EDGE('',*,*,#3502,.T.);
#2732=ORIENTED_EDGE('',*,*,#3499,.T.);
#2733=ORIENTED_EDGE('',*,*,#3496,.T.);
#2734=ORIENTED_EDGE('',*,*,#3493,.T.);
#2735=ORIENTED_EDGE('',*,*,#3490,.T.);
#2736=ORIENTED_EDGE('',*,*,#3487,.T.);
#2737=ORIENTED_EDGE('',*,*,#3568,.T.);
#2738=ORIENTED_EDGE('',*,*,#3484,.T.);
#2739=ORIENTED_EDGE('',*,*,#3552,.T.);
#2740=ORIENTED_EDGE('',*,*,#3555,.T.);
#2741=ORIENTED_EDGE('',*,*,#3556,.T.);
#2742=ORIENTED_EDGE('',*,*,#3560,.F.);
#2743=ORIENTED_EDGE('',*,*,#3565,.T.);
#2744=ORIENTED_EDGE('',*,*,#3567,.T.);
#2745=ORIENTED_EDGE('',*,*,#3577,.T.);
#2746=ORIENTED_EDGE('',*,*,#3578,.F.);
#2747=ORIENTED_EDGE('',*,*,#3575,.F.);
#2748=ORIENTED_EDGE('',*,*,#3579,.T.);
#2749=ORIENTED_EDGE('',*,*,#3580,.T.);
#2750=ORIENTED_EDGE('',*,*,#3579,.F.);
#2751=ORIENTED_EDGE('',*,*,#3574,.F.);
#2752=ORIENTED_EDGE('',*,*,#3581,.T.);
#2753=ORIENTED_EDGE('',*,*,#3582,.T.);
#2754=ORIENTED_EDGE('',*,*,#3581,.F.);
#2755=ORIENTED_EDGE('',*,*,#3573,.F.);
#2756=ORIENTED_EDGE('',*,*,#3583,.T.);
#2757=ORIENTED_EDGE('',*,*,#3584,.T.);
#2758=ORIENTED_EDGE('',*,*,#3583,.F.);
#2759=ORIENTED_EDGE('',*,*,#3572,.F.);
#2760=ORIENTED_EDGE('',*,*,#3585,.T.);
#2761=ORIENTED_EDGE('',*,*,#3586,.T.);
#2762=ORIENTED_EDGE('',*,*,#3585,.F.);
#2763=ORIENTED_EDGE('',*,*,#3571,.F.);
#2764=ORIENTED_EDGE('',*,*,#3587,.T.);
#2765=ORIENTED_EDGE('',*,*,#3588,.T.);
#2766=ORIENTED_EDGE('',*,*,#3587,.F.);
#2767=ORIENTED_EDGE('',*,*,#3570,.F.);
#2768=ORIENTED_EDGE('',*,*,#3589,.T.);
#2769=ORIENTED_EDGE('',*,*,#3590,.T.);
#2770=ORIENTED_EDGE('',*,*,#3589,.F.);
#2771=ORIENTED_EDGE('',*,*,#3569,.F.);
#2772=ORIENTED_EDGE('',*,*,#3591,.F.);
#2773=ORIENTED_EDGE('',*,*,#3592,.T.);
#2774=ORIENTED_EDGE('',*,*,#3592,.F.);
#2775=ORIENTED_EDGE('',*,*,#3593,.T.);
#2776=ORIENTED_EDGE('',*,*,#3594,.T.);
#2777=ORIENTED_EDGE('',*,*,#3594,.F.);
#2778=ORIENTED_EDGE('',*,*,#3595,.T.);
#2779=ORIENTED_EDGE('',*,*,#3596,.T.);
#2780=ORIENTED_EDGE('',*,*,#3596,.F.);
#2781=ORIENTED_EDGE('',*,*,#3597,.T.);
#2782=ORIENTED_EDGE('',*,*,#3598,.T.);
#2783=ORIENTED_EDGE('',*,*,#3598,.F.);
#2784=ORIENTED_EDGE('',*,*,#3599,.T.);
#2785=ORIENTED_EDGE('',*,*,#3600,.T.);
#2786=ORIENTED_EDGE('',*,*,#3600,.F.);
#2787=ORIENTED_EDGE('',*,*,#3601,.T.);
#2788=ORIENTED_EDGE('',*,*,#3602,.T.);
#2789=ORIENTED_EDGE('',*,*,#3602,.F.);
#2790=ORIENTED_EDGE('',*,*,#3603,.T.);
#2791=ORIENTED_EDGE('',*,*,#3604,.T.);
#2792=ORIENTED_EDGE('',*,*,#3604,.F.);
#2793=ORIENTED_EDGE('',*,*,#3605,.T.);
#2794=ORIENTED_EDGE('',*,*,#3606,.T.);
#2795=ORIENTED_EDGE('',*,*,#3606,.F.);
#2796=ORIENTED_EDGE('',*,*,#3607,.T.);
#2797=ORIENTED_EDGE('',*,*,#3608,.T.);
#2798=ORIENTED_EDGE('',*,*,#3608,.F.);
#2799=ORIENTED_EDGE('',*,*,#3609,.T.);
#2800=ORIENTED_EDGE('',*,*,#3610,.T.);
#2801=ORIENTED_EDGE('',*,*,#3610,.F.);
#2802=ORIENTED_EDGE('',*,*,#3611,.T.);
#2803=ORIENTED_EDGE('',*,*,#3612,.T.);
#2804=ORIENTED_EDGE('',*,*,#3612,.F.);
#2805=ORIENTED_EDGE('',*,*,#3613,.T.);
#2806=ORIENTED_EDGE('',*,*,#3614,.T.);
#2807=ORIENTED_EDGE('',*,*,#3614,.F.);
#2808=ORIENTED_EDGE('',*,*,#3615,.T.);
#2809=ORIENTED_EDGE('',*,*,#3616,.T.);
#2810=ORIENTED_EDGE('',*,*,#3616,.F.);
#2811=ORIENTED_EDGE('',*,*,#3617,.T.);
#2812=ORIENTED_EDGE('',*,*,#3618,.T.);
#2813=ORIENTED_EDGE('',*,*,#3618,.F.);
#2814=ORIENTED_EDGE('',*,*,#3619,.T.);
#2815=ORIENTED_EDGE('',*,*,#3620,.T.);
#2816=ORIENTED_EDGE('',*,*,#3620,.F.);
#2817=ORIENTED_EDGE('',*,*,#3621,.T.);
#2818=ORIENTED_EDGE('',*,*,#3622,.T.);
#2819=ORIENTED_EDGE('',*,*,#3622,.F.);
#2820=ORIENTED_EDGE('',*,*,#3623,.T.);
#2821=ORIENTED_EDGE('',*,*,#3624,.T.);
#2822=ORIENTED_EDGE('',*,*,#3624,.F.);
#2823=ORIENTED_EDGE('',*,*,#3625,.T.);
#2824=ORIENTED_EDGE('',*,*,#3626,.T.);
#2825=ORIENTED_EDGE('',*,*,#3626,.F.);
#2826=ORIENTED_EDGE('',*,*,#3627,.T.);
#2827=ORIENTED_EDGE('',*,*,#3628,.T.);
#2828=ORIENTED_EDGE('',*,*,#3628,.F.);
#2829=ORIENTED_EDGE('',*,*,#3629,.T.);
#2830=ORIENTED_EDGE('',*,*,#3630,.T.);
#2831=ORIENTED_EDGE('',*,*,#3630,.F.);
#2832=ORIENTED_EDGE('',*,*,#3631,.T.);
#2833=ORIENTED_EDGE('',*,*,#3632,.T.);
#2834=ORIENTED_EDGE('',*,*,#3632,.F.);
#2835=ORIENTED_EDGE('',*,*,#3633,.T.);
#2836=ORIENTED_EDGE('',*,*,#3634,.T.);
#2837=ORIENTED_EDGE('',*,*,#3634,.F.);
#2838=ORIENTED_EDGE('',*,*,#3635,.T.);
#2839=ORIENTED_EDGE('',*,*,#3636,.T.);
#2840=ORIENTED_EDGE('',*,*,#3636,.F.);
#2841=ORIENTED_EDGE('',*,*,#3637,.T.);
#2842=ORIENTED_EDGE('',*,*,#3638,.T.);
#2843=ORIENTED_EDGE('',*,*,#3638,.F.);
#2844=ORIENTED_EDGE('',*,*,#3639,.T.);
#2845=ORIENTED_EDGE('',*,*,#3640,.T.);
#2846=ORIENTED_EDGE('',*,*,#3640,.F.);
#2847=ORIENTED_EDGE('',*,*,#3641,.T.);
#2848=ORIENTED_EDGE('',*,*,#3642,.T.);
#2849=ORIENTED_EDGE('',*,*,#3642,.F.);
#2850=ORIENTED_EDGE('',*,*,#3643,.T.);
#2851=ORIENTED_EDGE('',*,*,#3644,.T.);
#2852=ORIENTED_EDGE('',*,*,#3644,.F.);
#2853=ORIENTED_EDGE('',*,*,#3645,.T.);
#2854=ORIENTED_EDGE('',*,*,#3646,.T.);
#2855=ORIENTED_EDGE('',*,*,#3646,.F.);
#2856=ORIENTED_EDGE('',*,*,#3647,.T.);
#2857=ORIENTED_EDGE('',*,*,#3648,.T.);
#2858=ORIENTED_EDGE('',*,*,#3648,.F.);
#2859=ORIENTED_EDGE('',*,*,#3649,.T.);
#2860=ORIENTED_EDGE('',*,*,#3650,.T.);
#2861=ORIENTED_EDGE('',*,*,#3650,.F.);
#2862=ORIENTED_EDGE('',*,*,#3651,.T.);
#2863=ORIENTED_EDGE('',*,*,#3652,.T.);
#2864=ORIENTED_EDGE('',*,*,#3652,.F.);
#2865=ORIENTED_EDGE('',*,*,#3653,.T.);
#2866=ORIENTED_EDGE('',*,*,#3654,.T.);
#2867=ORIENTED_EDGE('',*,*,#3654,.F.);
#2868=ORIENTED_EDGE('',*,*,#3655,.T.);
#2869=ORIENTED_EDGE('',*,*,#3656,.T.);
#2870=ORIENTED_EDGE('',*,*,#3656,.F.);
#2871=ORIENTED_EDGE('',*,*,#3657,.T.);
#2872=ORIENTED_EDGE('',*,*,#3658,.T.);
#2873=ORIENTED_EDGE('',*,*,#3658,.F.);
#2874=ORIENTED_EDGE('',*,*,#3659,.T.);
#2875=ORIENTED_EDGE('',*,*,#3660,.T.);
#2876=ORIENTED_EDGE('',*,*,#3660,.F.);
#2877=ORIENTED_EDGE('',*,*,#3661,.T.);
#2878=ORIENTED_EDGE('',*,*,#3662,.T.);
#2879=ORIENTED_EDGE('',*,*,#3662,.F.);
#2880=ORIENTED_EDGE('',*,*,#3663,.T.);
#2881=ORIENTED_EDGE('',*,*,#3664,.T.);
#2882=ORIENTED_EDGE('',*,*,#3664,.F.);
#2883=ORIENTED_EDGE('',*,*,#3665,.T.);
#2884=ORIENTED_EDGE('',*,*,#3666,.T.);
#2885=ORIENTED_EDGE('',*,*,#3666,.F.);
#2886=ORIENTED_EDGE('',*,*,#3667,.T.);
#2887=ORIENTED_EDGE('',*,*,#3668,.T.);
#2888=ORIENTED_EDGE('',*,*,#3668,.F.);
#2889=ORIENTED_EDGE('',*,*,#3669,.T.);
#2890=ORIENTED_EDGE('',*,*,#3670,.T.);
#2891=ORIENTED_EDGE('',*,*,#3670,.F.);
#2892=ORIENTED_EDGE('',*,*,#3671,.T.);
#2893=ORIENTED_EDGE('',*,*,#3672,.T.);
#2894=ORIENTED_EDGE('',*,*,#3672,.F.);
#2895=ORIENTED_EDGE('',*,*,#3673,.T.);
#2896=ORIENTED_EDGE('',*,*,#3674,.T.);
#2897=ORIENTED_EDGE('',*,*,#3674,.F.);
#2898=ORIENTED_EDGE('',*,*,#3675,.T.);
#2899=ORIENTED_EDGE('',*,*,#3676,.T.);
#2900=ORIENTED_EDGE('',*,*,#3676,.F.);
#2901=ORIENTED_EDGE('',*,*,#3677,.T.);
#2902=ORIENTED_EDGE('',*,*,#3678,.T.);
#2903=ORIENTED_EDGE('',*,*,#3678,.F.);
#2904=ORIENTED_EDGE('',*,*,#3679,.T.);
#2905=ORIENTED_EDGE('',*,*,#3593,.F.);
#2906=ORIENTED_EDGE('',*,*,#3595,.F.);
#2907=ORIENTED_EDGE('',*,*,#3597,.F.);
#2908=ORIENTED_EDGE('',*,*,#3599,.F.);
#2909=ORIENTED_EDGE('',*,*,#3601,.F.);
#2910=ORIENTED_EDGE('',*,*,#3603,.F.);
#2911=ORIENTED_EDGE('',*,*,#3605,.F.);
#2912=ORIENTED_EDGE('',*,*,#3607,.F.);
#2913=ORIENTED_EDGE('',*,*,#3609,.F.);
#2914=ORIENTED_EDGE('',*,*,#3611,.F.);
#2915=ORIENTED_EDGE('',*,*,#3613,.F.);
#2916=ORIENTED_EDGE('',*,*,#3615,.F.);
#2917=ORIENTED_EDGE('',*,*,#3617,.F.);
#2918=ORIENTED_EDGE('',*,*,#3619,.F.);
#2919=ORIENTED_EDGE('',*,*,#3621,.F.);
#2920=ORIENTED_EDGE('',*,*,#3623,.F.);
#2921=ORIENTED_EDGE('',*,*,#3625,.F.);
#2922=ORIENTED_EDGE('',*,*,#3627,.F.);
#2923=ORIENTED_EDGE('',*,*,#3629,.F.);
#2924=ORIENTED_EDGE('',*,*,#3631,.F.);
#2925=ORIENTED_EDGE('',*,*,#3633,.F.);
#2926=ORIENTED_EDGE('',*,*,#3635,.F.);
#2927=ORIENTED_EDGE('',*,*,#3637,.F.);
#2928=ORIENTED_EDGE('',*,*,#3639,.F.);
#2929=ORIENTED_EDGE('',*,*,#3641,.F.);
#2930=ORIENTED_EDGE('',*,*,#3643,.F.);
#2931=ORIENTED_EDGE('',*,*,#3645,.F.);
#2932=ORIENTED_EDGE('',*,*,#3647,.F.);
#2933=ORIENTED_EDGE('',*,*,#3649,.F.);
#2934=ORIENTED_EDGE('',*,*,#3651,.F.);
#2935=ORIENTED_EDGE('',*,*,#3653,.F.);
#2936=ORIENTED_EDGE('',*,*,#3655,.F.);
#2937=ORIENTED_EDGE('',*,*,#3657,.F.);
#2938=ORIENTED_EDGE('',*,*,#3659,.F.);
#2939=ORIENTED_EDGE('',*,*,#3661,.F.);
#2940=ORIENTED_EDGE('',*,*,#3663,.F.);
#2941=ORIENTED_EDGE('',*,*,#3665,.F.);
#2942=ORIENTED_EDGE('',*,*,#3667,.F.);
#2943=ORIENTED_EDGE('',*,*,#3669,.F.);
#2944=ORIENTED_EDGE('',*,*,#3671,.F.);
#2945=ORIENTED_EDGE('',*,*,#3673,.F.);
#2946=ORIENTED_EDGE('',*,*,#3675,.F.);
#2947=ORIENTED_EDGE('',*,*,#3677,.F.);
#2948=ORIENTED_EDGE('',*,*,#3679,.F.);
#2949=ORIENTED_EDGE('',*,*,#3680,.F.);
#2950=ORIENTED_EDGE('',*,*,#3681,.F.);
#2951=ORIENTED_EDGE('',*,*,#3682,.F.);
#2952=ORIENTED_EDGE('',*,*,#3683,.F.);
#2953=ORIENTED_EDGE('',*,*,#3684,.F.);
#2954=ORIENTED_EDGE('',*,*,#3685,.F.);
#2955=ORIENTED_EDGE('',*,*,#3686,.F.);
#2956=ORIENTED_EDGE('',*,*,#3687,.F.);
#2957=ORIENTED_EDGE('',*,*,#3688,.T.);
#2958=ORIENTED_EDGE('',*,*,#3686,.T.);
#2959=ORIENTED_EDGE('',*,*,#3689,.T.);
#2960=ORIENTED_EDGE('',*,*,#3590,.F.);
#2961=ORIENTED_EDGE('',*,*,#3689,.F.);
#2962=ORIENTED_EDGE('',*,*,#3685,.T.);
#2963=ORIENTED_EDGE('',*,*,#3690,.T.);
#2964=ORIENTED_EDGE('',*,*,#3588,.F.);
#2965=ORIENTED_EDGE('',*,*,#3690,.F.);
#2966=ORIENTED_EDGE('',*,*,#3684,.T.);
#2967=ORIENTED_EDGE('',*,*,#3691,.T.);
#2968=ORIENTED_EDGE('',*,*,#3586,.F.);
#2969=ORIENTED_EDGE('',*,*,#3691,.F.);
#2970=ORIENTED_EDGE('',*,*,#3683,.T.);
#2971=ORIENTED_EDGE('',*,*,#3692,.T.);
#2972=ORIENTED_EDGE('',*,*,#3584,.F.);
#2973=ORIENTED_EDGE('',*,*,#3692,.F.);
#2974=ORIENTED_EDGE('',*,*,#3682,.T.);
#2975=ORIENTED_EDGE('',*,*,#3693,.T.);
#2976=ORIENTED_EDGE('',*,*,#3582,.F.);
#2977=ORIENTED_EDGE('',*,*,#3693,.F.);
#2978=ORIENTED_EDGE('',*,*,#3681,.T.);
#2979=ORIENTED_EDGE('',*,*,#3694,.T.);
#2980=ORIENTED_EDGE('',*,*,#3580,.F.);
#2981=ORIENTED_EDGE('',*,*,#3694,.F.);
#2982=ORIENTED_EDGE('',*,*,#3680,.T.);
#2983=ORIENTED_EDGE('',*,*,#3695,.T.);
#2984=ORIENTED_EDGE('',*,*,#3577,.F.);
#2985=ORIENTED_EDGE('',*,*,#3695,.F.);
#2986=ORIENTED_EDGE('',*,*,#3687,.T.);
#2987=ORIENTED_EDGE('',*,*,#3688,.F.);
#2988=ORIENTED_EDGE('',*,*,#3696,.F.);
#2989=ORIENTED_EDGE('',*,*,#3696,.T.);
#2990=ORIENTED_EDGE('',*,*,#3591,.T.);
#2991=ORIENTED_EDGE('',*,*,#3576,.F.);
#2992=ORIENTED_EDGE('',*,*,#3578,.T.);
#2993=VERTEX_POINT('',#8125);
#2994=VERTEX_POINT('',#8128);
#2995=VERTEX_POINT('',#8131);
#2996=VERTEX_POINT('',#8134);
#2997=VERTEX_POINT('',#8137);
#2998=VERTEX_POINT('',#8140);
#2999=VERTEX_POINT('',#8143);
#3000=VERTEX_POINT('',#8146);
#3001=VERTEX_POINT('',#8149);
#3002=VERTEX_POINT('',#8152);
#3003=VERTEX_POINT('',#8155);
#3004=VERTEX_POINT('',#8158);
#3005=VERTEX_POINT('',#8161);
#3006=VERTEX_POINT('',#8164);
#3007=VERTEX_POINT('',#8167);
#3008=VERTEX_POINT('',#8170);
#3009=VERTEX_POINT('',#8173);
#3010=VERTEX_POINT('',#8176);
#3011=VERTEX_POINT('',#8179);
#3012=VERTEX_POINT('',#8182);
#3013=VERTEX_POINT('',#8185);
#3014=VERTEX_POINT('',#8188);
#3015=VERTEX_POINT('',#8191);
#3016=VERTEX_POINT('',#8194);
#3017=VERTEX_POINT('',#8197);
#3018=VERTEX_POINT('',#8200);
#3019=VERTEX_POINT('',#8203);
#3020=VERTEX_POINT('',#8206);
#3021=VERTEX_POINT('',#8209);
#3022=VERTEX_POINT('',#8212);
#3023=VERTEX_POINT('',#8215);
#3024=VERTEX_POINT('',#8218);
#3025=VERTEX_POINT('',#8221);
#3026=VERTEX_POINT('',#8222);
#3027=VERTEX_POINT('',#8224);
#3028=VERTEX_POINT('',#8226);
#3029=VERTEX_POINT('',#8230);
#3030=VERTEX_POINT('',#8232);
#3031=VERTEX_POINT('',#8236);
#3032=VERTEX_POINT('',#8238);
#3033=VERTEX_POINT('',#8242);
#3034=VERTEX_POINT('',#8244);
#3035=VERTEX_POINT('',#8246);
#3036=VERTEX_POINT('',#8250);
#3037=VERTEX_POINT('',#8251);
#3038=VERTEX_POINT('',#8256);
#3039=VERTEX_POINT('',#8264);
#3040=VERTEX_POINT('',#8265);
#3041=VERTEX_POINT('',#8267);
#3042=VERTEX_POINT('',#8269);
#3043=VERTEX_POINT('',#8273);
#3044=VERTEX_POINT('',#8275);
#3045=VERTEX_POINT('',#8279);
#3046=VERTEX_POINT('',#8281);
#3047=VERTEX_POINT('',#8285);
#3048=VERTEX_POINT('',#8287);
#3049=VERTEX_POINT('',#8291);
#3050=VERTEX_POINT('',#8293);
#3051=VERTEX_POINT('',#8297);
#3052=VERTEX_POINT('',#8301);
#3053=VERTEX_POINT('',#8307);
#3054=VERTEX_POINT('',#8308);
#3055=VERTEX_POINT('',#8310);
#3056=VERTEX_POINT('',#8312);
#3057=VERTEX_POINT('',#8316);
#3058=VERTEX_POINT('',#8318);
#3059=VERTEX_POINT('',#8322);
#3060=VERTEX_POINT('',#8324);
#3061=VERTEX_POINT('',#8328);
#3062=VERTEX_POINT('',#8330);
#3063=VERTEX_POINT('',#8332);
#3064=VERTEX_POINT('',#8336);
#3065=VERTEX_POINT('',#8337);
#3066=VERTEX_POINT('',#8342);
#3067=VERTEX_POINT('',#8350);
#3068=VERTEX_POINT('',#8351);
#3069=VERTEX_POINT('',#8353);
#3070=VERTEX_POINT('',#8355);
#3071=VERTEX_POINT('',#8359);
#3072=VERTEX_POINT('',#8361);
#3073=VERTEX_POINT('',#8365);
#3074=VERTEX_POINT('',#8367);
#3075=VERTEX_POINT('',#8371);
#3076=VERTEX_POINT('',#8373);
#3077=VERTEX_POINT('',#8377);
#3078=VERTEX_POINT('',#8379);
#3079=VERTEX_POINT('',#8383);
#3080=VERTEX_POINT('',#8387);
#3081=VERTEX_POINT('',#8393);
#3082=VERTEX_POINT('',#8396);
#3083=VERTEX_POINT('',#8399);
#3084=VERTEX_POINT('',#8402);
#3085=VERTEX_POINT('',#8405);
#3086=VERTEX_POINT('',#8408);
#3087=VERTEX_POINT('',#8411);
#3088=VERTEX_POINT('',#8414);
#3089=VERTEX_POINT('',#8417);
#3090=VERTEX_POINT('',#8420);
#3091=VERTEX_POINT('',#8423);
#3092=VERTEX_POINT('',#8426);
#3093=VERTEX_POINT('',#8429);
#3094=VERTEX_POINT('',#8432);
#3095=VERTEX_POINT('',#8435);
#3096=VERTEX_POINT('',#8438);
#3097=VERTEX_POINT('',#8441);
#3098=VERTEX_POINT('',#8444);
#3099=VERTEX_POINT('',#8447);
#3100=VERTEX_POINT('',#8450);
#3101=VERTEX_POINT('',#8453);
#3102=VERTEX_POINT('',#8456);
#3103=VERTEX_POINT('',#8459);
#3104=VERTEX_POINT('',#8462);
#3105=VERTEX_POINT('',#8465);
#3106=VERTEX_POINT('',#8468);
#3107=VERTEX_POINT('',#8471);
#3108=VERTEX_POINT('',#8474);
#3109=VERTEX_POINT('',#8477);
#3110=VERTEX_POINT('',#8480);
#3111=VERTEX_POINT('',#8483);
#3112=VERTEX_POINT('',#8486);
#3113=VERTEX_POINT('',#8489);
#3114=VERTEX_POINT('',#8492);
#3115=VERTEX_POINT('',#8495);
#3116=VERTEX_POINT('',#8498);
#3117=VERTEX_POINT('',#8501);
#3118=VERTEX_POINT('',#8504);
#3119=VERTEX_POINT('',#8507);
#3120=VERTEX_POINT('',#8510);
#3121=VERTEX_POINT('',#8513);
#3122=VERTEX_POINT('',#8516);
#3123=VERTEX_POINT('',#8519);
#3124=VERTEX_POINT('',#8522);
#3125=VERTEX_POINT('',#8525);
#3126=VERTEX_POINT('',#8528);
#3127=VERTEX_POINT('',#8531);
#3128=VERTEX_POINT('',#8534);
#3129=VERTEX_POINT('',#8537);
#3130=VERTEX_POINT('',#8540);
#3131=VERTEX_POINT('',#8543);
#3132=VERTEX_POINT('',#8546);
#3133=VERTEX_POINT('',#8549);
#3134=VERTEX_POINT('',#8552);
#3135=VERTEX_POINT('',#8555);
#3136=VERTEX_POINT('',#8558);
#3137=VERTEX_POINT('',#8561);
#3138=VERTEX_POINT('',#8562);
#3139=VERTEX_POINT('',#8564);
#3140=VERTEX_POINT('',#8566);
#3141=VERTEX_POINT('',#8570);
#3142=VERTEX_POINT('',#8571);
#3143=VERTEX_POINT('',#8573);
#3144=VERTEX_POINT('',#8575);
#3145=VERTEX_POINT('',#8579);
#3146=VERTEX_POINT('',#8581);
#3147=VERTEX_POINT('',#8585);
#3148=VERTEX_POINT('',#8587);
#3149=VERTEX_POINT('',#8591);
#3150=VERTEX_POINT('',#8593);
#3151=VERTEX_POINT('',#8597);
#3152=VERTEX_POINT('',#8599);
#3153=VERTEX_POINT('',#8606);
#3154=VERTEX_POINT('',#8609);
#3155=VERTEX_POINT('',#8612);
#3156=VERTEX_POINT('',#8613);
#3157=VERTEX_POINT('',#8615);
#3158=VERTEX_POINT('',#8617);
#3159=VERTEX_POINT('',#8621);
#3160=VERTEX_POINT('',#8623);
#3161=VERTEX_POINT('',#8627);
#3162=VERTEX_POINT('',#8631);
#3163=VERTEX_POINT('',#8632);
#3164=VERTEX_POINT('',#8634);
#3165=VERTEX_POINT('',#8636);
#3166=VERTEX_POINT('',#8640);
#3167=VERTEX_POINT('',#8642);
#3168=VERTEX_POINT('',#8646);
#3169=VERTEX_POINT('',#8648);
#3170=VERTEX_POINT('',#8652);
#3171=VERTEX_POINT('',#8654);
#3172=VERTEX_POINT('',#8658);
#3173=VERTEX_POINT('',#8660);
#3174=VERTEX_POINT('',#8667);
#3175=VERTEX_POINT('',#8670);
#3176=VERTEX_POINT('',#8673);
#3177=VERTEX_POINT('',#8674);
#3178=VERTEX_POINT('',#8676);
#3179=VERTEX_POINT('',#8678);
#3180=VERTEX_POINT('',#8682);
#3181=VERTEX_POINT('',#8684);
#3182=VERTEX_POINT('',#8688);
#3183=VERTEX_POINT('',#8693);
#3184=VERTEX_POINT('',#8695);
#3185=VERTEX_POINT('',#8699);
#3186=VERTEX_POINT('',#8702);
#3187=VERTEX_POINT('',#8706);
#3188=VERTEX_POINT('',#8710);
#3189=VERTEX_POINT('',#8712);
#3190=VERTEX_POINT('',#8716);
#3191=VERTEX_POINT('',#8718);
#3192=VERTEX_POINT('',#8722);
#3193=VERTEX_POINT('',#8723);
#3194=VERTEX_POINT('',#8728);
#3195=VERTEX_POINT('',#8732);
#3196=VERTEX_POINT('',#8736);
#3197=VERTEX_POINT('',#8742);
#3198=VERTEX_POINT('',#8743);
#3199=VERTEX_POINT('',#8745);
#3200=VERTEX_POINT('',#8747);
#3201=VERTEX_POINT('',#8749);
#3202=VERTEX_POINT('',#8751);
#3203=VERTEX_POINT('',#8753);
#3204=VERTEX_POINT('',#8755);
#3205=VERTEX_POINT('',#8759);
#3206=VERTEX_POINT('',#8760);
#3207=VERTEX_POINT('',#8765);
#3208=VERTEX_POINT('',#8769);
#3209=VERTEX_POINT('',#8773);
#3210=VERTEX_POINT('',#8777);
#3211=VERTEX_POINT('',#8781);
#3212=VERTEX_POINT('',#8785);
#3213=VERTEX_POINT('',#8789);
#3214=VERTEX_POINT('',#8792);
#3215=VERTEX_POINT('',#8795);
#3216=VERTEX_POINT('',#8798);
#3217=VERTEX_POINT('',#8801);
#3218=VERTEX_POINT('',#8804);
#3219=VERTEX_POINT('',#8807);
#3220=VERTEX_POINT('',#8810);
#3221=VERTEX_POINT('',#8813);
#3222=VERTEX_POINT('',#8816);
#3223=VERTEX_POINT('',#8819);
#3224=VERTEX_POINT('',#8822);
#3225=VERTEX_POINT('',#8825);
#3226=VERTEX_POINT('',#8828);
#3227=VERTEX_POINT('',#8831);
#3228=VERTEX_POINT('',#8834);
#3229=VERTEX_POINT('',#8837);
#3230=VERTEX_POINT('',#8840);
#3231=VERTEX_POINT('',#8843);
#3232=VERTEX_POINT('',#8846);
#3233=VERTEX_POINT('',#8849);
#3234=VERTEX_POINT('',#8852);
#3235=VERTEX_POINT('',#8855);
#3236=VERTEX_POINT('',#8858);
#3237=VERTEX_POINT('',#8861);
#3238=VERTEX_POINT('',#8864);
#3239=VERTEX_POINT('',#8867);
#3240=VERTEX_POINT('',#8870);
#3241=VERTEX_POINT('',#8873);
#3242=VERTEX_POINT('',#8876);
#3243=VERTEX_POINT('',#8879);
#3244=VERTEX_POINT('',#8882);
#3245=VERTEX_POINT('',#8885);
#3246=VERTEX_POINT('',#8888);
#3247=VERTEX_POINT('',#8891);
#3248=VERTEX_POINT('',#8894);
#3249=VERTEX_POINT('',#8897);
#3250=VERTEX_POINT('',#8900);
#3251=VERTEX_POINT('',#8903);
#3252=VERTEX_POINT('',#8906);
#3253=VERTEX_POINT('',#8909);
#3254=VERTEX_POINT('',#8912);
#3255=VERTEX_POINT('',#8915);
#3256=VERTEX_POINT('',#8918);
#3257=VERTEX_POINT('',#8921);
#3258=VERTEX_POINT('',#8924);
#3259=VERTEX_POINT('',#8927);
#3260=VERTEX_POINT('',#8930);
#3261=VERTEX_POINT('',#8933);
#3262=VERTEX_POINT('',#8936);
#3263=VERTEX_POINT('',#8939);
#3264=VERTEX_POINT('',#8942);
#3265=VERTEX_POINT('',#8945);
#3266=VERTEX_POINT('',#8948);
#3267=VERTEX_POINT('',#8951);
#3268=VERTEX_POINT('',#8954);
#3269=VERTEX_POINT('',#8957);
#3270=VERTEX_POINT('',#8960);
#3271=VERTEX_POINT('',#8963);
#3272=VERTEX_POINT('',#8966);
#3273=VERTEX_POINT('',#8969);
#3274=VERTEX_POINT('',#8972);
#3275=VERTEX_POINT('',#8975);
#3276=VERTEX_POINT('',#8978);
#3277=VERTEX_POINT('',#8981);
#3278=VERTEX_POINT('',#8984);
#3279=VERTEX_POINT('',#8987);
#3280=VERTEX_POINT('',#8990);
#3281=VERTEX_POINT('',#8993);
#3282=VERTEX_POINT('',#8996);
#3283=VERTEX_POINT('',#8999);
#3284=VERTEX_POINT('',#9002);
#3285=VERTEX_POINT('',#9005);
#3286=VERTEX_POINT('',#9008);
#3287=VERTEX_POINT('',#9011);
#3288=VERTEX_POINT('',#9014);
#3289=VERTEX_POINT('',#9017);
#3290=VERTEX_POINT('',#9020);
#3291=VERTEX_POINT('',#9023);
#3292=VERTEX_POINT('',#9026);
#3293=VERTEX_POINT('',#9029);
#3294=VERTEX_POINT('',#9032);
#3295=VERTEX_POINT('',#9035);
#3296=VERTEX_POINT('',#9038);
#3297=VERTEX_POINT('',#9041);
#3298=VERTEX_POINT('',#9044);
#3299=VERTEX_POINT('',#9047);
#3300=VERTEX_POINT('',#9050);
#3301=VERTEX_POINT('',#9053);
#3302=VERTEX_POINT('',#9054);
#3303=VERTEX_POINT('',#9056);
#3304=VERTEX_POINT('',#9058);
#3305=VERTEX_POINT('',#9060);
#3306=VERTEX_POINT('',#9062);
#3307=VERTEX_POINT('',#9064);
#3308=VERTEX_POINT('',#9066);
#3309=EDGE_CURVE('',#2993,#2993,#3697,.T.);
#3310=EDGE_CURVE('',#2994,#2994,#3698,.T.);
#3311=EDGE_CURVE('',#2995,#2995,#3699,.T.);
#3312=EDGE_CURVE('',#2996,#2996,#3700,.T.);
#3313=EDGE_CURVE('',#2997,#2997,#3701,.T.);
#3314=EDGE_CURVE('',#2998,#2998,#3702,.T.);
#3315=EDGE_CURVE('',#2999,#2999,#3703,.T.);
#3316=EDGE_CURVE('',#3000,#3000,#3704,.T.);
#3317=EDGE_CURVE('',#3001,#3001,#3705,.T.);
#3318=EDGE_CURVE('',#3002,#3002,#3706,.T.);
#3319=EDGE_CURVE('',#3003,#3003,#3707,.T.);
#3320=EDGE_CURVE('',#3004,#3004,#3708,.T.);
#3321=EDGE_CURVE('',#3005,#3005,#3709,.T.);
#3322=EDGE_CURVE('',#3006,#3006,#3710,.T.);
#3323=EDGE_CURVE('',#3007,#3007,#3711,.T.);
#3324=EDGE_CURVE('',#3008,#3008,#3712,.T.);
#3325=EDGE_CURVE('',#3009,#3009,#3713,.T.);
#3326=EDGE_CURVE('',#3010,#3010,#3714,.T.);
#3327=EDGE_CURVE('',#3011,#3011,#3715,.T.);
#3328=EDGE_CURVE('',#3012,#3012,#3716,.T.);
#3329=EDGE_CURVE('',#3013,#3013,#3717,.T.);
#3330=EDGE_CURVE('',#3014,#3014,#3718,.T.);
#3331=EDGE_CURVE('',#3015,#3015,#3719,.T.);
#3332=EDGE_CURVE('',#3016,#3016,#3720,.T.);
#3333=EDGE_CURVE('',#3017,#3017,#3721,.T.);
#3334=EDGE_CURVE('',#3018,#3018,#3722,.T.);
#3335=EDGE_CURVE('',#3019,#3019,#3723,.T.);
#3336=EDGE_CURVE('',#3020,#3020,#3724,.T.);
#3337=EDGE_CURVE('',#3021,#3021,#3725,.T.);
#3338=EDGE_CURVE('',#3022,#3022,#3726,.T.);
#3339=EDGE_CURVE('',#3023,#3023,#3727,.T.);
#3340=EDGE_CURVE('',#3024,#3024,#3728,.T.);
#3341=EDGE_CURVE('',#3025,#3026,#4381,.T.);
#3342=EDGE_CURVE('',#3026,#3027,#4382,.T.);
#3343=EDGE_CURVE('',#3027,#3028,#4383,.T.);
#3344=EDGE_CURVE('',#3025,#3028,#4384,.T.);
#3345=EDGE_CURVE('',#3026,#3029,#3729,.T.);
#3346=EDGE_CURVE('',#3029,#3030,#4385,.T.);
#3347=EDGE_CURVE('',#3030,#3027,#3730,.T.);
#3348=EDGE_CURVE('',#3029,#3031,#4386,.T.);
#3349=EDGE_CURVE('',#3032,#3031,#4387,.T.);
#3350=EDGE_CURVE('',#3032,#3030,#4388,.T.);
#3351=EDGE_CURVE('',#3033,#3032,#3731,.T.);
#3352=EDGE_CURVE('',#3034,#3033,#4389,.T.);
#3353=EDGE_CURVE('',#3035,#3034,#4390,.T.);
#3354=EDGE_CURVE('',#3028,#3035,#4391,.T.);
#3355=EDGE_CURVE('',#3036,#3037,#4392,.T.);
#3356=EDGE_CURVE('',#3035,#3037,#4393,.T.);
#3357=EDGE_CURVE('',#3036,#3034,#4394,.T.);
#3358=EDGE_CURVE('',#3038,#3036,#4395,.T.);
#3359=EDGE_CURVE('',#3038,#3033,#4396,.T.);
#3360=EDGE_CURVE('',#3031,#3038,#3732,.T.);
#3361=EDGE_CURVE('',#3037,#3025,#4397,.T.);
#3362=EDGE_CURVE('',#3039,#3040,#3733,.T.);
#3363=EDGE_CURVE('',#3040,#3041,#4398,.T.);
#3364=EDGE_CURVE('',#3041,#3042,#3734,.T.);
#3365=EDGE_CURVE('',#3039,#3042,#4399,.T.);
#3366=EDGE_CURVE('',#3043,#3039,#4400,.T.);
#3367=EDGE_CURVE('',#3042,#3044,#4401,.T.);
#3368=EDGE_CURVE('',#3043,#3044,#4402,.T.);
#3369=EDGE_CURVE('',#3045,#3043,#3735,.T.);
#3370=EDGE_CURVE('',#3044,#3046,#3736,.T.);
#3371=EDGE_CURVE('',#3045,#3046,#4403,.T.);
#3372=EDGE_CURVE('',#3047,#3045,#4404,.T.);
#3373=EDGE_CURVE('',#3046,#3048,#4405,.T.);
#3374=EDGE_CURVE('',#3047,#3048,#4406,.T.);
#3375=EDGE_CURVE('',#3049,#3047,#4407,.T.);
#3376=EDGE_CURVE('',#3048,#3050,#4408,.T.);
#3377=EDGE_CURVE('',#3049,#3050,#4409,.T.);
#3378=EDGE_CURVE('',#3051,#3041,#4410,.T.);
#3379=EDGE_CURVE('',#3050,#3051,#4411,.T.);
#3380=EDGE_CURVE('',#3040,#3052,#4412,.T.);
#3381=EDGE_CURVE('',#3051,#3052,#4413,.T.);
#3382=EDGE_CURVE('',#3052,#3049,#4414,.T.);
#3383=EDGE_CURVE('',#3053,#3054,#4415,.T.);
#3384=EDGE_CURVE('',#3054,#3055,#4416,.T.);
#3385=EDGE_CURVE('',#3055,#3056,#4417,.T.);
#3386=EDGE_CURVE('',#3053,#3056,#4418,.T.);
#3387=EDGE_CURVE('',#3054,#3057,#3737,.T.);
#3388=EDGE_CURVE('',#3057,#3058,#4419,.T.);
#3389=EDGE_CURVE('',#3058,#3055,#3738,.T.);
#3390=EDGE_CURVE('',#3057,#3059,#4420,.T.);
#3391=EDGE_CURVE('',#3060,#3059,#4421,.T.);
#3392=EDGE_CURVE('',#3060,#3058,#4422,.T.);
#3393=EDGE_CURVE('',#3061,#3060,#3739,.T.);
#3394=EDGE_CURVE('',#3062,#3061,#4423,.T.);
#3395=EDGE_CURVE('',#3063,#3062,#4424,.T.);
#3396=EDGE_CURVE('',#3056,#3063,#4425,.T.);
#3397=EDGE_CURVE('',#3064,#3065,#4426,.T.);
#3398=EDGE_CURVE('',#3063,#3065,#4427,.T.);
#3399=EDGE_CURVE('',#3064,#3062,#4428,.T.);
#3400=EDGE_CURVE('',#3066,#3064,#4429,.T.);
#3401=EDGE_CURVE('',#3066,#3061,#4430,.T.);
#3402=EDGE_CURVE('',#3059,#3066,#3740,.T.);
#3403=EDGE_CURVE('',#3065,#3053,#4431,.T.);
#3404=EDGE_CURVE('',#3067,#3068,#3741,.T.);
#3405=EDGE_CURVE('',#3068,#3069,#4432,.T.);
#3406=EDGE_CURVE('',#3069,#3070,#3742,.T.);
#3407=EDGE_CURVE('',#3067,#3070,#4433,.T.);
#3408=EDGE_CURVE('',#3071,#3067,#4434,.T.);
#3409=EDGE_CURVE('',#3070,#3072,#4435,.T.);
#3410=EDGE_CURVE('',#3071,#3072,#4436,.T.);
#3411=EDGE_CURVE('',#3073,#3071,#3743,.T.);
#3412=EDGE_CURVE('',#3072,#3074,#3744,.T.);
#3413=EDGE_CURVE('',#3073,#3074,#4437,.T.);
#3414=EDGE_CURVE('',#3075,#3073,#4438,.T.);
#3415=EDGE_CURVE('',#3074,#3076,#4439,.T.);
#3416=EDGE_CURVE('',#3075,#3076,#4440,.T.);
#3417=EDGE_CURVE('',#3077,#3075,#4441,.T.);
#3418=EDGE_CURVE('',#3076,#3078,#4442,.T.);
#3419=EDGE_CURVE('',#3077,#3078,#4443,.T.);
#3420=EDGE_CURVE('',#3079,#3069,#4444,.T.);
#3421=EDGE_CURVE('',#3078,#3079,#4445,.T.);
#3422=EDGE_CURVE('',#3068,#3080,#4446,.T.);
#3423=EDGE_CURVE('',#3079,#3080,#4447,.T.);
#3424=EDGE_CURVE('',#3080,#3077,#4448,.T.);
#3425=EDGE_CURVE('',#3081,#3081,#3745,.T.);
#3426=EDGE_CURVE('',#3082,#3082,#3746,.T.);
#3427=EDGE_CURVE('',#3083,#3083,#3747,.T.);
#3428=EDGE_CURVE('',#3084,#3084,#3748,.T.);
#3429=EDGE_CURVE('',#3085,#3085,#3749,.T.);
#3430=EDGE_CURVE('',#3086,#3086,#3750,.T.);
#3431=EDGE_CURVE('',#3087,#3087,#3751,.T.);
#3432=EDGE_CURVE('',#3088,#3088,#3752,.T.);
#3433=EDGE_CURVE('',#3089,#3089,#3753,.T.);
#3434=EDGE_CURVE('',#3090,#3090,#3754,.T.);
#3435=EDGE_CURVE('',#3091,#3091,#3755,.T.);
#3436=EDGE_CURVE('',#3092,#3092,#3756,.T.);
#3437=EDGE_CURVE('',#3093,#3093,#3757,.T.);
#3438=EDGE_CURVE('',#3094,#3094,#3758,.T.);
#3439=EDGE_CURVE('',#3095,#3095,#3759,.T.);
#3440=EDGE_CURVE('',#3096,#3096,#3760,.T.);
#3441=EDGE_CURVE('',#3097,#3097,#3761,.T.);
#3442=EDGE_CURVE('',#3098,#3098,#3762,.T.);
#3443=EDGE_CURVE('',#3099,#3099,#3763,.T.);
#3444=EDGE_CURVE('',#3100,#3100,#3764,.T.);
#3445=EDGE_CURVE('',#3101,#3101,#3765,.T.);
#3446=EDGE_CURVE('',#3102,#3102,#3766,.T.);
#3447=EDGE_CURVE('',#3103,#3103,#3767,.T.);
#3448=EDGE_CURVE('',#3104,#3104,#3768,.T.);
#3449=EDGE_CURVE('',#3105,#3105,#3769,.T.);
#3450=EDGE_CURVE('',#3106,#3106,#3770,.T.);
#3451=EDGE_CURVE('',#3107,#3107,#3771,.T.);
#3452=EDGE_CURVE('',#3108,#3108,#3772,.T.);
#3453=EDGE_CURVE('',#3109,#3109,#3773,.T.);
#3454=EDGE_CURVE('',#3110,#3110,#3774,.T.);
#3455=EDGE_CURVE('',#3111,#3111,#3775,.T.);
#3456=EDGE_CURVE('',#3112,#3112,#3776,.T.);
#3457=EDGE_CURVE('',#3113,#3113,#3777,.T.);
#3458=EDGE_CURVE('',#3114,#3114,#3778,.T.);
#3459=EDGE_CURVE('',#3115,#3115,#3779,.T.);
#3460=EDGE_CURVE('',#3116,#3116,#3780,.T.);
#3461=EDGE_CURVE('',#3117,#3117,#3781,.T.);
#3462=EDGE_CURVE('',#3118,#3118,#3782,.T.);
#3463=EDGE_CURVE('',#3119,#3119,#3783,.T.);
#3464=EDGE_CURVE('',#3120,#3120,#3784,.T.);
#3465=EDGE_CURVE('',#3121,#3121,#3785,.T.);
#3466=EDGE_CURVE('',#3122,#3122,#3786,.T.);
#3467=EDGE_CURVE('',#3123,#3123,#3787,.T.);
#3468=EDGE_CURVE('',#3124,#3124,#3788,.T.);
#3469=EDGE_CURVE('',#3125,#3125,#3789,.T.);
#3470=EDGE_CURVE('',#3126,#3126,#3790,.T.);
#3471=EDGE_CURVE('',#3127,#3127,#3791,.T.);
#3472=EDGE_CURVE('',#3128,#3128,#3792,.T.);
#3473=EDGE_CURVE('',#3129,#3129,#3793,.T.);
#3474=EDGE_CURVE('',#3130,#3130,#3794,.T.);
#3475=EDGE_CURVE('',#3131,#3131,#3795,.T.);
#3476=EDGE_CURVE('',#3132,#3132,#3796,.T.);
#3477=EDGE_CURVE('',#3133,#3133,#3797,.T.);
#3478=EDGE_CURVE('',#3134,#3134,#3798,.T.);
#3479=EDGE_CURVE('',#3135,#3135,#3799,.T.);
#3480=EDGE_CURVE('',#3136,#3136,#3800,.T.);
#3481=EDGE_CURVE('',#3137,#3138,#4449,.T.);
#3482=EDGE_CURVE('',#3138,#3139,#4450,.T.);
#3483=EDGE_CURVE('',#3139,#3140,#4451,.T.);
#3484=EDGE_CURVE('',#3137,#3140,#4452,.T.);
#3485=EDGE_CURVE('',#3141,#3142,#4453,.T.);
#3486=EDGE_CURVE('',#3143,#3142,#4454,.T.);
#3487=EDGE_CURVE('',#3144,#3143,#4455,.T.);
#3488=EDGE_CURVE('',#3144,#3141,#4456,.T.);
#3489=EDGE_CURVE('',#3145,#3141,#4457,.T.);
#3490=EDGE_CURVE('',#3146,#3144,#4458,.T.);
#3491=EDGE_CURVE('',#3146,#3145,#4459,.T.);
#3492=EDGE_CURVE('',#3147,#3145,#4460,.T.);
#3493=EDGE_CURVE('',#3148,#3146,#4461,.T.);
#3494=EDGE_CURVE('',#3148,#3147,#4462,.T.);
#3495=EDGE_CURVE('',#3149,#3147,#4463,.T.);
#3496=EDGE_CURVE('',#3150,#3148,#4464,.T.);
#3497=EDGE_CURVE('',#3150,#3149,#4465,.T.);
#3498=EDGE_CURVE('',#3151,#3149,#4466,.T.);
#3499=EDGE_CURVE('',#3152,#3150,#4467,.T.);
#3500=EDGE_CURVE('',#3151,#3152,#4468,.T.);
#3501=EDGE_CURVE('',#3142,#3151,#4469,.T.);
#3502=EDGE_CURVE('',#3143,#3152,#4470,.T.);
#3503=EDGE_CURVE('',#3153,#3153,#3801,.T.);
#3504=EDGE_CURVE('',#3154,#3154,#3802,.T.);
#3505=EDGE_CURVE('',#3155,#3156,#4471,.T.);
#3506=EDGE_CURVE('',#3157,#3156,#4472,.T.);
#3507=EDGE_CURVE('',#3158,#3157,#4473,.T.);
#3508=EDGE_CURVE('',#3155,#3158,#4474,.T.);
#3509=EDGE_CURVE('',#3156,#3159,#4475,.T.);
#3510=EDGE_CURVE('',#3159,#3160,#4476,.T.);
#3511=EDGE_CURVE('',#3160,#3157,#4477,.T.);
#3512=EDGE_CURVE('',#3161,#3155,#4478,.T.);
#3513=EDGE_CURVE('',#3161,#3159,#4479,.T.);
#3514=EDGE_CURVE('',#3162,#3163,#4480,.T.);
#3515=EDGE_CURVE('',#3164,#3163,#4481,.T.);
#3516=EDGE_CURVE('',#3165,#3164,#4482,.T.);
#3517=EDGE_CURVE('',#3165,#3162,#4483,.T.);
#3518=EDGE_CURVE('',#3166,#3162,#4484,.T.);
#3519=EDGE_CURVE('',#3167,#3165,#4485,.T.);
#3520=EDGE_CURVE('',#3167,#3166,#4486,.T.);
#3521=EDGE_CURVE('',#3168,#3166,#4487,.T.);
#3522=EDGE_CURVE('',#3169,#3167,#4488,.T.);
#3523=EDGE_CURVE('',#3168,#3169,#4489,.T.);
#3524=EDGE_CURVE('',#3170,#3168,#4490,.T.);
#3525=EDGE_CURVE('',#3171,#3169,#4491,.T.);
#3526=EDGE_CURVE('',#3171,#3170,#4492,.T.);
#3527=EDGE_CURVE('',#3172,#3170,#4493,.T.);
#3528=EDGE_CURVE('',#3173,#3171,#4494,.T.);
#3529=EDGE_CURVE('',#3173,#3172,#4495,.T.);
#3530=EDGE_CURVE('',#3163,#3172,#4496,.T.);
#3531=EDGE_CURVE('',#3164,#3173,#4497,.T.);
#3532=EDGE_CURVE('',#3174,#3174,#3803,.T.);
#3533=EDGE_CURVE('',#3175,#3175,#3804,.T.);
#3534=EDGE_CURVE('',#3176,#3177,#4498,.T.);
#3535=EDGE_CURVE('',#3178,#3177,#4499,.T.);
#3536=EDGE_CURVE('',#3179,#3178,#4500,.T.);
#3537=EDGE_CURVE('',#3176,#3179,#4501,.T.);
#3538=EDGE_CURVE('',#3179,#3180,#4502,.T.);
#3539=EDGE_CURVE('',#3180,#3181,#4503,.T.);
#3540=EDGE_CURVE('',#3181,#3176,#4504,.T.);
#3541=EDGE_CURVE('',#3181,#3182,#4505,.T.);
#3542=EDGE_CURVE('',#3177,#3182,#4506,.T.);
#3543=EDGE_CURVE('',#3182,#3161,#4507,.T.);
#3544=EDGE_CURVE('',#3183,#3158,#4508,.T.);
#3545=EDGE_CURVE('',#3184,#3183,#4509,.T.);
#3546=EDGE_CURVE('',#3178,#3184,#4510,.T.);
#3547=EDGE_CURVE('',#3138,#3185,#3805,.T.);
#3548=EDGE_CURVE('',#3185,#3184,#4511,.T.);
#3549=EDGE_CURVE('',#3183,#3186,#4512,.T.);
#3550=EDGE_CURVE('',#3186,#3139,#3806,.T.);
#3551=EDGE_CURVE('',#3187,#3186,#4513,.T.);
#3552=EDGE_CURVE('',#3140,#3187,#3807,.T.);
#3553=EDGE_CURVE('',#3160,#3188,#4514,.T.);
#3554=EDGE_CURVE('',#3188,#3189,#4515,.T.);
#3555=EDGE_CURVE('',#3187,#3189,#4516,.T.);
#3556=EDGE_CURVE('',#3189,#3190,#3808,.T.);
#3557=EDGE_CURVE('',#3191,#3188,#3809,.T.);
#3558=EDGE_CURVE('',#3190,#3191,#4517,.T.);
#3559=EDGE_CURVE('',#3192,#3193,#4518,.T.);
#3560=EDGE_CURVE('',#3193,#3190,#4519,.T.);
#3561=EDGE_CURVE('',#3191,#3192,#4520,.T.);
#3562=EDGE_CURVE('',#3194,#3192,#3810,.T.);
#3563=EDGE_CURVE('',#3194,#3180,#4521,.T.);
#3564=EDGE_CURVE('',#3195,#3194,#4522,.T.);
#3565=EDGE_CURVE('',#3193,#3195,#3811,.T.);
#3566=EDGE_CURVE('',#3185,#3196,#4523,.T.);
#3567=EDGE_CURVE('',#3195,#3196,#4524,.T.);
#3568=EDGE_CURVE('',#3196,#3137,#3812,.T.);
#3569=EDGE_CURVE('',#3197,#3198,#4525,.T.);
#3570=EDGE_CURVE('',#3198,#3199,#3813,.T.);
#3571=EDGE_CURVE('',#3199,#3200,#4526,.T.);
#3572=EDGE_CURVE('',#3200,#3201,#3814,.T.);
#3573=EDGE_CURVE('',#3201,#3202,#4527,.T.);
#3574=EDGE_CURVE('',#3202,#3203,#3815,.T.);
#3575=EDGE_CURVE('',#3203,#3204,#4528,.T.);
#3576=EDGE_CURVE('',#3204,#3197,#3816,.T.);
#3577=EDGE_CURVE('',#3205,#3206,#4529,.T.);
#3578=EDGE_CURVE('',#3204,#3206,#4530,.T.);
#3579=EDGE_CURVE('',#3203,#3205,#4531,.T.);
#3580=EDGE_CURVE('',#3207,#3205,#3817,.T.);
#3581=EDGE_CURVE('',#3202,#3207,#4532,.T.);
#3582=EDGE_CURVE('',#3208,#3207,#4533,.T.);
#3583=EDGE_CURVE('',#3201,#3208,#4534,.T.);
#3584=EDGE_CURVE('',#3209,#3208,#3818,.T.);
#3585=EDGE_CURVE('',#3200,#3209,#4535,.T.);
#3586=EDGE_CURVE('',#3210,#3209,#4536,.T.);
#3587=EDGE_CURVE('',#3199,#3210,#4537,.T.);
#3588=EDGE_CURVE('',#3211,#3210,#3819,.T.);
#3589=EDGE_CURVE('',#3198,#3211,#4538,.T.);
#3590=EDGE_CURVE('',#3212,#3211,#4539,.T.);
#3591=EDGE_CURVE('',#3212,#3197,#4540,.T.);
#3592=EDGE_CURVE('',#3213,#3213,#3820,.T.);
#3593=EDGE_CURVE('',#3214,#3214,#3821,.T.);
#3594=EDGE_CURVE('',#3215,#3215,#3822,.T.);
#3595=EDGE_CURVE('',#3216,#3216,#3823,.T.);
#3596=EDGE_CURVE('',#3217,#3217,#3824,.T.);
#3597=EDGE_CURVE('',#3218,#3218,#3825,.T.);
#3598=EDGE_CURVE('',#3219,#3219,#3826,.T.);
#3599=EDGE_CURVE('',#3220,#3220,#3827,.T.);
#3600=EDGE_CURVE('',#3221,#3221,#3828,.T.);
#3601=EDGE_CURVE('',#3222,#3222,#3829,.T.);
#3602=EDGE_CURVE('',#3223,#3223,#3830,.T.);
#3603=EDGE_CURVE('',#3224,#3224,#3831,.T.);
#3604=EDGE_CURVE('',#3225,#3225,#3832,.T.);
#3605=EDGE_CURVE('',#3226,#3226,#3833,.T.);
#3606=EDGE_CURVE('',#3227,#3227,#3834,.T.);
#3607=EDGE_CURVE('',#3228,#3228,#3835,.T.);
#3608=EDGE_CURVE('',#3229,#3229,#3836,.T.);
#3609=EDGE_CURVE('',#3230,#3230,#3837,.T.);
#3610=EDGE_CURVE('',#3231,#3231,#3838,.T.);
#3611=EDGE_CURVE('',#3232,#3232,#3839,.T.);
#3612=EDGE_CURVE('',#3233,#3233,#3840,.T.);
#3613=EDGE_CURVE('',#3234,#3234,#3841,.T.);
#3614=EDGE_CURVE('',#3235,#3235,#3842,.T.);
#3615=EDGE_CURVE('',#3236,#3236,#3843,.T.);
#3616=EDGE_CURVE('',#3237,#3237,#3844,.T.);
#3617=EDGE_CURVE('',#3238,#3238,#3845,.T.);
#3618=EDGE_CURVE('',#3239,#3239,#3846,.T.);
#3619=EDGE_CURVE('',#3240,#3240,#3847,.T.);
#3620=EDGE_CURVE('',#3241,#3241,#3848,.T.);
#3621=EDGE_CURVE('',#3242,#3242,#3849,.T.);
#3622=EDGE_CURVE('',#3243,#3243,#3850,.T.);
#3623=EDGE_CURVE('',#3244,#3244,#3851,.T.);
#3624=EDGE_CURVE('',#3245,#3245,#3852,.T.);
#3625=EDGE_CURVE('',#3246,#3246,#3853,.T.);
#3626=EDGE_CURVE('',#3247,#3247,#3854,.T.);
#3627=EDGE_CURVE('',#3248,#3248,#3855,.T.);
#3628=EDGE_CURVE('',#3249,#3249,#3856,.T.);
#3629=EDGE_CURVE('',#3250,#3250,#3857,.T.);
#3630=EDGE_CURVE('',#3251,#3251,#3858,.T.);
#3631=EDGE_CURVE('',#3252,#3252,#3859,.T.);
#3632=EDGE_CURVE('',#3253,#3253,#3860,.T.);
#3633=EDGE_CURVE('',#3254,#3254,#3861,.T.);
#3634=EDGE_CURVE('',#3255,#3255,#3862,.T.);
#3635=EDGE_CURVE('',#3256,#3256,#3863,.T.);
#3636=EDGE_CURVE('',#3257,#3257,#3864,.T.);
#3637=EDGE_CURVE('',#3258,#3258,#3865,.T.);
#3638=EDGE_CURVE('',#3259,#3259,#3866,.T.);
#3639=EDGE_CURVE('',#3260,#3260,#3867,.T.);
#3640=EDGE_CURVE('',#3261,#3261,#3868,.T.);
#3641=EDGE_CURVE('',#3262,#3262,#3869,.T.);
#3642=EDGE_CURVE('',#3263,#3263,#3870,.T.);
#3643=EDGE_CURVE('',#3264,#3264,#3871,.T.);
#3644=EDGE_CURVE('',#3265,#3265,#3872,.T.);
#3645=EDGE_CURVE('',#3266,#3266,#3873,.T.);
#3646=EDGE_CURVE('',#3267,#3267,#3874,.T.);
#3647=EDGE_CURVE('',#3268,#3268,#3875,.T.);
#3648=EDGE_CURVE('',#3269,#3269,#3876,.T.);
#3649=EDGE_CURVE('',#3270,#3270,#3877,.T.);
#3650=EDGE_CURVE('',#3271,#3271,#3878,.T.);
#3651=EDGE_CURVE('',#3272,#3272,#3879,.T.);
#3652=EDGE_CURVE('',#3273,#3273,#3880,.T.);
#3653=EDGE_CURVE('',#3274,#3274,#3881,.T.);
#3654=EDGE_CURVE('',#3275,#3275,#3882,.T.);
#3655=EDGE_CURVE('',#3276,#3276,#3883,.T.);
#3656=EDGE_CURVE('',#3277,#3277,#3884,.T.);
#3657=EDGE_CURVE('',#3278,#3278,#3885,.T.);
#3658=EDGE_CURVE('',#3279,#3279,#3886,.T.);
#3659=EDGE_CURVE('',#3280,#3280,#3887,.T.);
#3660=EDGE_CURVE('',#3281,#3281,#3888,.T.);
#3661=EDGE_CURVE('',#3282,#3282,#3889,.T.);
#3662=EDGE_CURVE('',#3283,#3283,#3890,.T.);
#3663=EDGE_CURVE('',#3284,#3284,#3891,.T.);
#3664=EDGE_CURVE('',#3285,#3285,#3892,.T.);
#3665=EDGE_CURVE('',#3286,#3286,#3893,.T.);
#3666=EDGE_CURVE('',#3287,#3287,#3894,.T.);
#3667=EDGE_CURVE('',#3288,#3288,#3895,.T.);
#3668=EDGE_CURVE('',#3289,#3289,#3896,.T.);
#3669=EDGE_CURVE('',#3290,#3290,#3897,.T.);
#3670=EDGE_CURVE('',#3291,#3291,#3898,.T.);
#3671=EDGE_CURVE('',#3292,#3292,#3899,.T.);
#3672=EDGE_CURVE('',#3293,#3293,#3900,.T.);
#3673=EDGE_CURVE('',#3294,#3294,#3901,.T.);
#3674=EDGE_CURVE('',#3295,#3295,#3902,.T.);
#3675=EDGE_CURVE('',#3296,#3296,#3903,.T.);
#3676=EDGE_CURVE('',#3297,#3297,#3904,.T.);
#3677=EDGE_CURVE('',#3298,#3298,#3905,.T.);
#3678=EDGE_CURVE('',#3299,#3299,#3906,.T.);
#3679=EDGE_CURVE('',#3300,#3300,#3907,.T.);
#3680=EDGE_CURVE('',#3301,#3302,#4541,.T.);
#3681=EDGE_CURVE('',#3303,#3301,#3908,.T.);
#3682=EDGE_CURVE('',#3304,#3303,#4542,.T.);
#3683=EDGE_CURVE('',#3305,#3304,#3909,.T.);
#3684=EDGE_CURVE('',#3306,#3305,#4543,.T.);
#3685=EDGE_CURVE('',#3307,#3306,#3910,.T.);
#3686=EDGE_CURVE('',#3308,#3307,#4544,.T.);
#3687=EDGE_CURVE('',#3302,#3308,#3911,.T.);
#3688=EDGE_CURVE('',#3212,#3308,#3912,.T.);
#3689=EDGE_CURVE('',#3307,#3211,#3913,.T.);
#3690=EDGE_CURVE('',#3306,#3210,#3914,.T.);
#3691=EDGE_CURVE('',#3305,#3209,#3915,.T.);
#3692=EDGE_CURVE('',#3304,#3208,#3916,.T.);
#3693=EDGE_CURVE('',#3303,#3207,#3917,.T.);
#3694=EDGE_CURVE('',#3301,#3205,#3918,.T.);
#3695=EDGE_CURVE('',#3302,#3206,#3919,.T.);
#3696=EDGE_CURVE('',#3206,#3212,#3920,.T.);
#3697=CIRCLE('',#6071,0.349999999999995);
#3698=CIRCLE('',#6073,0.349999999999996);
#3699=CIRCLE('',#6075,0.349999999999997);
#3700=CIRCLE('',#6077,0.349999999999996);
#3701=CIRCLE('',#6079,0.349999999999995);
#3702=CIRCLE('',#6081,0.349999999999996);
#3703=CIRCLE('',#6083,0.349999999999995);
#3704=CIRCLE('',#6085,0.349999999999996);
#3705=CIRCLE('',#6087,0.35);
#3706=CIRCLE('',#6089,0.350000000000001);
#3707=CIRCLE('',#6091,0.35);
#3708=CIRCLE('',#6093,0.350000000000001);
#3709=CIRCLE('',#6095,0.349999999999995);
#3710=CIRCLE('',#6097,0.349999999999996);
#3711=CIRCLE('',#6099,0.349999999999995);
#3712=CIRCLE('',#6101,0.349999999999996);
#3713=CIRCLE('',#6103,0.349999999999995);
#3714=CIRCLE('',#6105,0.349999999999996);
#3715=CIRCLE('',#6107,0.349999999999995);
#3716=CIRCLE('',#6109,0.34999999999999);
#3717=CIRCLE('',#6111,0.349999999999995);
#3718=CIRCLE('',#6113,0.34999999999999);
#3719=CIRCLE('',#6115,0.349999999999995);
#3720=CIRCLE('',#6117,0.34999999999999);
#3721=CIRCLE('',#6119,0.35);
#3722=CIRCLE('',#6121,0.349999999999996);
#3723=CIRCLE('',#6123,0.350000000000005);
#3724=CIRCLE('',#6125,0.34999999999998);
#3725=CIRCLE('',#6127,0.349999999999994);
#3726=CIRCLE('',#6129,0.349999999999999);
#3727=CIRCLE('',#6131,0.349999999999997);
#3728=CIRCLE('',#6133,0.349999999999997);
#3729=CIRCLE('',#6136,0.250000000000003);
#3730=CIRCLE('',#6137,0.250000000000029);
#3731=CIRCLE('',#6140,0.699999999999988);
#3732=CIRCLE('',#6144,0.699999999999969);
#3733=CIRCLE('',#6147,0.249999999999991);
#3734=CIRCLE('',#6148,0.249999999999992);
#3735=CIRCLE('',#6151,0.699999999999956);
#3736=CIRCLE('',#6152,0.699999999999963);
#3737=CIRCLE('',#6160,0.250000000000006);
#3738=CIRCLE('',#6161,0.250000000000019);
#3739=CIRCLE('',#6164,0.700000000000015);
#3740=CIRCLE('',#6168,0.699999999999987);
#3741=CIRCLE('',#6171,0.250000000000002);
#3742=CIRCLE('',#6172,0.249999999999985);
#3743=CIRCLE('',#6175,0.69999999999996);
#3744=CIRCLE('',#6176,0.699999999999925);
#3745=CIRCLE('',#6183,0.350000000000001);
#3746=CIRCLE('',#6185,0.349999999999998);
#3747=CIRCLE('',#6187,0.349999999999987);
#3748=CIRCLE('',#6189,0.349999999999985);
#3749=CIRCLE('',#6191,0.349999999999987);
#3750=CIRCLE('',#6193,0.349999999999985);
#3751=CIRCLE('',#6195,0.349999999999987);
#3752=CIRCLE('',#6197,0.349999999999985);
#3753=CIRCLE('',#6199,0.349999999999998);
#3754=CIRCLE('',#6201,0.349999999999996);
#3755=CIRCLE('',#6203,0.349999999999993);
#3756=CIRCLE('',#6205,0.34999999999999);
#3757=CIRCLE('',#6207,0.349999999999998);
#3758=CIRCLE('',#6209,0.349999999999996);
#3759=CIRCLE('',#6211,0.349999999999998);
#3760=CIRCLE('',#6213,0.349999999999996);
#3761=CIRCLE('',#6215,0.349999999999993);
#3762=CIRCLE('',#6217,0.34999999999999);
#3763=CIRCLE('',#6219,0.350000000000004);
#3764=CIRCLE('',#6221,0.350000000000001);
#3765=CIRCLE('',#6223,0.349999999999998);
#3766=CIRCLE('',#6225,0.349999999999996);
#3767=CIRCLE('',#6227,0.349999999999998);
#3768=CIRCLE('',#6229,0.349999999999996);
#3769=CIRCLE('',#6231,0.349999999999995);
#3770=CIRCLE('',#6233,0.349999999999993);
#3771=CIRCLE('',#6235,0.349999999999995);
#3772=CIRCLE('',#6237,0.349999999999993);
#3773=CIRCLE('',#6239,0.349999999999994);
#3774=CIRCLE('',#6241,0.35000000000001);
#3775=CIRCLE('',#6243,0.35);
#3776=CIRCLE('',#6245,0.350000000000004);
#3777=CIRCLE('',#6247,0.349999999999994);
#3778=CIRCLE('',#6249,0.349999999999999);
#3779=CIRCLE('',#6251,0.349999999999994);
#3780=CIRCLE('',#6253,0.349999999999999);
#3781=CIRCLE('',#6255,0.35);
#3782=CIRCLE('',#6257,0.350000000000004);
#3783=CIRCLE('',#6259,0.349999999999994);
#3784=CIRCLE('',#6261,0.349999999999999);
#3785=CIRCLE('',#6263,0.349999999999994);
#3786=CIRCLE('',#6265,0.349999999999999);
#3787=CIRCLE('',#6267,0.349999999999994);
#3788=CIRCLE('',#6269,0.349999999999999);
#3789=CIRCLE('',#6271,0.349999999999989);
#3790=CIRCLE('',#6273,0.349999999999994);
#3791=CIRCLE('',#6275,0.349999999999989);
#3792=CIRCLE('',#6277,0.349999999999994);
#3793=CIRCLE('',#6279,0.349999999999997);
#3794=CIRCLE('',#6281,0.350000000000002);
#3795=CIRCLE('',#6283,0.349999999999994);
#3796=CIRCLE('',#6285,0.349999999999999);
#3797=CIRCLE('',#6287,0.349999999999992);
#3798=CIRCLE('',#6289,0.349999999999996);
#3799=CIRCLE('',#6291,0.349999999999994);
#3800=CIRCLE('',#6293,0.349999999999999);
#3801=CIRCLE('',#6302,1.3);
#3802=CIRCLE('',#6304,1.3);
#3803=CIRCLE('',#6315,1.3);
#3804=CIRCLE('',#6317,1.3);
#3805=CIRCLE('',#6323,1.);
#3806=CIRCLE('',#6324,1.00000000000001);
#3807=CIRCLE('',#6326,0.999999999999984);
#3808=CIRCLE('',#6329,1.);
#3809=CIRCLE('',#6330,1.);
#3810=CIRCLE('',#6333,1.);
#3811=CIRCLE('',#6335,1.);
#3812=CIRCLE('',#6338,1.);
#3813=CIRCLE('',#6340,2.61999999999998);
#3814=CIRCLE('',#6341,2.61999999999998);
#3815=CIRCLE('',#6342,2.62000000000001);
#3816=CIRCLE('',#6343,2.62000000000001);
#3817=CIRCLE('',#6346,2.62000000000001);
#3818=CIRCLE('',#6349,2.61999999999998);
#3819=CIRCLE('',#6352,2.61999999999996);
#3820=CIRCLE('',#6355,0.650000000000002);
#3821=CIRCLE('',#6357,0.650000000000002);
#3822=CIRCLE('',#6359,0.65);
#3823=CIRCLE('',#6361,0.65);
#3824=CIRCLE('',#6363,0.650000000000004);
#3825=CIRCLE('',#6365,0.650000000000004);
#3826=CIRCLE('',#6367,0.650000000000007);
#3827=CIRCLE('',#6369,0.650000000000007);
#3828=CIRCLE('',#6371,0.649999999999998);
#3829=CIRCLE('',#6373,0.649999999999998);
#3830=CIRCLE('',#6375,0.650000000000007);
#3831=CIRCLE('',#6377,0.650000000000007);
#3832=CIRCLE('',#6379,0.650000000000002);
#3833=CIRCLE('',#6381,0.650000000000002);
#3834=CIRCLE('',#6383,0.650000000000007);
#3835=CIRCLE('',#6385,0.650000000000007);
#3836=CIRCLE('',#6387,0.650000000000002);
#3837=CIRCLE('',#6389,0.650000000000002);
#3838=CIRCLE('',#6391,0.649999999999993);
#3839=CIRCLE('',#6393,0.649999999999993);
#3840=CIRCLE('',#6395,0.650000000000002);
#3841=CIRCLE('',#6397,0.650000000000002);
#3842=CIRCLE('',#6399,0.650000000000002);
#3843=CIRCLE('',#6401,0.650000000000002);
#3844=CIRCLE('',#6403,0.649999999999993);
#3845=CIRCLE('',#6405,0.649999999999993);
#3846=CIRCLE('',#6407,0.649999999999993);
#3847=CIRCLE('',#6409,0.649999999999993);
#3848=CIRCLE('',#6411,0.649999999999997);
#3849=CIRCLE('',#6413,0.649999999999997);
#3850=CIRCLE('',#6415,0.650000000000002);
#3851=CIRCLE('',#6417,0.650000000000002);
#3852=CIRCLE('',#6419,0.649999999999999);
#3853=CIRCLE('',#6421,0.649999999999999);
#3854=CIRCLE('',#6423,0.650000000000011);
#3855=CIRCLE('',#6425,0.650000000000011);
#3856=CIRCLE('',#6427,0.650000000000002);
#3857=CIRCLE('',#6429,0.650000000000002);
#3858=CIRCLE('',#6431,0.650000000000002);
#3859=CIRCLE('',#6433,0.650000000000002);
#3860=CIRCLE('',#6435,0.650000000000002);
#3861=CIRCLE('',#6437,0.650000000000002);
#3862=CIRCLE('',#6439,0.649999999999993);
#3863=CIRCLE('',#6441,0.649999999999993);
#3864=CIRCLE('',#6443,0.649999999999997);
#3865=CIRCLE('',#6445,0.649999999999997);
#3866=CIRCLE('',#6447,0.649999999999997);
#3867=CIRCLE('',#6449,0.649999999999997);
#3868=CIRCLE('',#6451,0.649999999999997);
#3869=CIRCLE('',#6453,0.649999999999997);
#3870=CIRCLE('',#6455,0.649999999999997);
#3871=CIRCLE('',#6457,0.649999999999997);
#3872=CIRCLE('',#6459,0.649999999999993);
#3873=CIRCLE('',#6461,0.649999999999993);
#3874=CIRCLE('',#6463,0.649999999999997);
#3875=CIRCLE('',#6465,0.649999999999997);
#3876=CIRCLE('',#6467,0.649999999999997);
#3877=CIRCLE('',#6469,0.649999999999997);
#3878=CIRCLE('',#6471,0.649999999999999);
#3879=CIRCLE('',#6473,0.649999999999999);
#3880=CIRCLE('',#6475,0.650000000000002);
#3881=CIRCLE('',#6477,0.650000000000002);
#3882=CIRCLE('',#6479,0.649999999999981);
#3883=CIRCLE('',#6481,0.649999999999981);
#3884=CIRCLE('',#6483,0.649999999999999);
#3885=CIRCLE('',#6485,0.649999999999999);
#3886=CIRCLE('',#6487,0.649999999999999);
#3887=CIRCLE('',#6489,0.649999999999999);
#3888=CIRCLE('',#6491,0.649999999999995);
#3889=CIRCLE('',#6493,0.649999999999995);
#3890=CIRCLE('',#6495,0.649999999999995);
#3891=CIRCLE('',#6497,0.649999999999995);
#3892=CIRCLE('',#6499,0.649999999999999);
#3893=CIRCLE('',#6501,0.649999999999999);
#3894=CIRCLE('',#6503,0.649999999999999);
#3895=CIRCLE('',#6505,0.649999999999999);
#3896=CIRCLE('',#6507,0.649999999999999);
#3897=CIRCLE('',#6509,0.649999999999999);
#3898=CIRCLE('',#6511,0.649999999999995);
#3899=CIRCLE('',#6513,0.649999999999995);
#3900=CIRCLE('',#6515,0.649999999999999);
#3901=CIRCLE('',#6517,0.649999999999999);
#3902=CIRCLE('',#6519,0.649999999999999);
#3903=CIRCLE('',#6521,0.649999999999999);
#3904=CIRCLE('',#6523,0.649999999999999);
#3905=CIRCLE('',#6525,0.649999999999999);
#3906=CIRCLE('',#6527,0.649999999999997);
#3907=CIRCLE('',#6529,0.649999999999997);
#3908=CIRCLE('',#6531,2.12000000000001);
#3909=CIRCLE('',#6532,2.11999999999999);
#3910=CIRCLE('',#6533,2.11999999999998);
#3911=CIRCLE('',#6534,2.11999999999998);
#3912=CIRCLE('',#6536,0.500000000000006);
#3913=CIRCLE('',#6537,0.500000000000001);
#3914=CIRCLE('',#6539,0.500000000000004);
#3915=CIRCLE('',#6540,0.500000000000015);
#3916=CIRCLE('',#6542,0.5);
#3917=CIRCLE('',#6543,0.50000000000001);
#3918=CIRCLE('',#6545,0.499999999999997);
#3919=CIRCLE('',#6546,0.499999999999998);
#3920=CIRCLE('',#6548,2.61999999999999);
#3921=COLOUR_RGB('GOLDEN_ORANGE',1.,0.65999847409781,0.);
#3922=COLOUR_RGB('Pale Magenta',1.,0.662745098039216,1.);
#3923=COLOUR_RGB('LIGHT_BLUE',0.,0.65999847409781,1.);
#3924=COLOUR_RGB('ORANGE',1.,0.329991607537957,0.);
#3925=CURVE_STYLE('',#4039,POSITIVE_LENGTH_MEASURE(0.13),#6069);
#3926=CURVE_STYLE('',#4040,POSITIVE_LENGTH_MEASURE(0.13),#3921);
#3927=CURVE_STYLE('',#4041,POSITIVE_LENGTH_MEASURE(0.13),#6069);
#3928=CURVE_STYLE('',#4042,POSITIVE_LENGTH_MEASURE(0.13),#6069);
#3929=CURVE_STYLE('',#4043,POSITIVE_LENGTH_MEASURE(0.13),#3922);
#3930=CURVE_STYLE('',#4044,POSITIVE_LENGTH_MEASURE(0.13),#3922);
#3931=CURVE_STYLE('',#4045,POSITIVE_LENGTH_MEASURE(0.13),#3922);
#3932=CURVE_STYLE('',#4046,POSITIVE_LENGTH_MEASURE(0.13),#3922);
#3933=CURVE_STYLE('',#4047,POSITIVE_LENGTH_MEASURE(0.13),#3922);
#3934=CURVE_STYLE('',#4048,POSITIVE_LENGTH_MEASURE(0.13),#3922);
#3935=CURVE_STYLE('',#4049,POSITIVE_LENGTH_MEASURE(0.13),#3922);
#3936=CURVE_STYLE('',#4050,POSITIVE_LENGTH_MEASURE(0.13),#3922);
#3937=CURVE_STYLE('',#4051,POSITIVE_LENGTH_MEASURE(0.13),#3922);
#3938=CURVE_STYLE('',#4052,POSITIVE_LENGTH_MEASURE(0.13),#3922);
#3939=CURVE_STYLE('',#4053,POSITIVE_LENGTH_MEASURE(0.13),#3922);
#3940=CURVE_STYLE('',#4054,POSITIVE_LENGTH_MEASURE(0.13),#3922);
#3941=CURVE_STYLE('',#4055,POSITIVE_LENGTH_MEASURE(0.13),#3922);
#3942=CURVE_STYLE('',#4056,POSITIVE_LENGTH_MEASURE(0.13),#3922);
#3943=CURVE_STYLE('',#4057,POSITIVE_LENGTH_MEASURE(0.13),#3922);
#3944=CURVE_STYLE('',#4058,POSITIVE_LENGTH_MEASURE(0.13),#3922);
#3945=CURVE_STYLE('',#4059,POSITIVE_LENGTH_MEASURE(0.13),#3922);
#3946=CURVE_STYLE('',#4060,POSITIVE_LENGTH_MEASURE(0.13),#3922);
#3947=CURVE_STYLE('',#4061,POSITIVE_LENGTH_MEASURE(0.13),#3922);
#3948=CURVE_STYLE('',#4062,POSITIVE_LENGTH_MEASURE(0.13),#3922);
#3949=CURVE_STYLE('',#4063,POSITIVE_LENGTH_MEASURE(0.13),#3922);
#3950=CURVE_STYLE('',#4064,POSITIVE_LENGTH_MEASURE(0.13),#3922);
#3951=CURVE_STYLE('',#4065,POSITIVE_LENGTH_MEASURE(0.13),#3922);
#3952=CURVE_STYLE('',#4066,POSITIVE_LENGTH_MEASURE(0.13),#3922);
#3953=CURVE_STYLE('',#4067,POSITIVE_LENGTH_MEASURE(0.13),#3922);
#3954=CURVE_STYLE('',#4068,POSITIVE_LENGTH_MEASURE(0.13),#3922);
#3955=CURVE_STYLE('',#4069,POSITIVE_LENGTH_MEASURE(0.13),#3922);
#3956=CURVE_STYLE('',#4070,POSITIVE_LENGTH_MEASURE(0.13),#3922);
#3957=CURVE_STYLE('',#4071,POSITIVE_LENGTH_MEASURE(0.13),#3922);
#3958=CURVE_STYLE('',#4072,POSITIVE_LENGTH_MEASURE(0.13),#3922);
#3959=CURVE_STYLE('',#4073,POSITIVE_LENGTH_MEASURE(0.13),#3922);
#3960=CURVE_STYLE('',#4074,POSITIVE_LENGTH_MEASURE(0.13),#3922);
#3961=CURVE_STYLE('',#4075,POSITIVE_LENGTH_MEASURE(0.13),#3922);
#3962=CURVE_STYLE('',#4076,POSITIVE_LENGTH_MEASURE(0.13),#3922);
#3963=CURVE_STYLE('',#4077,POSITIVE_LENGTH_MEASURE(0.13),#3922);
#3964=CURVE_STYLE('',#4078,POSITIVE_LENGTH_MEASURE(0.13),#3922);
#3965=CURVE_STYLE('',#4079,POSITIVE_LENGTH_MEASURE(0.13),#3922);
#3966=CURVE_STYLE('',#4080,POSITIVE_LENGTH_MEASURE(0.13),#3922);
#3967=CURVE_STYLE('',#4081,POSITIVE_LENGTH_MEASURE(0.13),#3922);
#3968=CURVE_STYLE('',#4082,POSITIVE_LENGTH_MEASURE(0.13),#3922);
#3969=CURVE_STYLE('',#4083,POSITIVE_LENGTH_MEASURE(0.13),#3922);
#3970=CURVE_STYLE('',#4084,POSITIVE_LENGTH_MEASURE(0.13),#3922);
#3971=CURVE_STYLE('',#4085,POSITIVE_LENGTH_MEASURE(0.13),#3922);
#3972=CURVE_STYLE('',#4086,POSITIVE_LENGTH_MEASURE(0.13),#3922);
#3973=CURVE_STYLE('',#4087,POSITIVE_LENGTH_MEASURE(0.13),#3922);
#3974=CURVE_STYLE('',#4088,POSITIVE_LENGTH_MEASURE(0.13),#3922);
#3975=CURVE_STYLE('',#4089,POSITIVE_LENGTH_MEASURE(0.13),#3922);
#3976=CURVE_STYLE('',#4090,POSITIVE_LENGTH_MEASURE(0.13),#3922);
#3977=CURVE_STYLE('',#4091,POSITIVE_LENGTH_MEASURE(0.13),#3922);
#3978=CURVE_STYLE('',#4092,POSITIVE_LENGTH_MEASURE(0.13),#3922);
#3979=CURVE_STYLE('',#4093,POSITIVE_LENGTH_MEASURE(0.13),#3922);
#3980=CURVE_STYLE('',#4094,POSITIVE_LENGTH_MEASURE(0.13),#3922);
#3981=CURVE_STYLE('',#4095,POSITIVE_LENGTH_MEASURE(0.13),#3922);
#3982=CURVE_STYLE('',#4096,POSITIVE_LENGTH_MEASURE(0.13),#3922);
#3983=CURVE_STYLE('',#4097,POSITIVE_LENGTH_MEASURE(0.13),#3922);
#3984=CURVE_STYLE('',#4098,POSITIVE_LENGTH_MEASURE(0.13),#3922);
#3985=CURVE_STYLE('',#4099,POSITIVE_LENGTH_MEASURE(0.13),#3922);
#3986=CURVE_STYLE('',#4100,POSITIVE_LENGTH_MEASURE(0.13),#3922);
#3987=CURVE_STYLE('',#4101,POSITIVE_LENGTH_MEASURE(0.13),#3922);
#3988=CURVE_STYLE('',#4102,POSITIVE_LENGTH_MEASURE(0.13),#3922);
#3989=CURVE_STYLE('',#4103,POSITIVE_LENGTH_MEASURE(0.13),#3922);
#3990=CURVE_STYLE('',#4104,POSITIVE_LENGTH_MEASURE(0.13),#3922);
#3991=CURVE_STYLE('',#4105,POSITIVE_LENGTH_MEASURE(0.13),#3922);
#3992=CURVE_STYLE('',#4106,POSITIVE_LENGTH_MEASURE(0.13),#3922);
#3993=CURVE_STYLE('',#4107,POSITIVE_LENGTH_MEASURE(0.13),#3922);
#3994=CURVE_STYLE('',#4108,POSITIVE_LENGTH_MEASURE(0.13),#3922);
#3995=CURVE_STYLE('',#4109,POSITIVE_LENGTH_MEASURE(0.13),#3922);
#3996=CURVE_STYLE('',#4110,POSITIVE_LENGTH_MEASURE(0.13),#3922);
#3997=CURVE_STYLE('',#4111,POSITIVE_LENGTH_MEASURE(0.13),#3922);
#3998=CURVE_STYLE('',#4112,POSITIVE_LENGTH_MEASURE(0.13),#3922);
#3999=CURVE_STYLE('',#4113,POSITIVE_LENGTH_MEASURE(0.13),#3922);
#4000=CURVE_STYLE('',#4114,POSITIVE_LENGTH_MEASURE(0.13),#3922);
#4001=CURVE_STYLE('',#4115,POSITIVE_LENGTH_MEASURE(0.13),#3922);
#4002=CURVE_STYLE('',#4116,POSITIVE_LENGTH_MEASURE(0.13),#3922);
#4003=CURVE_STYLE('',#4117,POSITIVE_LENGTH_MEASURE(0.13),#3922);
#4004=CURVE_STYLE('',#4118,POSITIVE_LENGTH_MEASURE(0.13),#3922);
#4005=CURVE_STYLE('',#4119,POSITIVE_LENGTH_MEASURE(0.13),#3922);
#4006=CURVE_STYLE('',#4120,POSITIVE_LENGTH_MEASURE(0.13),#3922);
#4007=CURVE_STYLE('',#4121,POSITIVE_LENGTH_MEASURE(0.13),#3922);
#4008=CURVE_STYLE('',#4122,POSITIVE_LENGTH_MEASURE(0.13),#3922);
#4009=CURVE_STYLE('',#4123,POSITIVE_LENGTH_MEASURE(0.13),#3922);
#4010=CURVE_STYLE('',#4124,POSITIVE_LENGTH_MEASURE(0.13),#3922);
#4011=CURVE_STYLE('',#4125,POSITIVE_LENGTH_MEASURE(0.13),#3922);
#4012=CURVE_STYLE('',#4126,POSITIVE_LENGTH_MEASURE(0.13),#3922);
#4013=CURVE_STYLE('',#4127,POSITIVE_LENGTH_MEASURE(0.13),#3922);
#4014=CURVE_STYLE('',#4128,POSITIVE_LENGTH_MEASURE(0.13),#3922);
#4015=CURVE_STYLE('',#4129,POSITIVE_LENGTH_MEASURE(0.13),#3922);
#4016=CURVE_STYLE('',#4130,POSITIVE_LENGTH_MEASURE(0.13),#3922);
#4017=CURVE_STYLE('',#4131,POSITIVE_LENGTH_MEASURE(0.13),#3922);
#4018=CURVE_STYLE('',#4132,POSITIVE_LENGTH_MEASURE(0.13),#3922);
#4019=CURVE_STYLE('',#4133,POSITIVE_LENGTH_MEASURE(0.13),#3922);
#4020=CURVE_STYLE('',#4134,POSITIVE_LENGTH_MEASURE(0.13),#3922);
#4021=CURVE_STYLE('',#4135,POSITIVE_LENGTH_MEASURE(0.13),#3922);
#4022=CURVE_STYLE('',#4136,POSITIVE_LENGTH_MEASURE(0.13),#3922);
#4023=CURVE_STYLE('',#4137,POSITIVE_LENGTH_MEASURE(0.13),#3922);
#4024=CURVE_STYLE('',#4138,POSITIVE_LENGTH_MEASURE(0.13),#3922);
#4025=CURVE_STYLE('',#4139,POSITIVE_LENGTH_MEASURE(0.13),#3922);
#4026=CURVE_STYLE('',#4140,POSITIVE_LENGTH_MEASURE(0.13),#3922);
#4027=CURVE_STYLE('',#4141,POSITIVE_LENGTH_MEASURE(0.13),#3922);
#4028=CURVE_STYLE('',#4142,POSITIVE_LENGTH_MEASURE(0.13),#3922);
#4029=CURVE_STYLE('',#4143,POSITIVE_LENGTH_MEASURE(0.13),#3922);
#4030=CURVE_STYLE('',#4144,POSITIVE_LENGTH_MEASURE(0.13),#3922);
#4031=CURVE_STYLE('',#4145,POSITIVE_LENGTH_MEASURE(0.13),#3922);
#4032=CURVE_STYLE('',#4146,POSITIVE_LENGTH_MEASURE(0.13),#3922);
#4033=CURVE_STYLE('',#4147,POSITIVE_LENGTH_MEASURE(0.13),#3922);
#4034=CURVE_STYLE('',#4148,POSITIVE_LENGTH_MEASURE(0.13),#3922);
#4035=CURVE_STYLE('',#4149,POSITIVE_LENGTH_MEASURE(0.13),#3922);
#4036=CURVE_STYLE('',#4150,POSITIVE_LENGTH_MEASURE(0.13),#3922);
#4037=CURVE_STYLE('',#4151,POSITIVE_LENGTH_MEASURE(0.13),#3922);
#4038=CURVE_STYLE('',#4152,POSITIVE_LENGTH_MEASURE(0.13),#3922);
#4039=DRAUGHTING_PRE_DEFINED_CURVE_FONT('continuous');
#4040=DRAUGHTING_PRE_DEFINED_CURVE_FONT('continuous');
#4041=DRAUGHTING_PRE_DEFINED_CURVE_FONT('continuous');
#4042=DRAUGHTING_PRE_DEFINED_CURVE_FONT('continuous');
#4043=DRAUGHTING_PRE_DEFINED_CURVE_FONT('chain');
#4044=DRAUGHTING_PRE_DEFINED_CURVE_FONT('chain');
#4045=DRAUGHTING_PRE_DEFINED_CURVE_FONT('chain');
#4046=DRAUGHTING_PRE_DEFINED_CURVE_FONT('chain');
#4047=DRAUGHTING_PRE_DEFINED_CURVE_FONT('chain');
#4048=DRAUGHTING_PRE_DEFINED_CURVE_FONT('chain');
#4049=DRAUGHTING_PRE_DEFINED_CURVE_FONT('chain');
#4050=DRAUGHTING_PRE_DEFINED_CURVE_FONT('chain');
#4051=DRAUGHTING_PRE_DEFINED_CURVE_FONT('chain');
#4052=DRAUGHTING_PRE_DEFINED_CURVE_FONT('chain');
#4053=DRAUGHTING_PRE_DEFINED_CURVE_FONT('chain');
#4054=DRAUGHTING_PRE_DEFINED_CURVE_FONT('chain');
#4055=DRAUGHTING_PRE_DEFINED_CURVE_FONT('chain');
#4056=DRAUGHTING_PRE_DEFINED_CURVE_FONT('chain');
#4057=DRAUGHTING_PRE_DEFINED_CURVE_FONT('chain');
#4058=DRAUGHTING_PRE_DEFINED_CURVE_FONT('chain');
#4059=DRAUGHTING_PRE_DEFINED_CURVE_FONT('chain');
#4060=DRAUGHTING_PRE_DEFINED_CURVE_FONT('chain');
#4061=DRAUGHTING_PRE_DEFINED_CURVE_FONT('chain');
#4062=DRAUGHTING_PRE_DEFINED_CURVE_FONT('chain');
#4063=DRAUGHTING_PRE_DEFINED_CURVE_FONT('chain');
#4064=DRAUGHTING_PRE_DEFINED_CURVE_FONT('chain');
#4065=DRAUGHTING_PRE_DEFINED_CURVE_FONT('chain');
#4066=DRAUGHTING_PRE_DEFINED_CURVE_FONT('chain');
#4067=DRAUGHTING_PRE_DEFINED_CURVE_FONT('chain');
#4068=DRAUGHTING_PRE_DEFINED_CURVE_FONT('chain');
#4069=DRAUGHTING_PRE_DEFINED_CURVE_FONT('chain');
#4070=DRAUGHTING_PRE_DEFINED_CURVE_FONT('chain');
#4071=DRAUGHTING_PRE_DEFINED_CURVE_FONT('chain');
#4072=DRAUGHTING_PRE_DEFINED_CURVE_FONT('chain');
#4073=DRAUGHTING_PRE_DEFINED_CURVE_FONT('chain');
#4074=DRAUGHTING_PRE_DEFINED_CURVE_FONT('chain');
#4075=DRAUGHTING_PRE_DEFINED_CURVE_FONT('chain');
#4076=DRAUGHTING_PRE_DEFINED_CURVE_FONT('chain');
#4077=DRAUGHTING_PRE_DEFINED_CURVE_FONT('chain');
#4078=DRAUGHTING_PRE_DEFINED_CURVE_FONT('chain');
#4079=DRAUGHTING_PRE_DEFINED_CURVE_FONT('chain');
#4080=DRAUGHTING_PRE_DEFINED_CURVE_FONT('chain');
#4081=DRAUGHTING_PRE_DEFINED_CURVE_FONT('chain');
#4082=DRAUGHTING_PRE_DEFINED_CURVE_FONT('chain');
#4083=DRAUGHTING_PRE_DEFINED_CURVE_FONT('chain');
#4084=DRAUGHTING_PRE_DEFINED_CURVE_FONT('chain');
#4085=DRAUGHTING_PRE_DEFINED_CURVE_FONT('chain');
#4086=DRAUGHTING_PRE_DEFINED_CURVE_FONT('chain');
#4087=DRAUGHTING_PRE_DEFINED_CURVE_FONT('chain');
#4088=DRAUGHTING_PRE_DEFINED_CURVE_FONT('chain');
#4089=DRAUGHTING_PRE_DEFINED_CURVE_FONT('chain');
#4090=DRAUGHTING_PRE_DEFINED_CURVE_FONT('chain');
#4091=DRAUGHTING_PRE_DEFINED_CURVE_FONT('chain');
#4092=DRAUGHTING_PRE_DEFINED_CURVE_FONT('chain');
#4093=DRAUGHTING_PRE_DEFINED_CURVE_FONT('chain');
#4094=DRAUGHTING_PRE_DEFINED_CURVE_FONT('chain');
#4095=DRAUGHTING_PRE_DEFINED_CURVE_FONT('chain');
#4096=DRAUGHTING_PRE_DEFINED_CURVE_FONT('chain');
#4097=DRAUGHTING_PRE_DEFINED_CURVE_FONT('chain');
#4098=DRAUGHTING_PRE_DEFINED_CURVE_FONT('chain');
#4099=DRAUGHTING_PRE_DEFINED_CURVE_FONT('chain');
#4100=DRAUGHTING_PRE_DEFINED_CURVE_FONT('chain');
#4101=DRAUGHTING_PRE_DEFINED_CURVE_FONT('chain');
#4102=DRAUGHTING_PRE_DEFINED_CURVE_FONT('chain');
#4103=DRAUGHTING_PRE_DEFINED_CURVE_FONT('chain');
#4104=DRAUGHTING_PRE_DEFINED_CURVE_FONT('chain');
#4105=DRAUGHTING_PRE_DEFINED_CURVE_FONT('chain');
#4106=DRAUGHTING_PRE_DEFINED_CURVE_FONT('chain');
#4107=DRAUGHTING_PRE_DEFINED_CURVE_FONT('chain');
#4108=DRAUGHTING_PRE_DEFINED_CURVE_FONT('chain');
#4109=DRAUGHTING_PRE_DEFINED_CURVE_FONT('chain');
#4110=DRAUGHTING_PRE_DEFINED_CURVE_FONT('chain');
#4111=DRAUGHTING_PRE_DEFINED_CURVE_FONT('chain');
#4112=DRAUGHTING_PRE_DEFINED_CURVE_FONT('chain');
#4113=DRAUGHTING_PRE_DEFINED_CURVE_FONT('chain');
#4114=DRAUGHTING_PRE_DEFINED_CURVE_FONT('chain');
#4115=DRAUGHTING_PRE_DEFINED_CURVE_FONT('chain');
#4116=DRAUGHTING_PRE_DEFINED_CURVE_FONT('chain');
#4117=DRAUGHTING_PRE_DEFINED_CURVE_FONT('chain');
#4118=DRAUGHTING_PRE_DEFINED_CURVE_FONT('chain');
#4119=DRAUGHTING_PRE_DEFINED_CURVE_FONT('chain');
#4120=DRAUGHTING_PRE_DEFINED_CURVE_FONT('chain');
#4121=DRAUGHTING_PRE_DEFINED_CURVE_FONT('chain');
#4122=DRAUGHTING_PRE_DEFINED_CURVE_FONT('chain');
#4123=DRAUGHTING_PRE_DEFINED_CURVE_FONT('chain');
#4124=DRAUGHTING_PRE_DEFINED_CURVE_FONT('chain');
#4125=DRAUGHTING_PRE_DEFINED_CURVE_FONT('chain');
#4126=DRAUGHTING_PRE_DEFINED_CURVE_FONT('chain');
#4127=DRAUGHTING_PRE_DEFINED_CURVE_FONT('chain');
#4128=DRAUGHTING_PRE_DEFINED_CURVE_FONT('chain');
#4129=DRAUGHTING_PRE_DEFINED_CURVE_FONT('chain');
#4130=DRAUGHTING_PRE_DEFINED_CURVE_FONT('chain');
#4131=DRAUGHTING_PRE_DEFINED_CURVE_FONT('chain');
#4132=DRAUGHTING_PRE_DEFINED_CURVE_FONT('chain');
#4133=DRAUGHTING_PRE_DEFINED_CURVE_FONT('chain');
#4134=DRAUGHTING_PRE_DEFINED_CURVE_FONT('chain');
#4135=DRAUGHTING_PRE_DEFINED_CURVE_FONT('chain');
#4136=DRAUGHTING_PRE_DEFINED_CURVE_FONT('chain');
#4137=DRAUGHTING_PRE_DEFINED_CURVE_FONT('chain');
#4138=DRAUGHTING_PRE_DEFINED_CURVE_FONT('chain');
#4139=DRAUGHTING_PRE_DEFINED_CURVE_FONT('chain');
#4140=DRAUGHTING_PRE_DEFINED_CURVE_FONT('chain');
#4141=DRAUGHTING_PRE_DEFINED_CURVE_FONT('chain');
#4142=DRAUGHTING_PRE_DEFINED_CURVE_FONT('chain');
#4143=DRAUGHTING_PRE_DEFINED_CURVE_FONT('chain');
#4144=DRAUGHTING_PRE_DEFINED_CURVE_FONT('chain');
#4145=DRAUGHTING_PRE_DEFINED_CURVE_FONT('chain');
#4146=DRAUGHTING_PRE_DEFINED_CURVE_FONT('chain');
#4147=DRAUGHTING_PRE_DEFINED_CURVE_FONT('chain');
#4148=DRAUGHTING_PRE_DEFINED_CURVE_FONT('chain');
#4149=DRAUGHTING_PRE_DEFINED_CURVE_FONT('chain');
#4150=DRAUGHTING_PRE_DEFINED_CURVE_FONT('chain');
#4151=DRAUGHTING_PRE_DEFINED_CURVE_FONT('chain');
#4152=DRAUGHTING_PRE_DEFINED_CURVE_FONT('chain');
#4153=TRIMMED_CURVE('c50',#4267,(PARAMETER_VALUE(0.)),(
PARAMETER_VALUE(1.)),.T.,.PARAMETER.);
#4154=TRIMMED_CURVE('c58',#4268,(PARAMETER_VALUE(0.)),(
PARAMETER_VALUE(1.)),.T.,.PARAMETER.);
#4155=TRIMMED_CURVE('c153',#4269,(PARAMETER_VALUE(0.)),(
PARAMETER_VALUE(1.)),.T.,.PARAMETER.);
#4156=TRIMMED_CURVE('c160',#4270,(PARAMETER_VALUE(0.)),(
PARAMETER_VALUE(1.)),.T.,.PARAMETER.);
#4157=TRIMMED_CURVE('CL1',#4271,(PARAMETER_VALUE(0.)),(
PARAMETER_VALUE(1.)),.T.,.PARAMETER.);
#4158=TRIMMED_CURVE('CL2',#4272,(PARAMETER_VALUE(0.)),(
PARAMETER_VALUE(1.)),.T.,.PARAMETER.);
#4159=TRIMMED_CURVE('CL3',#4273,(PARAMETER_VALUE(0.)),(
PARAMETER_VALUE(1.)),.T.,.PARAMETER.);
#4160=TRIMMED_CURVE('CL4',#4274,(PARAMETER_VALUE(0.)),(
PARAMETER_VALUE(1.)),.T.,.PARAMETER.);
#4161=TRIMMED_CURVE('CL5',#4275,(PARAMETER_VALUE(0.)),(
PARAMETER_VALUE(1.)),.T.,.PARAMETER.);
#4162=TRIMMED_CURVE('CL6',#4276,(PARAMETER_VALUE(0.)),(
PARAMETER_VALUE(1.)),.T.,.PARAMETER.);
#4163=TRIMMED_CURVE('CL7',#4277,(PARAMETER_VALUE(0.)),(
PARAMETER_VALUE(1.)),.T.,.PARAMETER.);
#4164=TRIMMED_CURVE('CL8',#4278,(PARAMETER_VALUE(0.)),(
PARAMETER_VALUE(1.)),.T.,.PARAMETER.);
#4165=TRIMMED_CURVE('CL9',#4279,(PARAMETER_VALUE(0.)),(
PARAMETER_VALUE(1.)),.T.,.PARAMETER.);
#4166=TRIMMED_CURVE('CL10',#4280,(PARAMETER_VALUE(0.)),(
PARAMETER_VALUE(1.)),.T.,.PARAMETER.);
#4167=TRIMMED_CURVE('CL11',#4281,(PARAMETER_VALUE(0.)),(
PARAMETER_VALUE(1.)),.T.,.PARAMETER.);
#4168=TRIMMED_CURVE('CL12',#4282,(PARAMETER_VALUE(0.)),(
PARAMETER_VALUE(1.)),.T.,.PARAMETER.);
#4169=TRIMMED_CURVE('CL13',#4283,(PARAMETER_VALUE(0.)),(
PARAMETER_VALUE(1.)),.T.,.PARAMETER.);
#4170=TRIMMED_CURVE('CL14',#4284,(PARAMETER_VALUE(0.)),(
PARAMETER_VALUE(1.)),.T.,.PARAMETER.);
#4171=TRIMMED_CURVE('CL15',#4285,(PARAMETER_VALUE(0.)),(
PARAMETER_VALUE(1.)),.T.,.PARAMETER.);
#4172=TRIMMED_CURVE('CL16',#4286,(PARAMETER_VALUE(0.)),(
PARAMETER_VALUE(1.)),.T.,.PARAMETER.);
#4173=TRIMMED_CURVE('CL17',#4287,(PARAMETER_VALUE(0.)),(
PARAMETER_VALUE(1.)),.T.,.PARAMETER.);
#4174=TRIMMED_CURVE('CL18',#4288,(PARAMETER_VALUE(0.)),(
PARAMETER_VALUE(1.)),.T.,.PARAMETER.);
#4175=TRIMMED_CURVE('CL19',#4289,(PARAMETER_VALUE(0.)),(
PARAMETER_VALUE(1.)),.T.,.PARAMETER.);
#4176=TRIMMED_CURVE('CL20',#4290,(PARAMETER_VALUE(0.)),(
PARAMETER_VALUE(1.)),.T.,.PARAMETER.);
#4177=TRIMMED_CURVE('CL21',#4291,(PARAMETER_VALUE(0.)),(
PARAMETER_VALUE(1.)),.T.,.PARAMETER.);
#4178=TRIMMED_CURVE('CL22',#4292,(PARAMETER_VALUE(0.)),(
PARAMETER_VALUE(1.)),.T.,.PARAMETER.);
#4179=TRIMMED_CURVE('CL23',#4293,(PARAMETER_VALUE(0.)),(
PARAMETER_VALUE(1.)),.T.,.PARAMETER.);
#4180=TRIMMED_CURVE('CL24',#4294,(PARAMETER_VALUE(0.)),(
PARAMETER_VALUE(1.)),.T.,.PARAMETER.);
#4181=TRIMMED_CURVE('CL25',#4295,(PARAMETER_VALUE(0.)),(
PARAMETER_VALUE(1.)),.T.,.PARAMETER.);
#4182=TRIMMED_CURVE('CL26',#4296,(PARAMETER_VALUE(0.)),(
PARAMETER_VALUE(1.)),.T.,.PARAMETER.);
#4183=TRIMMED_CURVE('CL27',#4297,(PARAMETER_VALUE(0.)),(
PARAMETER_VALUE(1.)),.T.,.PARAMETER.);
#4184=TRIMMED_CURVE('CL28',#4298,(PARAMETER_VALUE(0.)),(
PARAMETER_VALUE(1.)),.T.,.PARAMETER.);
#4185=TRIMMED_CURVE('CL29',#4299,(PARAMETER_VALUE(0.)),(
PARAMETER_VALUE(1.)),.T.,.PARAMETER.);
#4186=TRIMMED_CURVE('CL30',#4300,(PARAMETER_VALUE(0.)),(
PARAMETER_VALUE(1.)),.T.,.PARAMETER.);
#4187=TRIMMED_CURVE('CL31',#4301,(PARAMETER_VALUE(0.)),(
PARAMETER_VALUE(1.)),.T.,.PARAMETER.);
#4188=TRIMMED_CURVE('CL32',#4302,(PARAMETER_VALUE(0.)),(
PARAMETER_VALUE(1.)),.T.,.PARAMETER.);
#4189=TRIMMED_CURVE('CL33',#4303,(PARAMETER_VALUE(0.)),(
PARAMETER_VALUE(1.)),.T.,.PARAMETER.);
#4190=TRIMMED_CURVE('CL34',#4304,(PARAMETER_VALUE(0.)),(
PARAMETER_VALUE(1.)),.T.,.PARAMETER.);
#4191=TRIMMED_CURVE('CL35',#4305,(PARAMETER_VALUE(0.)),(
PARAMETER_VALUE(1.)),.T.,.PARAMETER.);
#4192=TRIMMED_CURVE('CL36',#4306,(PARAMETER_VALUE(0.)),(
PARAMETER_VALUE(1.)),.T.,.PARAMETER.);
#4193=TRIMMED_CURVE('CL37',#4307,(PARAMETER_VALUE(0.)),(
PARAMETER_VALUE(1.)),.T.,.PARAMETER.);
#4194=TRIMMED_CURVE('CL38',#4308,(PARAMETER_VALUE(0.)),(
PARAMETER_VALUE(1.)),.T.,.PARAMETER.);
#4195=TRIMMED_CURVE('CL39',#4309,(PARAMETER_VALUE(0.)),(
PARAMETER_VALUE(1.)),.T.,.PARAMETER.);
#4196=TRIMMED_CURVE('CL40',#4310,(PARAMETER_VALUE(0.)),(
PARAMETER_VALUE(1.)),.T.,.PARAMETER.);
#4197=TRIMMED_CURVE('CL41',#4311,(PARAMETER_VALUE(0.)),(
PARAMETER_VALUE(1.)),.T.,.PARAMETER.);
#4198=TRIMMED_CURVE('CL42',#4312,(PARAMETER_VALUE(0.)),(
PARAMETER_VALUE(1.)),.T.,.PARAMETER.);
#4199=TRIMMED_CURVE('CL43',#4313,(PARAMETER_VALUE(0.)),(
PARAMETER_VALUE(1.)),.T.,.PARAMETER.);
#4200=TRIMMED_CURVE('CL44',#4314,(PARAMETER_VALUE(0.)),(
PARAMETER_VALUE(1.)),.T.,.PARAMETER.);
#4201=TRIMMED_CURVE('CL45',#4315,(PARAMETER_VALUE(0.)),(
PARAMETER_VALUE(1.)),.T.,.PARAMETER.);
#4202=TRIMMED_CURVE('CL46',#4316,(PARAMETER_VALUE(0.)),(
PARAMETER_VALUE(1.)),.T.,.PARAMETER.);
#4203=TRIMMED_CURVE('CL47',#4317,(PARAMETER_VALUE(0.)),(
PARAMETER_VALUE(1.)),.T.,.PARAMETER.);
#4204=TRIMMED_CURVE('CL48',#4318,(PARAMETER_VALUE(0.)),(
PARAMETER_VALUE(1.)),.T.,.PARAMETER.);
#4205=TRIMMED_CURVE('CL49',#4319,(PARAMETER_VALUE(0.)),(
PARAMETER_VALUE(1.)),.T.,.PARAMETER.);
#4206=TRIMMED_CURVE('CL50',#4320,(PARAMETER_VALUE(0.)),(
PARAMETER_VALUE(1.)),.T.,.PARAMETER.);
#4207=TRIMMED_CURVE('CL51',#4321,(PARAMETER_VALUE(0.)),(
PARAMETER_VALUE(1.)),.T.,.PARAMETER.);
#4208=TRIMMED_CURVE('CL52',#4322,(PARAMETER_VALUE(0.)),(
PARAMETER_VALUE(1.)),.T.,.PARAMETER.);
#4209=TRIMMED_CURVE('CL53',#4323,(PARAMETER_VALUE(0.)),(
PARAMETER_VALUE(1.)),.T.,.PARAMETER.);
#4210=TRIMMED_CURVE('CL54',#4324,(PARAMETER_VALUE(0.)),(
PARAMETER_VALUE(1.)),.T.,.PARAMETER.);
#4211=TRIMMED_CURVE('CL55',#4325,(PARAMETER_VALUE(0.)),(
PARAMETER_VALUE(1.)),.T.,.PARAMETER.);
#4212=TRIMMED_CURVE('CL56',#4326,(PARAMETER_VALUE(0.)),(
PARAMETER_VALUE(1.)),.T.,.PARAMETER.);
#4213=TRIMMED_CURVE('CL57',#4327,(PARAMETER_VALUE(0.)),(
PARAMETER_VALUE(1.)),.T.,.PARAMETER.);
#4214=TRIMMED_CURVE('CL58',#4328,(PARAMETER_VALUE(0.)),(
PARAMETER_VALUE(1.)),.T.,.PARAMETER.);
#4215=TRIMMED_CURVE('CL59',#4329,(PARAMETER_VALUE(0.)),(
PARAMETER_VALUE(1.)),.T.,.PARAMETER.);
#4216=TRIMMED_CURVE('CL60',#4330,(PARAMETER_VALUE(0.)),(
PARAMETER_VALUE(1.)),.T.,.PARAMETER.);
#4217=TRIMMED_CURVE('CL61',#4331,(PARAMETER_VALUE(0.)),(
PARAMETER_VALUE(1.)),.T.,.PARAMETER.);
#4218=TRIMMED_CURVE('CL62',#4332,(PARAMETER_VALUE(0.)),(
PARAMETER_VALUE(1.)),.T.,.PARAMETER.);
#4219=TRIMMED_CURVE('CL63',#4333,(PARAMETER_VALUE(0.)),(
PARAMETER_VALUE(1.)),.T.,.PARAMETER.);
#4220=TRIMMED_CURVE('CL64',#4334,(PARAMETER_VALUE(0.)),(
PARAMETER_VALUE(1.)),.T.,.PARAMETER.);
#4221=TRIMMED_CURVE('CL65',#4335,(PARAMETER_VALUE(0.)),(
PARAMETER_VALUE(1.)),.T.,.PARAMETER.);
#4222=TRIMMED_CURVE('CL66',#4336,(PARAMETER_VALUE(0.)),(
PARAMETER_VALUE(1.)),.T.,.PARAMETER.);
#4223=TRIMMED_CURVE('CL67',#4337,(PARAMETER_VALUE(0.)),(
PARAMETER_VALUE(1.)),.T.,.PARAMETER.);
#4224=TRIMMED_CURVE('CL68',#4338,(PARAMETER_VALUE(0.)),(
PARAMETER_VALUE(1.)),.T.,.PARAMETER.);
#4225=TRIMMED_CURVE('CL69',#4339,(PARAMETER_VALUE(0.)),(
PARAMETER_VALUE(1.)),.T.,.PARAMETER.);
#4226=TRIMMED_CURVE('CL70',#4340,(PARAMETER_VALUE(0.)),(
PARAMETER_VALUE(1.)),.T.,.PARAMETER.);
#4227=TRIMMED_CURVE('CL71',#4341,(PARAMETER_VALUE(0.)),(
PARAMETER_VALUE(1.)),.T.,.PARAMETER.);
#4228=TRIMMED_CURVE('CL72',#4342,(PARAMETER_VALUE(0.)),(
PARAMETER_VALUE(1.)),.T.,.PARAMETER.);
#4229=TRIMMED_CURVE('CL73',#4343,(PARAMETER_VALUE(0.)),(
PARAMETER_VALUE(1.)),.T.,.PARAMETER.);
#4230=TRIMMED_CURVE('CL74',#4344,(PARAMETER_VALUE(0.)),(
PARAMETER_VALUE(1.)),.T.,.PARAMETER.);
#4231=TRIMMED_CURVE('CL75',#4345,(PARAMETER_VALUE(0.)),(
PARAMETER_VALUE(1.)),.T.,.PARAMETER.);
#4232=TRIMMED_CURVE('CL76',#4346,(PARAMETER_VALUE(0.)),(
PARAMETER_VALUE(1.)),.T.,.PARAMETER.);
#4233=TRIMMED_CURVE('CL77',#4347,(PARAMETER_VALUE(0.)),(
PARAMETER_VALUE(1.)),.T.,.PARAMETER.);
#4234=TRIMMED_CURVE('CL78',#4348,(PARAMETER_VALUE(0.)),(
PARAMETER_VALUE(1.)),.T.,.PARAMETER.);
#4235=TRIMMED_CURVE('CL79',#4349,(PARAMETER_VALUE(0.)),(
PARAMETER_VALUE(1.)),.T.,.PARAMETER.);
#4236=TRIMMED_CURVE('CL80',#4350,(PARAMETER_VALUE(0.)),(
PARAMETER_VALUE(1.)),.T.,.PARAMETER.);
#4237=TRIMMED_CURVE('CL81',#4351,(PARAMETER_VALUE(0.)),(
PARAMETER_VALUE(1.)),.T.,.PARAMETER.);
#4238=TRIMMED_CURVE('CL82',#4352,(PARAMETER_VALUE(0.)),(
PARAMETER_VALUE(1.)),.T.,.PARAMETER.);
#4239=TRIMMED_CURVE('CL83',#4353,(PARAMETER_VALUE(0.)),(
PARAMETER_VALUE(1.)),.T.,.PARAMETER.);
#4240=TRIMMED_CURVE('CL84',#4354,(PARAMETER_VALUE(0.)),(
PARAMETER_VALUE(1.)),.T.,.PARAMETER.);
#4241=TRIMMED_CURVE('CL85',#4355,(PARAMETER_VALUE(0.)),(
PARAMETER_VALUE(1.)),.T.,.PARAMETER.);
#4242=TRIMMED_CURVE('CL86',#4356,(PARAMETER_VALUE(0.)),(
PARAMETER_VALUE(1.)),.T.,.PARAMETER.);
#4243=TRIMMED_CURVE('CL87',#4357,(PARAMETER_VALUE(0.)),(
PARAMETER_VALUE(1.)),.T.,.PARAMETER.);
#4244=TRIMMED_CURVE('CL88',#4358,(PARAMETER_VALUE(0.)),(
PARAMETER_VALUE(1.)),.T.,.PARAMETER.);
#4245=TRIMMED_CURVE('CL89',#4359,(PARAMETER_VALUE(0.)),(
PARAMETER_VALUE(1.)),.T.,.PARAMETER.);
#4246=TRIMMED_CURVE('CL90',#4360,(PARAMETER_VALUE(0.)),(
PARAMETER_VALUE(1.)),.T.,.PARAMETER.);
#4247=TRIMMED_CURVE('CL91',#4361,(PARAMETER_VALUE(0.)),(
PARAMETER_VALUE(1.)),.T.,.PARAMETER.);
#4248=TRIMMED_CURVE('CL92',#4362,(PARAMETER_VALUE(0.)),(
PARAMETER_VALUE(1.)),.T.,.PARAMETER.);
#4249=TRIMMED_CURVE('CL93',#4363,(PARAMETER_VALUE(0.)),(
PARAMETER_VALUE(1.)),.T.,.PARAMETER.);
#4250=TRIMMED_CURVE('CL94',#4364,(PARAMETER_VALUE(0.)),(
PARAMETER_VALUE(1.)),.T.,.PARAMETER.);
#4251=TRIMMED_CURVE('CL95',#4365,(PARAMETER_VALUE(0.)),(
PARAMETER_VALUE(1.)),.T.,.PARAMETER.);
#4252=TRIMMED_CURVE('CL96',#4366,(PARAMETER_VALUE(0.)),(
PARAMETER_VALUE(1.)),.T.,.PARAMETER.);
#4253=TRIMMED_CURVE('CL97',#4367,(PARAMETER_VALUE(0.)),(
PARAMETER_VALUE(1.)),.T.,.PARAMETER.);
#4254=TRIMMED_CURVE('CL98',#4368,(PARAMETER_VALUE(0.)),(
PARAMETER_VALUE(1.)),.T.,.PARAMETER.);
#4255=TRIMMED_CURVE('CL99',#4369,(PARAMETER_VALUE(0.)),(
PARAMETER_VALUE(1.)),.T.,.PARAMETER.);
#4256=TRIMMED_CURVE('CL100',#4370,(PARAMETER_VALUE(0.)),(
PARAMETER_VALUE(1.)),.T.,.PARAMETER.);
#4257=TRIMMED_CURVE('CL101',#4371,(PARAMETER_VALUE(0.)),(
PARAMETER_VALUE(1.)),.T.,.PARAMETER.);
#4258=TRIMMED_CURVE('CL102',#4372,(PARAMETER_VALUE(0.)),(
PARAMETER_VALUE(1.)),.T.,.PARAMETER.);
#4259=TRIMMED_CURVE('CL103',#4373,(PARAMETER_VALUE(0.)),(
PARAMETER_VALUE(1.)),.T.,.PARAMETER.);
#4260=TRIMMED_CURVE('CL104',#4374,(PARAMETER_VALUE(0.)),(
PARAMETER_VALUE(1.)),.T.,.PARAMETER.);
#4261=TRIMMED_CURVE('CL105',#4375,(PARAMETER_VALUE(0.)),(
PARAMETER_VALUE(1.)),.T.,.PARAMETER.);
#4262=TRIMMED_CURVE('CL106',#4376,(PARAMETER_VALUE(0.)),(
PARAMETER_VALUE(1.)),.T.,.PARAMETER.);
#4263=TRIMMED_CURVE('CL107',#4377,(PARAMETER_VALUE(0.)),(
PARAMETER_VALUE(1.)),.T.,.PARAMETER.);
#4264=TRIMMED_CURVE('CL108',#4378,(PARAMETER_VALUE(0.)),(
PARAMETER_VALUE(1.)),.T.,.PARAMETER.);
#4265=TRIMMED_CURVE('CL109',#4379,(PARAMETER_VALUE(0.)),(
PARAMETER_VALUE(1.)),.T.,.PARAMETER.);
#4266=TRIMMED_CURVE('CL110',#4380,(PARAMETER_VALUE(0.)),(
PARAMETER_VALUE(1.)),.T.,.PARAMETER.);
#4267=LINE('c50',#8010,#4545);
#4268=LINE('c58',#8011,#4546);
#4269=LINE('c153',#8012,#4547);
#4270=LINE('c160',#8013,#4548);
#4271=LINE('CL1',#8014,#4549);
#4272=LINE('CL2',#8015,#4550);
#4273=LINE('CL3',#8016,#4551);
#4274=LINE('CL4',#8017,#4552);
#4275=LINE('CL5',#8018,#4553);
#4276=LINE('CL6',#8019,#4554);
#4277=LINE('CL7',#8020,#4555);
#4278=LINE('CL8',#8021,#4556);
#4279=LINE('CL9',#8022,#4557);
#4280=LINE('CL10',#8023,#4558);
#4281=LINE('CL11',#8024,#4559);
#4282=LINE('CL12',#8025,#4560);
#4283=LINE('CL13',#8026,#4561);
#4284=LINE('CL14',#8027,#4562);
#4285=LINE('CL15',#8028,#4563);
#4286=LINE('CL16',#8029,#4564);
#4287=LINE('CL17',#8030,#4565);
#4288=LINE('CL18',#8031,#4566);
#4289=LINE('CL19',#8032,#4567);
#4290=LINE('CL20',#8033,#4568);
#4291=LINE('CL21',#8034,#4569);
#4292=LINE('CL22',#8035,#4570);
#4293=LINE('CL23',#8036,#4571);
#4294=LINE('CL24',#8037,#4572);
#4295=LINE('CL25',#8038,#4573);
#4296=LINE('CL26',#8039,#4574);
#4297=LINE('CL27',#8040,#4575);
#4298=LINE('CL28',#8041,#4576);
#4299=LINE('CL29',#8042,#4577);
#4300=LINE('CL30',#8043,#4578);
#4301=LINE('CL31',#8044,#4579);
#4302=LINE('CL32',#8045,#4580);
#4303=LINE('CL33',#8046,#4581);
#4304=LINE('CL34',#8047,#4582);
#4305=LINE('CL35',#8048,#4583);
#4306=LINE('CL36',#8049,#4584);
#4307=LINE('CL37',#8050,#4585);
#4308=LINE('CL38',#8051,#4586);
#4309=LINE('CL39',#8052,#4587);
#4310=LINE('CL40',#8053,#4588);
#4311=LINE('CL41',#8054,#4589);
#4312=LINE('CL42',#8055,#4590);
#4313=LINE('CL43',#8056,#4591);
#4314=LINE('CL44',#8057,#4592);
#4315=LINE('CL45',#8058,#4593);
#4316=LINE('CL46',#8059,#4594);
#4317=LINE('CL47',#8060,#4595);
#4318=LINE('CL48',#8061,#4596);
#4319=LINE('CL49',#8062,#4597);
#4320=LINE('CL50',#8063,#4598);
#4321=LINE('CL51',#8064,#4599);
#4322=LINE('CL52',#8065,#4600);
#4323=LINE('CL53',#8066,#4601);
#4324=LINE('CL54',#8067,#4602);
#4325=LINE('CL55',#8068,#4603);
#4326=LINE('CL56',#8069,#4604);
#4327=LINE('CL57',#8070,#4605);
#4328=LINE('CL58',#8071,#4606);
#4329=LINE('CL59',#8072,#4607);
#4330=LINE('CL60',#8073,#4608);
#4331=LINE('CL61',#8074,#4609);
#4332=LINE('CL62',#8075,#4610);
#4333=LINE('CL63',#8076,#4611);
#4334=LINE('CL64',#8077,#4612);
#4335=LINE('CL65',#8078,#4613);
#4336=LINE('CL66',#8079,#4614);
#4337=LINE('CL67',#8080,#4615);
#4338=LINE('CL68',#8081,#4616);
#4339=LINE('CL69',#8082,#4617);
#4340=LINE('CL70',#8083,#4618);
#4341=LINE('CL71',#8084,#4619);
#4342=LINE('CL72',#8085,#4620);
#4343=LINE('CL73',#8086,#4621);
#4344=LINE('CL74',#8087,#4622);
#4345=LINE('CL75',#8088,#4623);
#4346=LINE('CL76',#8089,#4624);
#4347=LINE('CL77',#8090,#4625);
#4348=LINE('CL78',#8091,#4626);
#4349=LINE('CL79',#8092,#4627);
#4350=LINE('CL80',#8093,#4628);
#4351=LINE('CL81',#8094,#4629);
#4352=LINE('CL82',#8095,#4630);
#4353=LINE('CL83',#8096,#4631);
#4354=LINE('CL84',#8097,#4632);
#4355=LINE('CL85',#8098,#4633);
#4356=LINE('CL86',#8099,#4634);
#4357=LINE('CL87',#8100,#4635);
#4358=LINE('CL88',#8101,#4636);
#4359=LINE('CL89',#8102,#4637);
#4360=LINE('CL90',#8103,#4638);
#4361=LINE('CL91',#8104,#4639);
#4362=LINE('CL92',#8105,#4640);
#4363=LINE('CL93',#8106,#4641);
#4364=LINE('CL94',#8107,#4642);
#4365=LINE('CL95',#8108,#4643);
#4366=LINE('CL96',#8109,#4644);
#4367=LINE('CL97',#8110,#4645);
#4368=LINE('CL98',#8111,#4646);
#4369=LINE('CL99',#8112,#4647);
#4370=LINE('CL100',#8113,#4648);
#4371=LINE('CL101',#8114,#4649);
#4372=LINE('CL102',#8115,#4650);
#4373=LINE('CL103',#8116,#4651);
#4374=LINE('CL104',#8117,#4652);
#4375=LINE('CL105',#8118,#4653);
#4376=LINE('CL106',#8119,#4654);
#4377=LINE('CL107',#8120,#4655);
#4378=LINE('CL108',#8121,#4656);
#4379=LINE('CL109',#8122,#4657);
#4380=LINE('CL110',#8123,#4658);
#4381=LINE('',#8220,#4659);
#4382=LINE('',#8223,#4660);
#4383=LINE('',#8225,#4661);
#4384=LINE('',#8227,#4662);
#4385=LINE('',#8231,#4663);
#4386=LINE('',#8235,#4664);
#4387=LINE('',#8237,#4665);
#4388=LINE('',#8239,#4666);
#4389=LINE('',#8243,#4667);
#4390=LINE('',#8245,#4668);
#4391=LINE('',#8247,#4669);
#4392=LINE('',#8249,#4670);
#4393=LINE('',#8252,#4671);
#4394=LINE('',#8253,#4672);
#4395=LINE('',#8255,#4673);
#4396=LINE('',#8257,#4674);
#4397=LINE('',#8261,#4675);
#4398=LINE('',#8266,#4676);
#4399=LINE('',#8270,#4677);
#4400=LINE('',#8272,#4678);
#4401=LINE('',#8274,#4679);
#4402=LINE('',#8276,#4680);
#4403=LINE('',#8282,#4681);
#4404=LINE('',#8284,#4682);
#4405=LINE('',#8286,#4683);
#4406=LINE('',#8288,#4684);
#4407=LINE('',#8290,#4685);
#4408=LINE('',#8292,#4686);
#4409=LINE('',#8294,#4687);
#4410=LINE('',#8296,#4688);
#4411=LINE('',#8298,#4689);
#4412=LINE('',#8300,#4690);
#4413=LINE('',#8302,#4691);
#4414=LINE('',#8304,#4692);
#4415=LINE('',#8306,#4693);
#4416=LINE('',#8309,#4694);
#4417=LINE('',#8311,#4695);
#4418=LINE('',#8313,#4696);
#4419=LINE('',#8317,#4697);
#4420=LINE('',#8321,#4698);
#4421=LINE('',#8323,#4699);
#4422=LINE('',#8325,#4700);
#4423=LINE('',#8329,#4701);
#4424=LINE('',#8331,#4702);
#4425=LINE('',#8333,#4703);
#4426=LINE('',#8335,#4704);
#4427=LINE('',#8338,#4705);
#4428=LINE('',#8339,#4706);
#4429=LINE('',#8341,#4707);
#4430=LINE('',#8343,#4708);
#4431=LINE('',#8347,#4709);
#4432=LINE('',#8352,#4710);
#4433=LINE('',#8356,#4711);
#4434=LINE('',#8358,#4712);
#4435=LINE('',#8360,#4713);
#4436=LINE('',#8362,#4714);
#4437=LINE('',#8368,#4715);
#4438=LINE('',#8370,#4716);
#4439=LINE('',#8372,#4717);
#4440=LINE('',#8374,#4718);
#4441=LINE('',#8376,#4719);
#4442=LINE('',#8378,#4720);
#4443=LINE('',#8380,#4721);
#4444=LINE('',#8382,#4722);
#4445=LINE('',#8384,#4723);
#4446=LINE('',#8386,#4724);
#4447=LINE('',#8388,#4725);
#4448=LINE('',#8390,#4726);
#4449=LINE('',#8560,#4727);
#4450=LINE('',#8563,#4728);
#4451=LINE('',#8565,#4729);
#4452=LINE('',#8567,#4730);
#4453=LINE('',#8569,#4731);
#4454=LINE('',#8572,#4732);
#4455=LINE('',#8574,#4733);
#4456=LINE('',#8576,#4734);
#4457=LINE('',#8578,#4735);
#4458=LINE('',#8580,#4736);
#4459=LINE('',#8582,#4737);
#4460=LINE('',#8584,#4738);
#4461=LINE('',#8586,#4739);
#4462=LINE('',#8588,#4740);
#4463=LINE('',#8590,#4741);
#4464=LINE('',#8592,#4742);
#4465=LINE('',#8594,#4743);
#4466=LINE('',#8596,#4744);
#4467=LINE('',#8598,#4745);
#4468=LINE('',#8600,#4746);
#4469=LINE('',#8602,#4747);
#4470=LINE('',#8603,#4748);
#4471=LINE('',#8611,#4749);
#4472=LINE('',#8614,#4750);
#4473=LINE('',#8616,#4751);
#4474=LINE('',#8618,#4752);
#4475=LINE('',#8620,#4753);
#4476=LINE('',#8622,#4754);
#4477=LINE('',#8624,#4755);
#4478=LINE('',#8626,#4756);
#4479=LINE('',#8628,#4757);
#4480=LINE('',#8630,#4758);
#4481=LINE('',#8633,#4759);
#4482=LINE('',#8635,#4760);
#4483=LINE('',#8637,#4761);
#4484=LINE('',#8639,#4762);
#4485=LINE('',#8641,#4763);
#4486=LINE('',#8643,#4764);
#4487=LINE('',#8645,#4765);
#4488=LINE('',#8647,#4766);
#4489=LINE('',#8649,#4767);
#4490=LINE('',#8651,#4768);
#4491=LINE('',#8653,#4769);
#4492=LINE('',#8655,#4770);
#4493=LINE('',#8657,#4771);
#4494=LINE('',#8659,#4772);
#4495=LINE('',#8661,#4773);
#4496=LINE('',#8663,#4774);
#4497=LINE('',#8664,#4775);
#4498=LINE('',#8672,#4776);
#4499=LINE('',#8675,#4777);
#4500=LINE('',#8677,#4778);
#4501=LINE('',#8679,#4779);
#4502=LINE('',#8681,#4780);
#4503=LINE('',#8683,#4781);
#4504=LINE('',#8685,#4782);
#4505=LINE('',#8687,#4783);
#4506=LINE('',#8689,#4784);
#4507=LINE('',#8691,#4785);
#4508=LINE('',#8692,#4786);
#4509=LINE('',#8694,#4787);
#4510=LINE('',#8696,#4788);
#4511=LINE('',#8700,#4789);
#4512=LINE('',#8701,#4790);
#4513=LINE('',#8705,#4791);
#4514=LINE('',#8709,#4792);
#4515=LINE('',#8711,#4793);
#4516=LINE('',#8713,#4794);
#4517=LINE('',#8719,#4795);
#4518=LINE('',#8721,#4796);
#4519=LINE('',#8724,#4797);
#4520=LINE('',#8725,#4798);
#4521=LINE('',#8729,#4799);
#4522=LINE('',#8731,#4800);
#4523=LINE('',#8735,#4801);
#4524=LINE('',#8737,#4802);
#4525=LINE('',#8741,#4803);
#4526=LINE('',#8746,#4804);
#4527=LINE('',#8750,#4805);
#4528=LINE('',#8754,#4806);
#4529=LINE('',#8758,#4807);
#4530=LINE('',#8761,#4808);
#4531=LINE('',#8762,#4809);
#4532=LINE('',#8766,#4810);
#4533=LINE('',#8768,#4811);
#4534=LINE('',#8770,#4812);
#4535=LINE('',#8774,#4813);
#4536=LINE('',#8776,#4814);
#4537=LINE('',#8778,#4815);
#4538=LINE('',#8782,#4816);
#4539=LINE('',#8784,#4817);
#4540=LINE('',#8786,#4818);
#4541=LINE('',#9052,#4819);
#4542=LINE('',#9057,#4820);
#4543=LINE('',#9061,#4821);
#4544=LINE('',#9065,#4822);
#4545=VECTOR('',#6552,57.7640719074623);
#4546=VECTOR('',#6553,12.8901808871189);
#4547=VECTOR('',#6554,12.5203155239356);
#4548=VECTOR('',#6555,54.007763537564);
#4549=VECTOR('',#6556,5.4);
#4550=VECTOR('',#6557,5.4);
#4551=VECTOR('',#6558,5.4);
#4552=VECTOR('',#6559,5.39999999999999);
#4553=VECTOR('',#6560,0.400000000000006);
#4554=VECTOR('',#6561,0.400000000000006);
#4555=VECTOR('',#6562,0.400000000000006);
#4556=VECTOR('',#6563,0.400000000000006);
#4557=VECTOR('',#6564,0.400000000000006);
#4558=VECTOR('',#6565,0.400000000000006);
#4559=VECTOR('',#6566,0.400000000000006);
#4560=VECTOR('',#6567,0.400000000000006);
#4561=VECTOR('',#6568,10.29);
#4562=VECTOR('',#6569,10.29);
#4563=VECTOR('',#6570,1.);
#4564=VECTOR('',#6571,1.);
#4565=VECTOR('',#6572,1.);
#4566=VECTOR('',#6573,1.);
#4567=VECTOR('',#6574,1.);
#4568=VECTOR('',#6575,1.);
#4569=VECTOR('',#6576,1.);
#4570=VECTOR('',#6577,1.);
#4571=VECTOR('',#6578,1.);
#4572=VECTOR('',#6579,1.);
#4573=VECTOR('',#6580,1.);
#4574=VECTOR('',#6581,1.);
#4575=VECTOR('',#6582,1.);
#4576=VECTOR('',#6583,1.);
#4577=VECTOR('',#6584,1.);
#4578=VECTOR('',#6585,1.);
#4579=VECTOR('',#6586,1.);
#4580=VECTOR('',#6587,1.);
#4581=VECTOR('',#6588,1.);
#4582=VECTOR('',#6589,1.);
#4583=VECTOR('',#6590,1.);
#4584=VECTOR('',#6591,1.);
#4585=VECTOR('',#6592,1.);
#4586=VECTOR('',#6593,1.);
#4587=VECTOR('',#6594,1.);
#4588=VECTOR('',#6595,1.);
#4589=VECTOR('',#6596,1.);
#4590=VECTOR('',#6597,1.);
#4591=VECTOR('',#6598,1.);
#4592=VECTOR('',#6599,1.);
#4593=VECTOR('',#6600,1.);
#4594=VECTOR('',#6601,1.);
#4595=VECTOR('',#6602,1.);
#4596=VECTOR('',#6603,1.);
#4597=VECTOR('',#6604,1.);
#4598=VECTOR('',#6605,1.);
#4599=VECTOR('',#6606,1.);
#4600=VECTOR('',#6607,1.);
#4601=VECTOR('',#6608,1.);
#4602=VECTOR('',#6609,1.);
#4603=VECTOR('',#6610,1.);
#4604=VECTOR('',#6611,1.);
#4605=VECTOR('',#6612,1.);
#4606=VECTOR('',#6613,1.);
#4607=VECTOR('',#6614,3.55);
#4608=VECTOR('',#6615,3.55);
#4609=VECTOR('',#6616,3.55);
#4610=VECTOR('',#6617,3.55);
#4611=VECTOR('',#6618,3.55);
#4612=VECTOR('',#6619,3.55);
#4613=VECTOR('',#6620,3.55);
#4614=VECTOR('',#6621,3.55);
#4615=VECTOR('',#6622,3.55);
#4616=VECTOR('',#6623,3.55);
#4617=VECTOR('',#6624,3.55);
#4618=VECTOR('',#6625,3.55);
#4619=VECTOR('',#6626,3.55);
#4620=VECTOR('',#6627,3.55);
#4621=VECTOR('',#6628,3.55);
#4622=VECTOR('',#6629,3.55);
#4623=VECTOR('',#6630,3.55);
#4624=VECTOR('',#6631,3.55);
#4625=VECTOR('',#6632,3.55);
#4626=VECTOR('',#6633,3.55);
#4627=VECTOR('',#6634,3.55);
#4628=VECTOR('',#6635,3.55);
#4629=VECTOR('',#6636,3.55);
#4630=VECTOR('',#6637,3.55);
#4631=VECTOR('',#6638,3.55);
#4632=VECTOR('',#6639,3.55);
#4633=VECTOR('',#6640,3.55);
#4634=VECTOR('',#6641,3.55);
#4635=VECTOR('',#6642,3.55);
#4636=VECTOR('',#6643,3.55);
#4637=VECTOR('',#6644,3.55);
#4638=VECTOR('',#6645,3.55);
#4639=VECTOR('',#6646,3.55);
#4640=VECTOR('',#6647,3.55);
#4641=VECTOR('',#6648,3.55);
#4642=VECTOR('',#6649,3.55);
#4643=VECTOR('',#6650,3.55);
#4644=VECTOR('',#6651,3.55);
#4645=VECTOR('',#6652,3.55);
#4646=VECTOR('',#6653,3.55);
#4647=VECTOR('',#6654,3.55);
#4648=VECTOR('',#6655,3.55);
#4649=VECTOR('',#6656,3.55);
#4650=VECTOR('',#6657,3.55);
#4651=VECTOR('',#6658,32.3401788965375);
#4652=VECTOR('',#6659,2.83304024716118);
#4653=VECTOR('',#6660,33.3240834488908);
#4654=VECTOR('',#6661,2.83304024716108);
#4655=VECTOR('',#6662,16.4);
#4656=VECTOR('',#6663,3.40000000000016);
#4657=VECTOR('',#6664,16.4);
#4658=VECTOR('',#6665,3.40000000000017);
#4659=VECTOR('',#6794,1.);
#4660=VECTOR('',#6795,1.);
#4661=VECTOR('',#6796,1.);
#4662=VECTOR('',#6797,1.);
#4663=VECTOR('',#6802,1.);
#4664=VECTOR('',#6807,1.);
#4665=VECTOR('',#6808,1.);
#4666=VECTOR('',#6809,1.);
#4667=VECTOR('',#6814,1.);
#4668=VECTOR('',#6815,1.);
#4669=VECTOR('',#6816,1.);
#4670=VECTOR('',#6819,1.);
#4671=VECTOR('',#6820,1.);
#4672=VECTOR('',#6821,1.);
#4673=VECTOR('',#6824,1.);
#4674=VECTOR('',#6825,1.);
#4675=VECTOR('',#6832,1.);
#4676=VECTOR('',#6837,1.);
#4677=VECTOR('',#6840,1.);
#4678=VECTOR('',#6843,1.);
#4679=VECTOR('',#6844,1.);
#4680=VECTOR('',#6845,1.);
#4681=VECTOR('',#6852,1.);
#4682=VECTOR('',#6855,1.);
#4683=VECTOR('',#6856,1.);
#4684=VECTOR('',#6857,1.);
#4685=VECTOR('',#6860,1.);
#4686=VECTOR('',#6861,1.);
#4687=VECTOR('',#6862,1.);
#4688=VECTOR('',#6865,1.);
#4689=VECTOR('',#6866,1.);
#4690=VECTOR('',#6869,1.);
#4691=VECTOR('',#6870,1.);
#4692=VECTOR('',#6873,1.);
#4693=VECTOR('',#6876,1.);
#4694=VECTOR('',#6877,1.);
#4695=VECTOR('',#6878,1.);
#4696=VECTOR('',#6879,1.);
#4697=VECTOR('',#6884,1.);
#4698=VECTOR('',#6889,1.);
#4699=VECTOR('',#6890,1.);
#4700=VECTOR('',#6891,1.);
#4701=VECTOR('',#6896,1.);
#4702=VECTOR('',#6897,1.);
#4703=VECTOR('',#6898,1.);
#4704=VECTOR('',#6901,1.);
#4705=VECTOR('',#6902,1.);
#4706=VECTOR('',#6903,1.);
#4707=VECTOR('',#6906,1.);
#4708=VECTOR('',#6907,1.);
#4709=VECTOR('',#6914,1.);
#4710=VECTOR('',#6919,1.);
#4711=VECTOR('',#6922,1.);
#4712=VECTOR('',#6925,1.);
#4713=VECTOR('',#6926,1.);
#4714=VECTOR('',#6927,1.);
#4715=VECTOR('',#6934,1.);
#4716=VECTOR('',#6937,1.);
#4717=VECTOR('',#6938,1.);
#4718=VECTOR('',#6939,1.);
#4719=VECTOR('',#6942,1.);
#4720=VECTOR('',#6943,1.);
#4721=VECTOR('',#6944,1.);
#4722=VECTOR('',#6947,1.);
#4723=VECTOR('',#6948,1.);
#4724=VECTOR('',#6951,1.);
#4725=VECTOR('',#6952,1.);
#4726=VECTOR('',#6955,1.);
#4727=VECTOR('',#7182,1.);
#4728=VECTOR('',#7183,1.);
#4729=VECTOR('',#7184,1.);
#4730=VECTOR('',#7185,1.);
#4731=VECTOR('',#7188,1.);
#4732=VECTOR('',#7189,1.);
#4733=VECTOR('',#7190,1.);
#4734=VECTOR('',#7191,1.);
#4735=VECTOR('',#7194,1.);
#4736=VECTOR('',#7195,1.);
#4737=VECTOR('',#7196,1.);
#4738=VECTOR('',#7199,1.);
#4739=VECTOR('',#7200,1.);
#4740=VECTOR('',#7201,1.);
#4741=VECTOR('',#7204,1.);
#4742=VECTOR('',#7205,1.);
#4743=VECTOR('',#7206,1.);
#4744=VECTOR('',#7209,1.);
#4745=VECTOR('',#7210,1.);
#4746=VECTOR('',#7211,1.);
#4747=VECTOR('',#7214,1.);
#4748=VECTOR('',#7215,1.);
#4749=VECTOR('',#7226,1.);
#4750=VECTOR('',#7227,1.);
#4751=VECTOR('',#7228,1.);
#4752=VECTOR('',#7229,1.);
#4753=VECTOR('',#7232,1.);
#4754=VECTOR('',#7233,1.);
#4755=VECTOR('',#7234,1.);
#4756=VECTOR('',#7237,1.);
#4757=VECTOR('',#7238,1.);
#4758=VECTOR('',#7241,1.);
#4759=VECTOR('',#7242,1.);
#4760=VECTOR('',#7243,1.);
#4761=VECTOR('',#7244,1.);
#4762=VECTOR('',#7247,1.);
#4763=VECTOR('',#7248,1.);
#4764=VECTOR('',#7249,1.);
#4765=VECTOR('',#7252,1.);
#4766=VECTOR('',#7253,1.);
#4767=VECTOR('',#7254,1.);
#4768=VECTOR('',#7257,1.);
#4769=VECTOR('',#7258,1.);
#4770=VECTOR('',#7259,1.);
#4771=VECTOR('',#7262,1.);
#4772=VECTOR('',#7263,1.);
#4773=VECTOR('',#7264,1.);
#4774=VECTOR('',#7267,1.);
#4775=VECTOR('',#7268,1.);
#4776=VECTOR('',#7279,1.);
#4777=VECTOR('',#7280,1.);
#4778=VECTOR('',#7281,1.);
#4779=VECTOR('',#7282,1.);
#4780=VECTOR('',#7285,1.);
#4781=VECTOR('',#7286,1.);
#4782=VECTOR('',#7287,1.);
#4783=VECTOR('',#7290,1.);
#4784=VECTOR('',#7291,1.);
#4785=VECTOR('',#7294,1.);
#4786=VECTOR('',#7295,1.);
#4787=VECTOR('',#7296,1.);
#4788=VECTOR('',#7297,1.);
#4789=VECTOR('',#7302,1.);
#4790=VECTOR('',#7303,1.);
#4791=VECTOR('',#7308,1.);
#4792=VECTOR('',#7313,1.);
#4793=VECTOR('',#7314,1.);
#4794=VECTOR('',#7315,1.);
#4795=VECTOR('',#7322,1.);
#4796=VECTOR('',#7325,1.);
#4797=VECTOR('',#7326,1.);
#4798=VECTOR('',#7327,1.);
#4799=VECTOR('',#7332,1.);
#4800=VECTOR('',#7335,1.);
#4801=VECTOR('',#7340,1.);
#4802=VECTOR('',#7341,1.);
#4803=VECTOR('',#7348,1.);
#4804=VECTOR('',#7351,1.);
#4805=VECTOR('',#7354,1.);
#4806=VECTOR('',#7357,1.);
#4807=VECTOR('',#7362,1.);
#4808=VECTOR('',#7363,1.);
#4809=VECTOR('',#7364,1.);
#4810=VECTOR('',#7369,1.);
#4811=VECTOR('',#7372,1.);
#4812=VECTOR('',#7373,1.);
#4813=VECTOR('',#7378,1.);
#4814=VECTOR('',#7381,1.);
#4815=VECTOR('',#7382,1.);
#4816=VECTOR('',#7387,1.);
#4817=VECTOR('',#7390,1.);
#4818=VECTOR('',#7391,1.);
#4819=VECTOR('',#7746,1.);
#4820=VECTOR('',#7749,1.);
#4821=VECTOR('',#7752,1.);
#4822=VECTOR('',#7755,1.);
#4823=INVISIBILITY((#4824,#4825));
#4824=PRESENTATION_LAYER_ASSIGNMENT('151','Layer 151',(#7789,#7790,#7791,
#7792,#7793,#7794,#7795,#7796,#7797,#7798,#7799,#7800,#7801,#7802,#7803,
#7804,#7805,#7806,#7807,#7808,#7809,#7810,#7811,#7812,#7813,#7814,#7815,
#7816,#7817,#7818,#7819,#7820,#7821,#7822,#7823,#7824,#7825,#7826,#7827,
#7828,#7829,#7830,#7831,#7832,#7833,#7834,#7835,#7836,#7837,#7838,#7839,
#7840,#7841,#7842,#7843,#7844,#7845,#7846,#7847,#7848,#7849,#7850,#7851,
#7852,#7853,#7854,#7855,#7856,#7857,#7858,#7859,#7860,#7861,#7862,#7863,
#7864,#7865,#7866,#7867,#7868,#7869,#7870,#7871,#7872,#7873,#7874,#7875,
#7876,#7877,#7878,#7879,#7880,#7881,#7882,#7883,#7884,#7885,#7886,#7887,
#7888,#7889,#7890,#7891,#7892,#7893,#7894,#7895,#7896,#7897,#7898,#7899,
#7900,#7901,#7902,#7903,#7904,#7905,#7906,#7907,#7908,#7909,#7910,#7911,
#7912,#7913,#7914,#7915,#7916,#7917,#7918,#7919,#7920,#7921,#7922,#7923,
#7924,#7925,#7926,#7927,#7928,#7929,#7930,#7931,#7932,#7933,#7934,#7935,
#7936,#7937,#7938,#7939,#7940,#7941,#7942,#7943,#7944,#7945,#7946,#7947,
#7948,#7949,#7950,#7951,#7952,#7953,#7954,#7955,#7956,#7957,#7958,#7959,
#7960,#7961,#7962,#7963,#7964,#7965,#7966,#7967,#7968,#7969,#7970,#7971,
#7972,#7973,#7974,#7975,#7976,#7977,#7978,#7979,#7980,#7981,#7982,#7983,
#7984,#7985,#7986,#7987,#7988,#7989,#7990,#7991,#7992,#7993,#7994,#7995,
#7996,#7997,#7998,#7999,#8000,#8001,#8002,#8003,#8004,#8005,#8006,#8007,
#8008,#8009,#4157,#4158,#4159,#4160,#4161,#4162,#4163,#4164,#4165,#4166,
#4167,#4168,#4169,#4170,#4171,#4172,#4173,#4174,#4175,#4176,#4177,#4178,
#4179,#4180,#4181,#4182,#4183,#4184,#4185,#4186,#4187,#4188,#4189,#4190,
#4191,#4192,#4193,#4194,#4195,#4196,#4197,#4198,#4199,#4200,#4201,#4202,
#4203,#4204,#4205,#4206,#4207,#4208,#4209,#4210,#4211,#4212,#4213,#4214,
#4215,#4216,#4217,#4218,#4219,#4220,#4221,#4222,#4223,#4224,#4225,#4226,
#4227,#4228,#4229,#4230,#4231,#4232,#4233,#4234,#4235,#4236,#4237,#4238,
#4239,#4240,#4241,#4242,#4243,#4244,#4245,#4246,#4247,#4248,#4249,#4250,
#4251,#4252,#4253,#4254,#4255,#4256,#4257,#4258,#4259,#4260,#4261,#4262,
#4263,#4264,#4265,#4266));
#4825=PRESENTATION_LAYER_ASSIGNMENT('150','Layer 150',(#4153,#4154,#4155,
#4156));
#4826=PRESENTATION_LAYER_ASSIGNMENT('1','Layer 1',(#801));
#4827=STYLED_ITEM('',(#5163),#7789);
#4828=STYLED_ITEM('',(#5164),#7790);
#4829=STYLED_ITEM('',(#5165),#7791);
#4830=STYLED_ITEM('',(#5166),#7792);
#4831=STYLED_ITEM('',(#5167),#7793);
#4832=STYLED_ITEM('',(#5168),#7794);
#4833=STYLED_ITEM('',(#5169),#7795);
#4834=STYLED_ITEM('',(#5170),#7796);
#4835=STYLED_ITEM('',(#5171),#7797);
#4836=STYLED_ITEM('',(#5172),#7798);
#4837=STYLED_ITEM('',(#5173),#7799);
#4838=STYLED_ITEM('',(#5174),#7800);
#4839=STYLED_ITEM('',(#5175),#7801);
#4840=STYLED_ITEM('',(#5176),#7802);
#4841=STYLED_ITEM('',(#5177),#7803);
#4842=STYLED_ITEM('',(#5178),#7804);
#4843=STYLED_ITEM('',(#5179),#7805);
#4844=STYLED_ITEM('',(#5180),#7806);
#4845=STYLED_ITEM('',(#5181),#7807);
#4846=STYLED_ITEM('',(#5182),#7808);
#4847=STYLED_ITEM('',(#5183),#7809);
#4848=STYLED_ITEM('',(#5184),#7810);
#4849=STYLED_ITEM('',(#5185),#7811);
#4850=STYLED_ITEM('',(#5186),#7812);
#4851=STYLED_ITEM('',(#5187),#7813);
#4852=STYLED_ITEM('',(#5188),#7814);
#4853=STYLED_ITEM('',(#5189),#7815);
#4854=STYLED_ITEM('',(#5190),#7816);
#4855=STYLED_ITEM('',(#5191),#7817);
#4856=STYLED_ITEM('',(#5192),#7818);
#4857=STYLED_ITEM('',(#5193),#7819);
#4858=STYLED_ITEM('',(#5194),#7820);
#4859=STYLED_ITEM('',(#5195),#7821);
#4860=STYLED_ITEM('',(#5196),#7822);
#4861=STYLED_ITEM('',(#5197),#7823);
#4862=STYLED_ITEM('',(#5198),#7824);
#4863=STYLED_ITEM('',(#5199),#7825);
#4864=STYLED_ITEM('',(#5200),#7826);
#4865=STYLED_ITEM('',(#5201),#7827);
#4866=STYLED_ITEM('',(#5202),#7828);
#4867=STYLED_ITEM('',(#5203),#7829);
#4868=STYLED_ITEM('',(#5204),#7830);
#4869=STYLED_ITEM('',(#5205),#7831);
#4870=STYLED_ITEM('',(#5206),#7832);
#4871=STYLED_ITEM('',(#5207),#7833);
#4872=STYLED_ITEM('',(#5208),#7834);
#4873=STYLED_ITEM('',(#5209),#7835);
#4874=STYLED_ITEM('',(#5210),#7836);
#4875=STYLED_ITEM('',(#5211),#7837);
#4876=STYLED_ITEM('',(#5212),#7838);
#4877=STYLED_ITEM('',(#5213),#7839);
#4878=STYLED_ITEM('',(#5214),#7840);
#4879=STYLED_ITEM('',(#5215),#7841);
#4880=STYLED_ITEM('',(#5216),#7842);
#4881=STYLED_ITEM('',(#5217),#7843);
#4882=STYLED_ITEM('',(#5218),#7844);
#4883=STYLED_ITEM('',(#5219),#7845);
#4884=STYLED_ITEM('',(#5220),#7846);
#4885=STYLED_ITEM('',(#5221),#7847);
#4886=STYLED_ITEM('',(#5222),#7848);
#4887=STYLED_ITEM('',(#5223),#7849);
#4888=STYLED_ITEM('',(#5224),#7850);
#4889=STYLED_ITEM('',(#5225),#7851);
#4890=STYLED_ITEM('',(#5226),#7852);
#4891=STYLED_ITEM('',(#5227),#7853);
#4892=STYLED_ITEM('',(#5228),#7854);
#4893=STYLED_ITEM('',(#5229),#7855);
#4894=STYLED_ITEM('',(#5230),#7856);
#4895=STYLED_ITEM('',(#5231),#7857);
#4896=STYLED_ITEM('',(#5232),#7858);
#4897=STYLED_ITEM('',(#5233),#7859);
#4898=STYLED_ITEM('',(#5234),#7860);
#4899=STYLED_ITEM('',(#5235),#7861);
#4900=STYLED_ITEM('',(#5236),#7862);
#4901=STYLED_ITEM('',(#5237),#7863);
#4902=STYLED_ITEM('',(#5238),#7864);
#4903=STYLED_ITEM('',(#5239),#7865);
#4904=STYLED_ITEM('',(#5240),#7866);
#4905=STYLED_ITEM('',(#5241),#7867);
#4906=STYLED_ITEM('',(#5242),#7868);
#4907=STYLED_ITEM('',(#5243),#7869);
#4908=STYLED_ITEM('',(#5244),#7870);
#4909=STYLED_ITEM('',(#5245),#7871);
#4910=STYLED_ITEM('',(#5246),#7872);
#4911=STYLED_ITEM('',(#5247),#7873);
#4912=STYLED_ITEM('',(#5248),#7874);
#4913=STYLED_ITEM('',(#5249),#7875);
#4914=STYLED_ITEM('',(#5250),#7876);
#4915=STYLED_ITEM('',(#5251),#7877);
#4916=STYLED_ITEM('',(#5252),#7878);
#4917=STYLED_ITEM('',(#5253),#7879);
#4918=STYLED_ITEM('',(#5254),#7880);
#4919=STYLED_ITEM('',(#5255),#7881);
#4920=STYLED_ITEM('',(#5256),#7882);
#4921=STYLED_ITEM('',(#5257),#7883);
#4922=STYLED_ITEM('',(#5258),#7884);
#4923=STYLED_ITEM('',(#5259),#7885);
#4924=STYLED_ITEM('',(#5260),#7886);
#4925=STYLED_ITEM('',(#5261),#7887);
#4926=STYLED_ITEM('',(#5262),#7888);
#4927=STYLED_ITEM('',(#5263),#7889);
#4928=STYLED_ITEM('',(#5264),#7890);
#4929=STYLED_ITEM('',(#5265),#7891);
#4930=STYLED_ITEM('',(#5266),#7892);
#4931=STYLED_ITEM('',(#5267),#7893);
#4932=STYLED_ITEM('',(#5268),#7894);
#4933=STYLED_ITEM('',(#5269),#7895);
#4934=STYLED_ITEM('',(#5270),#7896);
#4935=STYLED_ITEM('',(#5271),#7897);
#4936=STYLED_ITEM('',(#5272),#7898);
#4937=STYLED_ITEM('',(#5273),#7899);
#4938=STYLED_ITEM('',(#5274),#7900);
#4939=STYLED_ITEM('',(#5275),#7901);
#4940=STYLED_ITEM('',(#5276),#7902);
#4941=STYLED_ITEM('',(#5277),#7903);
#4942=STYLED_ITEM('',(#5278),#7904);
#4943=STYLED_ITEM('',(#5279),#7905);
#4944=STYLED_ITEM('',(#5280),#7906);
#4945=STYLED_ITEM('',(#5281),#7907);
#4946=STYLED_ITEM('',(#5282),#7908);
#4947=STYLED_ITEM('',(#5283),#7909);
#4948=STYLED_ITEM('',(#5284),#7910);
#4949=STYLED_ITEM('',(#5285),#7911);
#4950=STYLED_ITEM('',(#5286),#7912);
#4951=STYLED_ITEM('',(#5287),#7913);
#4952=STYLED_ITEM('',(#5288),#7914);
#4953=STYLED_ITEM('',(#5289),#7915);
#4954=STYLED_ITEM('',(#5290),#7916);
#4955=STYLED_ITEM('',(#5291),#7917);
#4956=STYLED_ITEM('',(#5292),#7918);
#4957=STYLED_ITEM('',(#5293),#7919);
#4958=STYLED_ITEM('',(#5294),#7920);
#4959=STYLED_ITEM('',(#5295),#7921);
#4960=STYLED_ITEM('',(#5296),#7922);
#4961=STYLED_ITEM('',(#5297),#7923);
#4962=STYLED_ITEM('',(#5298),#7924);
#4963=STYLED_ITEM('',(#5299),#7925);
#4964=STYLED_ITEM('',(#5300),#7926);
#4965=STYLED_ITEM('',(#5301),#7927);
#4966=STYLED_ITEM('',(#5302),#7928);
#4967=STYLED_ITEM('',(#5303),#7929);
#4968=STYLED_ITEM('',(#5304),#7930);
#4969=STYLED_ITEM('',(#5305),#7931);
#4970=STYLED_ITEM('',(#5306),#7932);
#4971=STYLED_ITEM('',(#5307),#7933);
#4972=STYLED_ITEM('',(#5308),#7934);
#4973=STYLED_ITEM('',(#5309),#7935);
#4974=STYLED_ITEM('',(#5310),#7936);
#4975=STYLED_ITEM('',(#5311),#7937);
#4976=STYLED_ITEM('',(#5312),#7938);
#4977=STYLED_ITEM('',(#5313),#7939);
#4978=STYLED_ITEM('',(#5314),#7940);
#4979=STYLED_ITEM('',(#5315),#7941);
#4980=STYLED_ITEM('',(#5316),#7942);
#4981=STYLED_ITEM('',(#5317),#7943);
#4982=STYLED_ITEM('',(#5318),#7944);
#4983=STYLED_ITEM('',(#5319),#7945);
#4984=STYLED_ITEM('',(#5320),#7946);
#4985=STYLED_ITEM('',(#5321),#7947);
#4986=STYLED_ITEM('',(#5322),#7948);
#4987=STYLED_ITEM('',(#5323),#7949);
#4988=STYLED_ITEM('',(#5324),#7950);
#4989=STYLED_ITEM('',(#5325),#7951);
#4990=STYLED_ITEM('',(#5326),#7952);
#4991=STYLED_ITEM('',(#5327),#7953);
#4992=STYLED_ITEM('',(#5328),#7954);
#4993=STYLED_ITEM('',(#5329),#7955);
#4994=STYLED_ITEM('',(#5330),#7956);
#4995=STYLED_ITEM('',(#5331),#7957);
#4996=STYLED_ITEM('',(#5332),#7958);
#4997=STYLED_ITEM('',(#5333),#7959);
#4998=STYLED_ITEM('',(#5334),#7960);
#4999=STYLED_ITEM('',(#5335),#7961);
#5000=STYLED_ITEM('',(#5336),#7962);
#5001=STYLED_ITEM('',(#5337),#7963);
#5002=STYLED_ITEM('',(#5338),#7964);
#5003=STYLED_ITEM('',(#5339),#7965);
#5004=STYLED_ITEM('',(#5340),#7966);
#5005=STYLED_ITEM('',(#5341),#7967);
#5006=STYLED_ITEM('',(#5342),#7968);
#5007=STYLED_ITEM('',(#5343),#7969);
#5008=STYLED_ITEM('',(#5344),#7970);
#5009=STYLED_ITEM('',(#5345),#7971);
#5010=STYLED_ITEM('',(#5346),#7972);
#5011=STYLED_ITEM('',(#5347),#7973);
#5012=STYLED_ITEM('',(#5348),#7974);
#5013=STYLED_ITEM('',(#5349),#7975);
#5014=STYLED_ITEM('',(#5350),#7976);
#5015=STYLED_ITEM('',(#5351),#7977);
#5016=STYLED_ITEM('',(#5352),#7978);
#5017=STYLED_ITEM('',(#5353),#7979);
#5018=STYLED_ITEM('',(#5354),#7980);
#5019=STYLED_ITEM('',(#5355),#7981);
#5020=STYLED_ITEM('',(#5356),#7982);
#5021=STYLED_ITEM('',(#5357),#7983);
#5022=STYLED_ITEM('',(#5358),#7984);
#5023=STYLED_ITEM('',(#5359),#7985);
#5024=STYLED_ITEM('',(#5360),#7986);
#5025=STYLED_ITEM('',(#5361),#7987);
#5026=STYLED_ITEM('',(#5362),#7988);
#5027=STYLED_ITEM('',(#5363),#7989);
#5028=STYLED_ITEM('',(#5364),#7990);
#5029=STYLED_ITEM('',(#5365),#7991);
#5030=STYLED_ITEM('',(#5366),#7992);
#5031=STYLED_ITEM('',(#5367),#7993);
#5032=STYLED_ITEM('',(#5368),#7994);
#5033=STYLED_ITEM('',(#5369),#7995);
#5034=STYLED_ITEM('',(#5370),#7996);
#5035=STYLED_ITEM('',(#5371),#7997);
#5036=STYLED_ITEM('',(#5372),#7998);
#5037=STYLED_ITEM('',(#5373),#7999);
#5038=STYLED_ITEM('',(#5374),#8000);
#5039=STYLED_ITEM('',(#5375),#8001);
#5040=STYLED_ITEM('',(#5376),#8002);
#5041=STYLED_ITEM('',(#5377),#8003);
#5042=STYLED_ITEM('',(#5378),#8004);
#5043=STYLED_ITEM('',(#5379),#8005);
#5044=STYLED_ITEM('',(#5380),#8006);
#5045=STYLED_ITEM('',(#5381),#8007);
#5046=STYLED_ITEM('',(#5382),#8008);
#5047=STYLED_ITEM('',(#5383),#8009);
#5048=STYLED_ITEM('',(#5384),#4153);
#5049=STYLED_ITEM('',(#5385),#4154);
#5050=STYLED_ITEM('',(#5386),#4155);
#5051=STYLED_ITEM('',(#5387),#4156);
#5052=STYLED_ITEM('',(#5388),#4157);
#5053=STYLED_ITEM('',(#5389),#4158);
#5054=STYLED_ITEM('',(#5390),#4159);
#5055=STYLED_ITEM('',(#5391),#4160);
#5056=STYLED_ITEM('',(#5392),#4161);
#5057=STYLED_ITEM('',(#5393),#4162);
#5058=STYLED_ITEM('',(#5394),#4163);
#5059=STYLED_ITEM('',(#5395),#4164);
#5060=STYLED_ITEM('',(#5396),#4165);
#5061=STYLED_ITEM('',(#5397),#4166);
#5062=STYLED_ITEM('',(#5398),#4167);
#5063=STYLED_ITEM('',(#5399),#4168);
#5064=STYLED_ITEM('',(#5400),#4169);
#5065=STYLED_ITEM('',(#5401),#4170);
#5066=STYLED_ITEM('',(#5402),#4171);
#5067=STYLED_ITEM('',(#5403),#4172);
#5068=STYLED_ITEM('',(#5404),#4173);
#5069=STYLED_ITEM('',(#5405),#4174);
#5070=STYLED_ITEM('',(#5406),#4175);
#5071=STYLED_ITEM('',(#5407),#4176);
#5072=STYLED_ITEM('',(#5408),#4177);
#5073=STYLED_ITEM('',(#5409),#4178);
#5074=STYLED_ITEM('',(#5410),#4179);
#5075=STYLED_ITEM('',(#5411),#4180);
#5076=STYLED_ITEM('',(#5412),#4181);
#5077=STYLED_ITEM('',(#5413),#4182);
#5078=STYLED_ITEM('',(#5414),#4183);
#5079=STYLED_ITEM('',(#5415),#4184);
#5080=STYLED_ITEM('',(#5416),#4185);
#5081=STYLED_ITEM('',(#5417),#4186);
#5082=STYLED_ITEM('',(#5418),#4187);
#5083=STYLED_ITEM('',(#5419),#4188);
#5084=STYLED_ITEM('',(#5420),#4189);
#5085=STYLED_ITEM('',(#5421),#4190);
#5086=STYLED_ITEM('',(#5422),#4191);
#5087=STYLED_ITEM('',(#5423),#4192);
#5088=STYLED_ITEM('',(#5424),#4193);
#5089=STYLED_ITEM('',(#5425),#4194);
#5090=STYLED_ITEM('',(#5426),#4195);
#5091=STYLED_ITEM('',(#5427),#4196);
#5092=STYLED_ITEM('',(#5428),#4197);
#5093=STYLED_ITEM('',(#5429),#4198);
#5094=STYLED_ITEM('',(#5430),#4199);
#5095=STYLED_ITEM('',(#5431),#4200);
#5096=STYLED_ITEM('',(#5432),#4201);
#5097=STYLED_ITEM('',(#5433),#4202);
#5098=STYLED_ITEM('',(#5434),#4203);
#5099=STYLED_ITEM('',(#5435),#4204);
#5100=STYLED_ITEM('',(#5436),#4205);
#5101=STYLED_ITEM('',(#5437),#4206);
#5102=STYLED_ITEM('',(#5438),#4207);
#5103=STYLED_ITEM('',(#5439),#4208);
#5104=STYLED_ITEM('',(#5440),#4209);
#5105=STYLED_ITEM('',(#5441),#4210);
#5106=STYLED_ITEM('',(#5442),#4211);
#5107=STYLED_ITEM('',(#5443),#4212);
#5108=STYLED_ITEM('',(#5444),#4213);
#5109=STYLED_ITEM('',(#5445),#4214);
#5110=STYLED_ITEM('',(#5446),#4215);
#5111=STYLED_ITEM('',(#5447),#4216);
#5112=STYLED_ITEM('',(#5448),#4217);
#5113=STYLED_ITEM('',(#5449),#4218);
#5114=STYLED_ITEM('',(#5450),#4219);
#5115=STYLED_ITEM('',(#5451),#4220);
#5116=STYLED_ITEM('',(#5452),#4221);
#5117=STYLED_ITEM('',(#5453),#4222);
#5118=STYLED_ITEM('',(#5454),#4223);
#5119=STYLED_ITEM('',(#5455),#4224);
#5120=STYLED_ITEM('',(#5456),#4225);
#5121=STYLED_ITEM('',(#5457),#4226);
#5122=STYLED_ITEM('',(#5458),#4227);
#5123=STYLED_ITEM('',(#5459),#4228);
#5124=STYLED_ITEM('',(#5460),#4229);
#5125=STYLED_ITEM('',(#5461),#4230);
#5126=STYLED_ITEM('',(#5462),#4231);
#5127=STYLED_ITEM('',(#5463),#4232);
#5128=STYLED_ITEM('',(#5464),#4233);
#5129=STYLED_ITEM('',(#5465),#4234);
#5130=STYLED_ITEM('',(#5466),#4235);
#5131=STYLED_ITEM('',(#5467),#4236);
#5132=STYLED_ITEM('',(#5468),#4237);
#5133=STYLED_ITEM('',(#5469),#4238);
#5134=STYLED_ITEM('',(#5470),#4239);
#5135=STYLED_ITEM('',(#5471),#4240);
#5136=STYLED_ITEM('',(#5472),#4241);
#5137=STYLED_ITEM('',(#5473),#4242);
#5138=STYLED_ITEM('',(#5474),#4243);
#5139=STYLED_ITEM('',(#5475),#4244);
#5140=STYLED_ITEM('',(#5476),#4245);
#5141=STYLED_ITEM('',(#5477),#4246);
#5142=STYLED_ITEM('',(#5478),#4247);
#5143=STYLED_ITEM('',(#5479),#4248);
#5144=STYLED_ITEM('',(#5480),#4249);
#5145=STYLED_ITEM('',(#5481),#4250);
#5146=STYLED_ITEM('',(#5482),#4251);
#5147=STYLED_ITEM('',(#5483),#4252);
#5148=STYLED_ITEM('',(#5484),#4253);
#5149=STYLED_ITEM('',(#5485),#4254);
#5150=STYLED_ITEM('',(#5486),#4255);
#5151=STYLED_ITEM('',(#5487),#4256);
#5152=STYLED_ITEM('',(#5488),#4257);
#5153=STYLED_ITEM('',(#5489),#4258);
#5154=STYLED_ITEM('',(#5490),#4259);
#5155=STYLED_ITEM('',(#5491),#4260);
#5156=STYLED_ITEM('',(#5492),#4261);
#5157=STYLED_ITEM('',(#5493),#4262);
#5158=STYLED_ITEM('',(#5494),#4263);
#5159=STYLED_ITEM('',(#5495),#4264);
#5160=STYLED_ITEM('',(#5496),#4265);
#5161=STYLED_ITEM('',(#5497),#4266);
#5162=STYLED_ITEM('',(#5498),#801);
#5163=PRESENTATION_STYLE_ASSIGNMENT((#5626));
#5164=PRESENTATION_STYLE_ASSIGNMENT((#5627));
#5165=PRESENTATION_STYLE_ASSIGNMENT((#5628));
#5166=PRESENTATION_STYLE_ASSIGNMENT((#5629));
#5167=PRESENTATION_STYLE_ASSIGNMENT((#5630));
#5168=PRESENTATION_STYLE_ASSIGNMENT((#5631));
#5169=PRESENTATION_STYLE_ASSIGNMENT((#5632));
#5170=PRESENTATION_STYLE_ASSIGNMENT((#5633));
#5171=PRESENTATION_STYLE_ASSIGNMENT((#5634));
#5172=PRESENTATION_STYLE_ASSIGNMENT((#5635));
#5173=PRESENTATION_STYLE_ASSIGNMENT((#5636));
#5174=PRESENTATION_STYLE_ASSIGNMENT((#5637));
#5175=PRESENTATION_STYLE_ASSIGNMENT((#5638));
#5176=PRESENTATION_STYLE_ASSIGNMENT((#5639));
#5177=PRESENTATION_STYLE_ASSIGNMENT((#5640));
#5178=PRESENTATION_STYLE_ASSIGNMENT((#5641));
#5179=PRESENTATION_STYLE_ASSIGNMENT((#5642));
#5180=PRESENTATION_STYLE_ASSIGNMENT((#5643));
#5181=PRESENTATION_STYLE_ASSIGNMENT((#5644));
#5182=PRESENTATION_STYLE_ASSIGNMENT((#5645));
#5183=PRESENTATION_STYLE_ASSIGNMENT((#5646));
#5184=PRESENTATION_STYLE_ASSIGNMENT((#5647));
#5185=PRESENTATION_STYLE_ASSIGNMENT((#5648));
#5186=PRESENTATION_STYLE_ASSIGNMENT((#5649));
#5187=PRESENTATION_STYLE_ASSIGNMENT((#5650));
#5188=PRESENTATION_STYLE_ASSIGNMENT((#5651));
#5189=PRESENTATION_STYLE_ASSIGNMENT((#5652));
#5190=PRESENTATION_STYLE_ASSIGNMENT((#5653));
#5191=PRESENTATION_STYLE_ASSIGNMENT((#5654));
#5192=PRESENTATION_STYLE_ASSIGNMENT((#5655));
#5193=PRESENTATION_STYLE_ASSIGNMENT((#5656));
#5194=PRESENTATION_STYLE_ASSIGNMENT((#5657));
#5195=PRESENTATION_STYLE_ASSIGNMENT((#5658));
#5196=PRESENTATION_STYLE_ASSIGNMENT((#5659));
#5197=PRESENTATION_STYLE_ASSIGNMENT((#5660));
#5198=PRESENTATION_STYLE_ASSIGNMENT((#5661));
#5199=PRESENTATION_STYLE_ASSIGNMENT((#5662));
#5200=PRESENTATION_STYLE_ASSIGNMENT((#5663));
#5201=PRESENTATION_STYLE_ASSIGNMENT((#5664));
#5202=PRESENTATION_STYLE_ASSIGNMENT((#5665));
#5203=PRESENTATION_STYLE_ASSIGNMENT((#5666));
#5204=PRESENTATION_STYLE_ASSIGNMENT((#5667));
#5205=PRESENTATION_STYLE_ASSIGNMENT((#5668));
#5206=PRESENTATION_STYLE_ASSIGNMENT((#5669));
#5207=PRESENTATION_STYLE_ASSIGNMENT((#5670));
#5208=PRESENTATION_STYLE_ASSIGNMENT((#5671));
#5209=PRESENTATION_STYLE_ASSIGNMENT((#5672));
#5210=PRESENTATION_STYLE_ASSIGNMENT((#5673));
#5211=PRESENTATION_STYLE_ASSIGNMENT((#5674));
#5212=PRESENTATION_STYLE_ASSIGNMENT((#5675));
#5213=PRESENTATION_STYLE_ASSIGNMENT((#5676));
#5214=PRESENTATION_STYLE_ASSIGNMENT((#5677));
#5215=PRESENTATION_STYLE_ASSIGNMENT((#5678));
#5216=PRESENTATION_STYLE_ASSIGNMENT((#5679));
#5217=PRESENTATION_STYLE_ASSIGNMENT((#5680));
#5218=PRESENTATION_STYLE_ASSIGNMENT((#5681));
#5219=PRESENTATION_STYLE_ASSIGNMENT((#5682));
#5220=PRESENTATION_STYLE_ASSIGNMENT((#5683));
#5221=PRESENTATION_STYLE_ASSIGNMENT((#5684));
#5222=PRESENTATION_STYLE_ASSIGNMENT((#5685));
#5223=PRESENTATION_STYLE_ASSIGNMENT((#5686));
#5224=PRESENTATION_STYLE_ASSIGNMENT((#5687));
#5225=PRESENTATION_STYLE_ASSIGNMENT((#5688));
#5226=PRESENTATION_STYLE_ASSIGNMENT((#5689));
#5227=PRESENTATION_STYLE_ASSIGNMENT((#5690));
#5228=PRESENTATION_STYLE_ASSIGNMENT((#5691));
#5229=PRESENTATION_STYLE_ASSIGNMENT((#5692));
#5230=PRESENTATION_STYLE_ASSIGNMENT((#5693));
#5231=PRESENTATION_STYLE_ASSIGNMENT((#5694));
#5232=PRESENTATION_STYLE_ASSIGNMENT((#5695));
#5233=PRESENTATION_STYLE_ASSIGNMENT((#5696));
#5234=PRESENTATION_STYLE_ASSIGNMENT((#5697));
#5235=PRESENTATION_STYLE_ASSIGNMENT((#5698));
#5236=PRESENTATION_STYLE_ASSIGNMENT((#5699));
#5237=PRESENTATION_STYLE_ASSIGNMENT((#5700));
#5238=PRESENTATION_STYLE_ASSIGNMENT((#5701));
#5239=PRESENTATION_STYLE_ASSIGNMENT((#5702));
#5240=PRESENTATION_STYLE_ASSIGNMENT((#5703));
#5241=PRESENTATION_STYLE_ASSIGNMENT((#5704));
#5242=PRESENTATION_STYLE_ASSIGNMENT((#5705));
#5243=PRESENTATION_STYLE_ASSIGNMENT((#5706));
#5244=PRESENTATION_STYLE_ASSIGNMENT((#5707));
#5245=PRESENTATION_STYLE_ASSIGNMENT((#5708));
#5246=PRESENTATION_STYLE_ASSIGNMENT((#5709));
#5247=PRESENTATION_STYLE_ASSIGNMENT((#5710));
#5248=PRESENTATION_STYLE_ASSIGNMENT((#5711));
#5249=PRESENTATION_STYLE_ASSIGNMENT((#5712));
#5250=PRESENTATION_STYLE_ASSIGNMENT((#5713));
#5251=PRESENTATION_STYLE_ASSIGNMENT((#5714));
#5252=PRESENTATION_STYLE_ASSIGNMENT((#5715));
#5253=PRESENTATION_STYLE_ASSIGNMENT((#5716));
#5254=PRESENTATION_STYLE_ASSIGNMENT((#5717));
#5255=PRESENTATION_STYLE_ASSIGNMENT((#5718));
#5256=PRESENTATION_STYLE_ASSIGNMENT((#5719));
#5257=PRESENTATION_STYLE_ASSIGNMENT((#5720));
#5258=PRESENTATION_STYLE_ASSIGNMENT((#5721));
#5259=PRESENTATION_STYLE_ASSIGNMENT((#5722));
#5260=PRESENTATION_STYLE_ASSIGNMENT((#5723));
#5261=PRESENTATION_STYLE_ASSIGNMENT((#5724));
#5262=PRESENTATION_STYLE_ASSIGNMENT((#5725));
#5263=PRESENTATION_STYLE_ASSIGNMENT((#5726));
#5264=PRESENTATION_STYLE_ASSIGNMENT((#5727));
#5265=PRESENTATION_STYLE_ASSIGNMENT((#5728));
#5266=PRESENTATION_STYLE_ASSIGNMENT((#5729));
#5267=PRESENTATION_STYLE_ASSIGNMENT((#5730));
#5268=PRESENTATION_STYLE_ASSIGNMENT((#5731));
#5269=PRESENTATION_STYLE_ASSIGNMENT((#5732));
#5270=PRESENTATION_STYLE_ASSIGNMENT((#5733));
#5271=PRESENTATION_STYLE_ASSIGNMENT((#5734));
#5272=PRESENTATION_STYLE_ASSIGNMENT((#5735));
#5273=PRESENTATION_STYLE_ASSIGNMENT((#5736));
#5274=PRESENTATION_STYLE_ASSIGNMENT((#5737));
#5275=PRESENTATION_STYLE_ASSIGNMENT((#5738));
#5276=PRESENTATION_STYLE_ASSIGNMENT((#5739));
#5277=PRESENTATION_STYLE_ASSIGNMENT((#5740));
#5278=PRESENTATION_STYLE_ASSIGNMENT((#5741));
#5279=PRESENTATION_STYLE_ASSIGNMENT((#5742));
#5280=PRESENTATION_STYLE_ASSIGNMENT((#5743));
#5281=PRESENTATION_STYLE_ASSIGNMENT((#5744));
#5282=PRESENTATION_STYLE_ASSIGNMENT((#5745));
#5283=PRESENTATION_STYLE_ASSIGNMENT((#5746));
#5284=PRESENTATION_STYLE_ASSIGNMENT((#5747));
#5285=PRESENTATION_STYLE_ASSIGNMENT((#5748));
#5286=PRESENTATION_STYLE_ASSIGNMENT((#5749));
#5287=PRESENTATION_STYLE_ASSIGNMENT((#5750));
#5288=PRESENTATION_STYLE_ASSIGNMENT((#5751));
#5289=PRESENTATION_STYLE_ASSIGNMENT((#5752));
#5290=PRESENTATION_STYLE_ASSIGNMENT((#5753));
#5291=PRESENTATION_STYLE_ASSIGNMENT((#5754));
#5292=PRESENTATION_STYLE_ASSIGNMENT((#5755));
#5293=PRESENTATION_STYLE_ASSIGNMENT((#5756));
#5294=PRESENTATION_STYLE_ASSIGNMENT((#5757));
#5295=PRESENTATION_STYLE_ASSIGNMENT((#5758));
#5296=PRESENTATION_STYLE_ASSIGNMENT((#5759));
#5297=PRESENTATION_STYLE_ASSIGNMENT((#5760));
#5298=PRESENTATION_STYLE_ASSIGNMENT((#5761));
#5299=PRESENTATION_STYLE_ASSIGNMENT((#5762));
#5300=PRESENTATION_STYLE_ASSIGNMENT((#5763));
#5301=PRESENTATION_STYLE_ASSIGNMENT((#5764));
#5302=PRESENTATION_STYLE_ASSIGNMENT((#5765));
#5303=PRESENTATION_STYLE_ASSIGNMENT((#5766));
#5304=PRESENTATION_STYLE_ASSIGNMENT((#5767));
#5305=PRESENTATION_STYLE_ASSIGNMENT((#5768));
#5306=PRESENTATION_STYLE_ASSIGNMENT((#5769));
#5307=PRESENTATION_STYLE_ASSIGNMENT((#5770));
#5308=PRESENTATION_STYLE_ASSIGNMENT((#5771));
#5309=PRESENTATION_STYLE_ASSIGNMENT((#5772));
#5310=PRESENTATION_STYLE_ASSIGNMENT((#5773));
#5311=PRESENTATION_STYLE_ASSIGNMENT((#5774));
#5312=PRESENTATION_STYLE_ASSIGNMENT((#5775));
#5313=PRESENTATION_STYLE_ASSIGNMENT((#5776));
#5314=PRESENTATION_STYLE_ASSIGNMENT((#5777));
#5315=PRESENTATION_STYLE_ASSIGNMENT((#5778));
#5316=PRESENTATION_STYLE_ASSIGNMENT((#5779));
#5317=PRESENTATION_STYLE_ASSIGNMENT((#5780));
#5318=PRESENTATION_STYLE_ASSIGNMENT((#5781));
#5319=PRESENTATION_STYLE_ASSIGNMENT((#5782));
#5320=PRESENTATION_STYLE_ASSIGNMENT((#5783));
#5321=PRESENTATION_STYLE_ASSIGNMENT((#5784));
#5322=PRESENTATION_STYLE_ASSIGNMENT((#5785));
#5323=PRESENTATION_STYLE_ASSIGNMENT((#5786));
#5324=PRESENTATION_STYLE_ASSIGNMENT((#5787));
#5325=PRESENTATION_STYLE_ASSIGNMENT((#5788));
#5326=PRESENTATION_STYLE_ASSIGNMENT((#5789));
#5327=PRESENTATION_STYLE_ASSIGNMENT((#5790));
#5328=PRESENTATION_STYLE_ASSIGNMENT((#5791));
#5329=PRESENTATION_STYLE_ASSIGNMENT((#5792));
#5330=PRESENTATION_STYLE_ASSIGNMENT((#5793));
#5331=PRESENTATION_STYLE_ASSIGNMENT((#5794));
#5332=PRESENTATION_STYLE_ASSIGNMENT((#5795));
#5333=PRESENTATION_STYLE_ASSIGNMENT((#5796));
#5334=PRESENTATION_STYLE_ASSIGNMENT((#5797));
#5335=PRESENTATION_STYLE_ASSIGNMENT((#5798));
#5336=PRESENTATION_STYLE_ASSIGNMENT((#5799));
#5337=PRESENTATION_STYLE_ASSIGNMENT((#5800));
#5338=PRESENTATION_STYLE_ASSIGNMENT((#5801));
#5339=PRESENTATION_STYLE_ASSIGNMENT((#5802));
#5340=PRESENTATION_STYLE_ASSIGNMENT((#5803));
#5341=PRESENTATION_STYLE_ASSIGNMENT((#5804));
#5342=PRESENTATION_STYLE_ASSIGNMENT((#5805));
#5343=PRESENTATION_STYLE_ASSIGNMENT((#5806));
#5344=PRESENTATION_STYLE_ASSIGNMENT((#5807));
#5345=PRESENTATION_STYLE_ASSIGNMENT((#5808));
#5346=PRESENTATION_STYLE_ASSIGNMENT((#5809));
#5347=PRESENTATION_STYLE_ASSIGNMENT((#5810));
#5348=PRESENTATION_STYLE_ASSIGNMENT((#5811));
#5349=PRESENTATION_STYLE_ASSIGNMENT((#5812));
#5350=PRESENTATION_STYLE_ASSIGNMENT((#5813));
#5351=PRESENTATION_STYLE_ASSIGNMENT((#5814));
#5352=PRESENTATION_STYLE_ASSIGNMENT((#5815));
#5353=PRESENTATION_STYLE_ASSIGNMENT((#5816));
#5354=PRESENTATION_STYLE_ASSIGNMENT((#5817));
#5355=PRESENTATION_STYLE_ASSIGNMENT((#5818));
#5356=PRESENTATION_STYLE_ASSIGNMENT((#5819));
#5357=PRESENTATION_STYLE_ASSIGNMENT((#5820));
#5358=PRESENTATION_STYLE_ASSIGNMENT((#5821));
#5359=PRESENTATION_STYLE_ASSIGNMENT((#5822));
#5360=PRESENTATION_STYLE_ASSIGNMENT((#5823));
#5361=PRESENTATION_STYLE_ASSIGNMENT((#5824));
#5362=PRESENTATION_STYLE_ASSIGNMENT((#5825));
#5363=PRESENTATION_STYLE_ASSIGNMENT((#5826));
#5364=PRESENTATION_STYLE_ASSIGNMENT((#5827));
#5365=PRESENTATION_STYLE_ASSIGNMENT((#5828));
#5366=PRESENTATION_STYLE_ASSIGNMENT((#5829));
#5367=PRESENTATION_STYLE_ASSIGNMENT((#5830));
#5368=PRESENTATION_STYLE_ASSIGNMENT((#5831));
#5369=PRESENTATION_STYLE_ASSIGNMENT((#5832));
#5370=PRESENTATION_STYLE_ASSIGNMENT((#5833));
#5371=PRESENTATION_STYLE_ASSIGNMENT((#5834));
#5372=PRESENTATION_STYLE_ASSIGNMENT((#5835));
#5373=PRESENTATION_STYLE_ASSIGNMENT((#5836));
#5374=PRESENTATION_STYLE_ASSIGNMENT((#5837));
#5375=PRESENTATION_STYLE_ASSIGNMENT((#5838));
#5376=PRESENTATION_STYLE_ASSIGNMENT((#5839));
#5377=PRESENTATION_STYLE_ASSIGNMENT((#5840));
#5378=PRESENTATION_STYLE_ASSIGNMENT((#5841));
#5379=PRESENTATION_STYLE_ASSIGNMENT((#5842));
#5380=PRESENTATION_STYLE_ASSIGNMENT((#5843));
#5381=PRESENTATION_STYLE_ASSIGNMENT((#5844));
#5382=PRESENTATION_STYLE_ASSIGNMENT((#5845));
#5383=PRESENTATION_STYLE_ASSIGNMENT((#5846));
#5384=PRESENTATION_STYLE_ASSIGNMENT((#3925));
#5385=PRESENTATION_STYLE_ASSIGNMENT((#3926));
#5386=PRESENTATION_STYLE_ASSIGNMENT((#3927));
#5387=PRESENTATION_STYLE_ASSIGNMENT((#3928));
#5388=PRESENTATION_STYLE_ASSIGNMENT((#3929));
#5389=PRESENTATION_STYLE_ASSIGNMENT((#3930));
#5390=PRESENTATION_STYLE_ASSIGNMENT((#3931));
#5391=PRESENTATION_STYLE_ASSIGNMENT((#3932));
#5392=PRESENTATION_STYLE_ASSIGNMENT((#3933));
#5393=PRESENTATION_STYLE_ASSIGNMENT((#3934));
#5394=PRESENTATION_STYLE_ASSIGNMENT((#3935));
#5395=PRESENTATION_STYLE_ASSIGNMENT((#3936));
#5396=PRESENTATION_STYLE_ASSIGNMENT((#3937));
#5397=PRESENTATION_STYLE_ASSIGNMENT((#3938));
#5398=PRESENTATION_STYLE_ASSIGNMENT((#3939));
#5399=PRESENTATION_STYLE_ASSIGNMENT((#3940));
#5400=PRESENTATION_STYLE_ASSIGNMENT((#3941));
#5401=PRESENTATION_STYLE_ASSIGNMENT((#3942));
#5402=PRESENTATION_STYLE_ASSIGNMENT((#3943));
#5403=PRESENTATION_STYLE_ASSIGNMENT((#3944));
#5404=PRESENTATION_STYLE_ASSIGNMENT((#3945));
#5405=PRESENTATION_STYLE_ASSIGNMENT((#3946));
#5406=PRESENTATION_STYLE_ASSIGNMENT((#3947));
#5407=PRESENTATION_STYLE_ASSIGNMENT((#3948));
#5408=PRESENTATION_STYLE_ASSIGNMENT((#3949));
#5409=PRESENTATION_STYLE_ASSIGNMENT((#3950));
#5410=PRESENTATION_STYLE_ASSIGNMENT((#3951));
#5411=PRESENTATION_STYLE_ASSIGNMENT((#3952));
#5412=PRESENTATION_STYLE_ASSIGNMENT((#3953));
#5413=PRESENTATION_STYLE_ASSIGNMENT((#3954));
#5414=PRESENTATION_STYLE_ASSIGNMENT((#3955));
#5415=PRESENTATION_STYLE_ASSIGNMENT((#3956));
#5416=PRESENTATION_STYLE_ASSIGNMENT((#3957));
#5417=PRESENTATION_STYLE_ASSIGNMENT((#3958));
#5418=PRESENTATION_STYLE_ASSIGNMENT((#3959));
#5419=PRESENTATION_STYLE_ASSIGNMENT((#3960));
#5420=PRESENTATION_STYLE_ASSIGNMENT((#3961));
#5421=PRESENTATION_STYLE_ASSIGNMENT((#3962));
#5422=PRESENTATION_STYLE_ASSIGNMENT((#3963));
#5423=PRESENTATION_STYLE_ASSIGNMENT((#3964));
#5424=PRESENTATION_STYLE_ASSIGNMENT((#3965));
#5425=PRESENTATION_STYLE_ASSIGNMENT((#3966));
#5426=PRESENTATION_STYLE_ASSIGNMENT((#3967));
#5427=PRESENTATION_STYLE_ASSIGNMENT((#3968));
#5428=PRESENTATION_STYLE_ASSIGNMENT((#3969));
#5429=PRESENTATION_STYLE_ASSIGNMENT((#3970));
#5430=PRESENTATION_STYLE_ASSIGNMENT((#3971));
#5431=PRESENTATION_STYLE_ASSIGNMENT((#3972));
#5432=PRESENTATION_STYLE_ASSIGNMENT((#3973));
#5433=PRESENTATION_STYLE_ASSIGNMENT((#3974));
#5434=PRESENTATION_STYLE_ASSIGNMENT((#3975));
#5435=PRESENTATION_STYLE_ASSIGNMENT((#3976));
#5436=PRESENTATION_STYLE_ASSIGNMENT((#3977));
#5437=PRESENTATION_STYLE_ASSIGNMENT((#3978));
#5438=PRESENTATION_STYLE_ASSIGNMENT((#3979));
#5439=PRESENTATION_STYLE_ASSIGNMENT((#3980));
#5440=PRESENTATION_STYLE_ASSIGNMENT((#3981));
#5441=PRESENTATION_STYLE_ASSIGNMENT((#3982));
#5442=PRESENTATION_STYLE_ASSIGNMENT((#3983));
#5443=PRESENTATION_STYLE_ASSIGNMENT((#3984));
#5444=PRESENTATION_STYLE_ASSIGNMENT((#3985));
#5445=PRESENTATION_STYLE_ASSIGNMENT((#3986));
#5446=PRESENTATION_STYLE_ASSIGNMENT((#3987));
#5447=PRESENTATION_STYLE_ASSIGNMENT((#3988));
#5448=PRESENTATION_STYLE_ASSIGNMENT((#3989));
#5449=PRESENTATION_STYLE_ASSIGNMENT((#3990));
#5450=PRESENTATION_STYLE_ASSIGNMENT((#3991));
#5451=PRESENTATION_STYLE_ASSIGNMENT((#3992));
#5452=PRESENTATION_STYLE_ASSIGNMENT((#3993));
#5453=PRESENTATION_STYLE_ASSIGNMENT((#3994));
#5454=PRESENTATION_STYLE_ASSIGNMENT((#3995));
#5455=PRESENTATION_STYLE_ASSIGNMENT((#3996));
#5456=PRESENTATION_STYLE_ASSIGNMENT((#3997));
#5457=PRESENTATION_STYLE_ASSIGNMENT((#3998));
#5458=PRESENTATION_STYLE_ASSIGNMENT((#3999));
#5459=PRESENTATION_STYLE_ASSIGNMENT((#4000));
#5460=PRESENTATION_STYLE_ASSIGNMENT((#4001));
#5461=PRESENTATION_STYLE_ASSIGNMENT((#4002));
#5462=PRESENTATION_STYLE_ASSIGNMENT((#4003));
#5463=PRESENTATION_STYLE_ASSIGNMENT((#4004));
#5464=PRESENTATION_STYLE_ASSIGNMENT((#4005));
#5465=PRESENTATION_STYLE_ASSIGNMENT((#4006));
#5466=PRESENTATION_STYLE_ASSIGNMENT((#4007));
#5467=PRESENTATION_STYLE_ASSIGNMENT((#4008));
#5468=PRESENTATION_STYLE_ASSIGNMENT((#4009));
#5469=PRESENTATION_STYLE_ASSIGNMENT((#4010));
#5470=PRESENTATION_STYLE_ASSIGNMENT((#4011));
#5471=PRESENTATION_STYLE_ASSIGNMENT((#4012));
#5472=PRESENTATION_STYLE_ASSIGNMENT((#4013));
#5473=PRESENTATION_STYLE_ASSIGNMENT((#4014));
#5474=PRESENTATION_STYLE_ASSIGNMENT((#4015));
#5475=PRESENTATION_STYLE_ASSIGNMENT((#4016));
#5476=PRESENTATION_STYLE_ASSIGNMENT((#4017));
#5477=PRESENTATION_STYLE_ASSIGNMENT((#4018));
#5478=PRESENTATION_STYLE_ASSIGNMENT((#4019));
#5479=PRESENTATION_STYLE_ASSIGNMENT((#4020));
#5480=PRESENTATION_STYLE_ASSIGNMENT((#4021));
#5481=PRESENTATION_STYLE_ASSIGNMENT((#4022));
#5482=PRESENTATION_STYLE_ASSIGNMENT((#4023));
#5483=PRESENTATION_STYLE_ASSIGNMENT((#4024));
#5484=PRESENTATION_STYLE_ASSIGNMENT((#4025));
#5485=PRESENTATION_STYLE_ASSIGNMENT((#4026));
#5486=PRESENTATION_STYLE_ASSIGNMENT((#4027));
#5487=PRESENTATION_STYLE_ASSIGNMENT((#4028));
#5488=PRESENTATION_STYLE_ASSIGNMENT((#4029));
#5489=PRESENTATION_STYLE_ASSIGNMENT((#4030));
#5490=PRESENTATION_STYLE_ASSIGNMENT((#4031));
#5491=PRESENTATION_STYLE_ASSIGNMENT((#4032));
#5492=PRESENTATION_STYLE_ASSIGNMENT((#4033));
#5493=PRESENTATION_STYLE_ASSIGNMENT((#4034));
#5494=PRESENTATION_STYLE_ASSIGNMENT((#4035));
#5495=PRESENTATION_STYLE_ASSIGNMENT((#4036));
#5496=PRESENTATION_STYLE_ASSIGNMENT((#4037));
#5497=PRESENTATION_STYLE_ASSIGNMENT((#4038));
#5498=PRESENTATION_STYLE_ASSIGNMENT((#161));
#5499=PRESENTATION_STYLE_ASSIGNMENT((#162));
#5500=PRESENTATION_STYLE_ASSIGNMENT((#163));
#5501=PRESENTATION_STYLE_ASSIGNMENT((#164));
#5502=PRESENTATION_STYLE_ASSIGNMENT((#165));
#5503=PRESENTATION_STYLE_ASSIGNMENT((#166));
#5504=PRESENTATION_STYLE_ASSIGNMENT((#167));
#5505=PRESENTATION_STYLE_ASSIGNMENT((#168));
#5506=PRESENTATION_STYLE_ASSIGNMENT((#169));
#5507=PRESENTATION_STYLE_ASSIGNMENT((#170));
#5508=PRESENTATION_STYLE_ASSIGNMENT((#171));
#5509=PRESENTATION_STYLE_ASSIGNMENT((#172));
#5510=PRESENTATION_STYLE_ASSIGNMENT((#173));
#5511=PRESENTATION_STYLE_ASSIGNMENT((#174));
#5512=PRESENTATION_STYLE_ASSIGNMENT((#175));
#5513=PRESENTATION_STYLE_ASSIGNMENT((#176));
#5514=PRESENTATION_STYLE_ASSIGNMENT((#177));
#5515=PRESENTATION_STYLE_ASSIGNMENT((#178));
#5516=PRESENTATION_STYLE_ASSIGNMENT((#179));
#5517=PRESENTATION_STYLE_ASSIGNMENT((#180));
#5518=PRESENTATION_STYLE_ASSIGNMENT((#181));
#5519=PRESENTATION_STYLE_ASSIGNMENT((#182));
#5520=PRESENTATION_STYLE_ASSIGNMENT((#183));
#5521=PRESENTATION_STYLE_ASSIGNMENT((#184));
#5522=PRESENTATION_STYLE_ASSIGNMENT((#185));
#5523=PRESENTATION_STYLE_ASSIGNMENT((#186));
#5524=PRESENTATION_STYLE_ASSIGNMENT((#187));
#5525=PRESENTATION_STYLE_ASSIGNMENT((#188));
#5526=PRESENTATION_STYLE_ASSIGNMENT((#189));
#5527=PRESENTATION_STYLE_ASSIGNMENT((#190));
#5528=PRESENTATION_STYLE_ASSIGNMENT((#191));
#5529=PRESENTATION_STYLE_ASSIGNMENT((#192));
#5530=PRESENTATION_STYLE_ASSIGNMENT((#193));
#5531=PRESENTATION_STYLE_ASSIGNMENT((#194));
#5532=PRESENTATION_STYLE_ASSIGNMENT((#195));
#5533=PRESENTATION_STYLE_ASSIGNMENT((#196));
#5534=PRESENTATION_STYLE_ASSIGNMENT((#197));
#5535=PRESENTATION_STYLE_ASSIGNMENT((#198));
#5536=PRESENTATION_STYLE_ASSIGNMENT((#199));
#5537=PRESENTATION_STYLE_ASSIGNMENT((#200));
#5538=PRESENTATION_STYLE_ASSIGNMENT((#201));
#5539=PRESENTATION_STYLE_ASSIGNMENT((#202));
#5540=PRESENTATION_STYLE_ASSIGNMENT((#203));
#5541=PRESENTATION_STYLE_ASSIGNMENT((#204));
#5542=PRESENTATION_STYLE_ASSIGNMENT((#205));
#5543=PRESENTATION_STYLE_ASSIGNMENT((#206));
#5544=PRESENTATION_STYLE_ASSIGNMENT((#207));
#5545=PRESENTATION_STYLE_ASSIGNMENT((#208));
#5546=PRESENTATION_STYLE_ASSIGNMENT((#209));
#5547=PRESENTATION_STYLE_ASSIGNMENT((#210));
#5548=PRESENTATION_STYLE_ASSIGNMENT((#211));
#5549=PRESENTATION_STYLE_ASSIGNMENT((#212));
#5550=PRESENTATION_STYLE_ASSIGNMENT((#213));
#5551=PRESENTATION_STYLE_ASSIGNMENT((#214));
#5552=PRESENTATION_STYLE_ASSIGNMENT((#215));
#5553=PRESENTATION_STYLE_ASSIGNMENT((#216));
#5554=PRESENTATION_STYLE_ASSIGNMENT((#217));
#5555=PRESENTATION_STYLE_ASSIGNMENT((#218));
#5556=PRESENTATION_STYLE_ASSIGNMENT((#219));
#5557=PRESENTATION_STYLE_ASSIGNMENT((#220));
#5558=PRESENTATION_STYLE_ASSIGNMENT((#221));
#5559=PRESENTATION_STYLE_ASSIGNMENT((#222));
#5560=PRESENTATION_STYLE_ASSIGNMENT((#223));
#5561=PRESENTATION_STYLE_ASSIGNMENT((#224));
#5562=PRESENTATION_STYLE_ASSIGNMENT((#225));
#5563=PRESENTATION_STYLE_ASSIGNMENT((#226));
#5564=PRESENTATION_STYLE_ASSIGNMENT((#227));
#5565=PRESENTATION_STYLE_ASSIGNMENT((#228));
#5566=PRESENTATION_STYLE_ASSIGNMENT((#229));
#5567=PRESENTATION_STYLE_ASSIGNMENT((#230));
#5568=PRESENTATION_STYLE_ASSIGNMENT((#231));
#5569=PRESENTATION_STYLE_ASSIGNMENT((#232));
#5570=PRESENTATION_STYLE_ASSIGNMENT((#233));
#5571=PRESENTATION_STYLE_ASSIGNMENT((#234));
#5572=PRESENTATION_STYLE_ASSIGNMENT((#235));
#5573=PRESENTATION_STYLE_ASSIGNMENT((#236));
#5574=PRESENTATION_STYLE_ASSIGNMENT((#237));
#5575=PRESENTATION_STYLE_ASSIGNMENT((#238));
#5576=PRESENTATION_STYLE_ASSIGNMENT((#239));
#5577=PRESENTATION_STYLE_ASSIGNMENT((#240));
#5578=PRESENTATION_STYLE_ASSIGNMENT((#241));
#5579=PRESENTATION_STYLE_ASSIGNMENT((#242));
#5580=PRESENTATION_STYLE_ASSIGNMENT((#243));
#5581=PRESENTATION_STYLE_ASSIGNMENT((#244));
#5582=PRESENTATION_STYLE_ASSIGNMENT((#245));
#5583=PRESENTATION_STYLE_ASSIGNMENT((#246));
#5584=PRESENTATION_STYLE_ASSIGNMENT((#247));
#5585=PRESENTATION_STYLE_ASSIGNMENT((#248));
#5586=PRESENTATION_STYLE_ASSIGNMENT((#249));
#5587=PRESENTATION_STYLE_ASSIGNMENT((#250));
#5588=PRESENTATION_STYLE_ASSIGNMENT((#251));
#5589=PRESENTATION_STYLE_ASSIGNMENT((#252));
#5590=PRESENTATION_STYLE_ASSIGNMENT((#253));
#5591=PRESENTATION_STYLE_ASSIGNMENT((#254));
#5592=PRESENTATION_STYLE_ASSIGNMENT((#255));
#5593=PRESENTATION_STYLE_ASSIGNMENT((#256));
#5594=PRESENTATION_STYLE_ASSIGNMENT((#257));
#5595=PRESENTATION_STYLE_ASSIGNMENT((#258));
#5596=PRESENTATION_STYLE_ASSIGNMENT((#259));
#5597=PRESENTATION_STYLE_ASSIGNMENT((#260));
#5598=PRESENTATION_STYLE_ASSIGNMENT((#261));
#5599=PRESENTATION_STYLE_ASSIGNMENT((#262));
#5600=PRESENTATION_STYLE_ASSIGNMENT((#263));
#5601=PRESENTATION_STYLE_ASSIGNMENT((#264));
#5602=PRESENTATION_STYLE_ASSIGNMENT((#265));
#5603=PRESENTATION_STYLE_ASSIGNMENT((#266));
#5604=PRESENTATION_STYLE_ASSIGNMENT((#267));
#5605=PRESENTATION_STYLE_ASSIGNMENT((#268));
#5606=PRESENTATION_STYLE_ASSIGNMENT((#269));
#5607=PRESENTATION_STYLE_ASSIGNMENT((#270));
#5608=PRESENTATION_STYLE_ASSIGNMENT((#271));
#5609=PRESENTATION_STYLE_ASSIGNMENT((#272));
#5610=PRESENTATION_STYLE_ASSIGNMENT((#273));
#5611=PRESENTATION_STYLE_ASSIGNMENT((#274));
#5612=PRESENTATION_STYLE_ASSIGNMENT((#275));
#5613=PRESENTATION_STYLE_ASSIGNMENT((#276));
#5614=PRESENTATION_STYLE_ASSIGNMENT((#277));
#5615=PRESENTATION_STYLE_ASSIGNMENT((#278));
#5616=PRESENTATION_STYLE_ASSIGNMENT((#279));
#5617=PRESENTATION_STYLE_ASSIGNMENT((#280));
#5618=PRESENTATION_STYLE_ASSIGNMENT((#281));
#5619=PRESENTATION_STYLE_ASSIGNMENT((#282));
#5620=PRESENTATION_STYLE_ASSIGNMENT((#283));
#5621=PRESENTATION_STYLE_ASSIGNMENT((#284));
#5622=PRESENTATION_STYLE_ASSIGNMENT((#285));
#5623=PRESENTATION_STYLE_ASSIGNMENT((#286));
#5624=PRESENTATION_STYLE_ASSIGNMENT((#287));
#5625=PRESENTATION_STYLE_ASSIGNMENT((#288));
#5626=POINT_STYLE('',#5847,POSITIVE_LENGTH_MEASURE(3.),#6068);
#5627=POINT_STYLE('',#5848,POSITIVE_LENGTH_MEASURE(3.),#6068);
#5628=POINT_STYLE('',#5849,POSITIVE_LENGTH_MEASURE(3.),#6068);
#5629=POINT_STYLE('',#5850,POSITIVE_LENGTH_MEASURE(3.),#6068);
#5630=POINT_STYLE('',#5851,POSITIVE_LENGTH_MEASURE(3.),#6068);
#5631=POINT_STYLE('',#5852,POSITIVE_LENGTH_MEASURE(3.),#6068);
#5632=POINT_STYLE('',#5853,POSITIVE_LENGTH_MEASURE(3.),#6068);
#5633=POINT_STYLE('',#5854,POSITIVE_LENGTH_MEASURE(3.),#6068);
#5634=POINT_STYLE('',#5855,POSITIVE_LENGTH_MEASURE(3.),#6068);
#5635=POINT_STYLE('',#5856,POSITIVE_LENGTH_MEASURE(3.),#6068);
#5636=POINT_STYLE('',#5857,POSITIVE_LENGTH_MEASURE(3.),#6068);
#5637=POINT_STYLE('',#5858,POSITIVE_LENGTH_MEASURE(3.),#6068);
#5638=POINT_STYLE('',#5859,POSITIVE_LENGTH_MEASURE(3.),#6068);
#5639=POINT_STYLE('',#5860,POSITIVE_LENGTH_MEASURE(3.),#6068);
#5640=POINT_STYLE('',#5861,POSITIVE_LENGTH_MEASURE(3.),#6068);
#5641=POINT_STYLE('',#5862,POSITIVE_LENGTH_MEASURE(3.),#6068);
#5642=POINT_STYLE('',#5863,POSITIVE_LENGTH_MEASURE(3.),#6068);
#5643=POINT_STYLE('',#5864,POSITIVE_LENGTH_MEASURE(3.),#6068);
#5644=POINT_STYLE('',#5865,POSITIVE_LENGTH_MEASURE(3.),#6068);
#5645=POINT_STYLE('',#5866,POSITIVE_LENGTH_MEASURE(3.),#6068);
#5646=POINT_STYLE('',#5867,POSITIVE_LENGTH_MEASURE(3.),#6068);
#5647=POINT_STYLE('',#5868,POSITIVE_LENGTH_MEASURE(3.),#6068);
#5648=POINT_STYLE('',#5869,POSITIVE_LENGTH_MEASURE(3.),#6068);
#5649=POINT_STYLE('',#5870,POSITIVE_LENGTH_MEASURE(3.),#6068);
#5650=POINT_STYLE('',#5871,POSITIVE_LENGTH_MEASURE(3.),#6068);
#5651=POINT_STYLE('',#5872,POSITIVE_LENGTH_MEASURE(3.),#6068);
#5652=POINT_STYLE('',#5873,POSITIVE_LENGTH_MEASURE(3.),#6068);
#5653=POINT_STYLE('',#5874,POSITIVE_LENGTH_MEASURE(3.),#6068);
#5654=POINT_STYLE('',#5875,POSITIVE_LENGTH_MEASURE(3.),#6068);
#5655=POINT_STYLE('',#5876,POSITIVE_LENGTH_MEASURE(3.),#6068);
#5656=POINT_STYLE('',#5877,POSITIVE_LENGTH_MEASURE(3.),#6068);
#5657=POINT_STYLE('',#5878,POSITIVE_LENGTH_MEASURE(3.),#6068);
#5658=POINT_STYLE('',#5879,POSITIVE_LENGTH_MEASURE(3.),#6068);
#5659=POINT_STYLE('',#5880,POSITIVE_LENGTH_MEASURE(3.),#6068);
#5660=POINT_STYLE('',#5881,POSITIVE_LENGTH_MEASURE(3.),#6068);
#5661=POINT_STYLE('',#5882,POSITIVE_LENGTH_MEASURE(3.),#6068);
#5662=POINT_STYLE('',#5883,POSITIVE_LENGTH_MEASURE(3.),#6068);
#5663=POINT_STYLE('',#5884,POSITIVE_LENGTH_MEASURE(3.),#6068);
#5664=POINT_STYLE('',#5885,POSITIVE_LENGTH_MEASURE(3.),#6068);
#5665=POINT_STYLE('',#5886,POSITIVE_LENGTH_MEASURE(3.),#6068);
#5666=POINT_STYLE('',#5887,POSITIVE_LENGTH_MEASURE(3.),#6068);
#5667=POINT_STYLE('',#5888,POSITIVE_LENGTH_MEASURE(3.),#6068);
#5668=POINT_STYLE('',#5889,POSITIVE_LENGTH_MEASURE(3.),#6068);
#5669=POINT_STYLE('',#5890,POSITIVE_LENGTH_MEASURE(3.),#6068);
#5670=POINT_STYLE('',#5891,POSITIVE_LENGTH_MEASURE(3.),#6068);
#5671=POINT_STYLE('',#5892,POSITIVE_LENGTH_MEASURE(3.),#6068);
#5672=POINT_STYLE('',#5893,POSITIVE_LENGTH_MEASURE(3.),#6068);
#5673=POINT_STYLE('',#5894,POSITIVE_LENGTH_MEASURE(3.),#6068);
#5674=POINT_STYLE('',#5895,POSITIVE_LENGTH_MEASURE(3.),#6068);
#5675=POINT_STYLE('',#5896,POSITIVE_LENGTH_MEASURE(3.),#6068);
#5676=POINT_STYLE('',#5897,POSITIVE_LENGTH_MEASURE(3.),#6068);
#5677=POINT_STYLE('',#5898,POSITIVE_LENGTH_MEASURE(3.),#6068);
#5678=POINT_STYLE('',#5899,POSITIVE_LENGTH_MEASURE(3.),#6068);
#5679=POINT_STYLE('',#5900,POSITIVE_LENGTH_MEASURE(3.),#6068);
#5680=POINT_STYLE('',#5901,POSITIVE_LENGTH_MEASURE(3.),#6068);
#5681=POINT_STYLE('',#5902,POSITIVE_LENGTH_MEASURE(3.),#6068);
#5682=POINT_STYLE('',#5903,POSITIVE_LENGTH_MEASURE(3.),#6068);
#5683=POINT_STYLE('',#5904,POSITIVE_LENGTH_MEASURE(3.),#6068);
#5684=POINT_STYLE('',#5905,POSITIVE_LENGTH_MEASURE(3.),#6068);
#5685=POINT_STYLE('',#5906,POSITIVE_LENGTH_MEASURE(3.),#6068);
#5686=POINT_STYLE('',#5907,POSITIVE_LENGTH_MEASURE(3.),#6068);
#5687=POINT_STYLE('',#5908,POSITIVE_LENGTH_MEASURE(3.),#6068);
#5688=POINT_STYLE('',#5909,POSITIVE_LENGTH_MEASURE(3.),#6068);
#5689=POINT_STYLE('',#5910,POSITIVE_LENGTH_MEASURE(3.),#6068);
#5690=POINT_STYLE('',#5911,POSITIVE_LENGTH_MEASURE(3.),#6068);
#5691=POINT_STYLE('',#5912,POSITIVE_LENGTH_MEASURE(3.),#6068);
#5692=POINT_STYLE('',#5913,POSITIVE_LENGTH_MEASURE(3.),#6068);
#5693=POINT_STYLE('',#5914,POSITIVE_LENGTH_MEASURE(3.),#6068);
#5694=POINT_STYLE('',#5915,POSITIVE_LENGTH_MEASURE(3.),#6068);
#5695=POINT_STYLE('',#5916,POSITIVE_LENGTH_MEASURE(3.),#6068);
#5696=POINT_STYLE('',#5917,POSITIVE_LENGTH_MEASURE(3.),#6068);
#5697=POINT_STYLE('',#5918,POSITIVE_LENGTH_MEASURE(3.),#6068);
#5698=POINT_STYLE('',#5919,POSITIVE_LENGTH_MEASURE(3.),#6068);
#5699=POINT_STYLE('',#5920,POSITIVE_LENGTH_MEASURE(3.),#6068);
#5700=POINT_STYLE('',#5921,POSITIVE_LENGTH_MEASURE(3.),#6068);
#5701=POINT_STYLE('',#5922,POSITIVE_LENGTH_MEASURE(3.),#6068);
#5702=POINT_STYLE('',#5923,POSITIVE_LENGTH_MEASURE(3.),#6068);
#5703=POINT_STYLE('',#5924,POSITIVE_LENGTH_MEASURE(3.),#6068);
#5704=POINT_STYLE('',#5925,POSITIVE_LENGTH_MEASURE(3.),#6068);
#5705=POINT_STYLE('',#5926,POSITIVE_LENGTH_MEASURE(3.),#6068);
#5706=POINT_STYLE('',#5927,POSITIVE_LENGTH_MEASURE(3.),#6068);
#5707=POINT_STYLE('',#5928,POSITIVE_LENGTH_MEASURE(3.),#6068);
#5708=POINT_STYLE('',#5929,POSITIVE_LENGTH_MEASURE(3.),#6068);
#5709=POINT_STYLE('',#5930,POSITIVE_LENGTH_MEASURE(3.),#6068);
#5710=POINT_STYLE('',#5931,POSITIVE_LENGTH_MEASURE(3.),#6068);
#5711=POINT_STYLE('',#5932,POSITIVE_LENGTH_MEASURE(3.),#6068);
#5712=POINT_STYLE('',#5933,POSITIVE_LENGTH_MEASURE(3.),#6068);
#5713=POINT_STYLE('',#5934,POSITIVE_LENGTH_MEASURE(3.),#6068);
#5714=POINT_STYLE('',#5935,POSITIVE_LENGTH_MEASURE(3.),#6068);
#5715=POINT_STYLE('',#5936,POSITIVE_LENGTH_MEASURE(3.),#6068);
#5716=POINT_STYLE('',#5937,POSITIVE_LENGTH_MEASURE(3.),#6068);
#5717=POINT_STYLE('',#5938,POSITIVE_LENGTH_MEASURE(3.),#6068);
#5718=POINT_STYLE('',#5939,POSITIVE_LENGTH_MEASURE(3.),#6068);
#5719=POINT_STYLE('',#5940,POSITIVE_LENGTH_MEASURE(3.),#6068);
#5720=POINT_STYLE('',#5941,POSITIVE_LENGTH_MEASURE(3.),#6068);
#5721=POINT_STYLE('',#5942,POSITIVE_LENGTH_MEASURE(3.),#6068);
#5722=POINT_STYLE('',#5943,POSITIVE_LENGTH_MEASURE(3.),#6068);
#5723=POINT_STYLE('',#5944,POSITIVE_LENGTH_MEASURE(3.),#6068);
#5724=POINT_STYLE('',#5945,POSITIVE_LENGTH_MEASURE(3.),#6068);
#5725=POINT_STYLE('',#5946,POSITIVE_LENGTH_MEASURE(3.),#6068);
#5726=POINT_STYLE('',#5947,POSITIVE_LENGTH_MEASURE(3.),#6068);
#5727=POINT_STYLE('',#5948,POSITIVE_LENGTH_MEASURE(3.),#6068);
#5728=POINT_STYLE('',#5949,POSITIVE_LENGTH_MEASURE(3.),#6068);
#5729=POINT_STYLE('',#5950,POSITIVE_LENGTH_MEASURE(3.),#6068);
#5730=POINT_STYLE('',#5951,POSITIVE_LENGTH_MEASURE(3.),#6068);
#5731=POINT_STYLE('',#5952,POSITIVE_LENGTH_MEASURE(3.),#6068);
#5732=POINT_STYLE('',#5953,POSITIVE_LENGTH_MEASURE(3.),#6068);
#5733=POINT_STYLE('',#5954,POSITIVE_LENGTH_MEASURE(3.),#6068);
#5734=POINT_STYLE('',#5955,POSITIVE_LENGTH_MEASURE(3.),#6068);
#5735=POINT_STYLE('',#5956,POSITIVE_LENGTH_MEASURE(3.),#6068);
#5736=POINT_STYLE('',#5957,POSITIVE_LENGTH_MEASURE(3.),#6068);
#5737=POINT_STYLE('',#5958,POSITIVE_LENGTH_MEASURE(3.),#6068);
#5738=POINT_STYLE('',#5959,POSITIVE_LENGTH_MEASURE(3.),#6068);
#5739=POINT_STYLE('',#5960,POSITIVE_LENGTH_MEASURE(3.),#6068);
#5740=POINT_STYLE('',#5961,POSITIVE_LENGTH_MEASURE(3.),#6068);
#5741=POINT_STYLE('',#5962,POSITIVE_LENGTH_MEASURE(3.),#6068);
#5742=POINT_STYLE('',#5963,POSITIVE_LENGTH_MEASURE(3.),#6068);
#5743=POINT_STYLE('',#5964,POSITIVE_LENGTH_MEASURE(3.),#6068);
#5744=POINT_STYLE('',#5965,POSITIVE_LENGTH_MEASURE(3.),#6068);
#5745=POINT_STYLE('',#5966,POSITIVE_LENGTH_MEASURE(3.),#6068);
#5746=POINT_STYLE('',#5967,POSITIVE_LENGTH_MEASURE(3.),#6068);
#5747=POINT_STYLE('',#5968,POSITIVE_LENGTH_MEASURE(3.),#6068);
#5748=POINT_STYLE('',#5969,POSITIVE_LENGTH_MEASURE(3.),#6068);
#5749=POINT_STYLE('',#5970,POSITIVE_LENGTH_MEASURE(3.),#6068);
#5750=POINT_STYLE('',#5971,POSITIVE_LENGTH_MEASURE(3.),#6068);
#5751=POINT_STYLE('',#5972,POSITIVE_LENGTH_MEASURE(3.),#6068);
#5752=POINT_STYLE('',#5973,POSITIVE_LENGTH_MEASURE(3.),#6068);
#5753=POINT_STYLE('',#5974,POSITIVE_LENGTH_MEASURE(3.),#6068);
#5754=POINT_STYLE('',#5975,POSITIVE_LENGTH_MEASURE(3.),#6068);
#5755=POINT_STYLE('',#5976,POSITIVE_LENGTH_MEASURE(3.),#6068);
#5756=POINT_STYLE('',#5977,POSITIVE_LENGTH_MEASURE(3.),#6068);
#5757=POINT_STYLE('',#5978,POSITIVE_LENGTH_MEASURE(3.),#6068);
#5758=POINT_STYLE('',#5979,POSITIVE_LENGTH_MEASURE(3.),#6068);
#5759=POINT_STYLE('',#5980,POSITIVE_LENGTH_MEASURE(3.),#6068);
#5760=POINT_STYLE('',#5981,POSITIVE_LENGTH_MEASURE(3.),#6068);
#5761=POINT_STYLE('',#5982,POSITIVE_LENGTH_MEASURE(3.),#6068);
#5762=POINT_STYLE('',#5983,POSITIVE_LENGTH_MEASURE(3.),#6068);
#5763=POINT_STYLE('',#5984,POSITIVE_LENGTH_MEASURE(3.),#6068);
#5764=POINT_STYLE('',#5985,POSITIVE_LENGTH_MEASURE(3.),#6068);
#5765=POINT_STYLE('',#5986,POSITIVE_LENGTH_MEASURE(3.),#6068);
#5766=POINT_STYLE('',#5987,POSITIVE_LENGTH_MEASURE(3.),#6068);
#5767=POINT_STYLE('',#5988,POSITIVE_LENGTH_MEASURE(3.),#6068);
#5768=POINT_STYLE('',#5989,POSITIVE_LENGTH_MEASURE(3.),#6068);
#5769=POINT_STYLE('',#5990,POSITIVE_LENGTH_MEASURE(3.),#6068);
#5770=POINT_STYLE('',#5991,POSITIVE_LENGTH_MEASURE(3.),#6068);
#5771=POINT_STYLE('',#5992,POSITIVE_LENGTH_MEASURE(3.),#6068);
#5772=POINT_STYLE('',#5993,POSITIVE_LENGTH_MEASURE(3.),#6068);
#5773=POINT_STYLE('',#5994,POSITIVE_LENGTH_MEASURE(3.),#6068);
#5774=POINT_STYLE('',#5995,POSITIVE_LENGTH_MEASURE(3.),#6068);
#5775=POINT_STYLE('',#5996,POSITIVE_LENGTH_MEASURE(3.),#6068);
#5776=POINT_STYLE('',#5997,POSITIVE_LENGTH_MEASURE(3.),#6068);
#5777=POINT_STYLE('',#5998,POSITIVE_LENGTH_MEASURE(3.),#6068);
#5778=POINT_STYLE('',#5999,POSITIVE_LENGTH_MEASURE(3.),#6068);
#5779=POINT_STYLE('',#6000,POSITIVE_LENGTH_MEASURE(3.),#6068);
#5780=POINT_STYLE('',#6001,POSITIVE_LENGTH_MEASURE(3.),#6068);
#5781=POINT_STYLE('',#6002,POSITIVE_LENGTH_MEASURE(3.),#6068);
#5782=POINT_STYLE('',#6003,POSITIVE_LENGTH_MEASURE(3.),#6068);
#5783=POINT_STYLE('',#6004,POSITIVE_LENGTH_MEASURE(3.),#6068);
#5784=POINT_STYLE('',#6005,POSITIVE_LENGTH_MEASURE(3.),#6068);
#5785=POINT_STYLE('',#6006,POSITIVE_LENGTH_MEASURE(3.),#6068);
#5786=POINT_STYLE('',#6007,POSITIVE_LENGTH_MEASURE(3.),#6068);
#5787=POINT_STYLE('',#6008,POSITIVE_LENGTH_MEASURE(3.),#6068);
#5788=POINT_STYLE('',#6009,POSITIVE_LENGTH_MEASURE(3.),#6068);
#5789=POINT_STYLE('',#6010,POSITIVE_LENGTH_MEASURE(3.),#6068);
#5790=POINT_STYLE('',#6011,POSITIVE_LENGTH_MEASURE(3.),#6068);
#5791=POINT_STYLE('',#6012,POSITIVE_LENGTH_MEASURE(3.),#6068);
#5792=POINT_STYLE('',#6013,POSITIVE_LENGTH_MEASURE(3.),#6068);
#5793=POINT_STYLE('',#6014,POSITIVE_LENGTH_MEASURE(3.),#6068);
#5794=POINT_STYLE('',#6015,POSITIVE_LENGTH_MEASURE(3.),#6068);
#5795=POINT_STYLE('',#6016,POSITIVE_LENGTH_MEASURE(3.),#6068);
#5796=POINT_STYLE('',#6017,POSITIVE_LENGTH_MEASURE(3.),#6068);
#5797=POINT_STYLE('',#6018,POSITIVE_LENGTH_MEASURE(3.),#6068);
#5798=POINT_STYLE('',#6019,POSITIVE_LENGTH_MEASURE(3.),#6068);
#5799=POINT_STYLE('',#6020,POSITIVE_LENGTH_MEASURE(3.),#6068);
#5800=POINT_STYLE('',#6021,POSITIVE_LENGTH_MEASURE(3.),#6068);
#5801=POINT_STYLE('',#6022,POSITIVE_LENGTH_MEASURE(3.),#6068);
#5802=POINT_STYLE('',#6023,POSITIVE_LENGTH_MEASURE(3.),#6068);
#5803=POINT_STYLE('',#6024,POSITIVE_LENGTH_MEASURE(3.),#6068);
#5804=POINT_STYLE('',#6025,POSITIVE_LENGTH_MEASURE(3.),#6068);
#5805=POINT_STYLE('',#6026,POSITIVE_LENGTH_MEASURE(3.),#6068);
#5806=POINT_STYLE('',#6027,POSITIVE_LENGTH_MEASURE(3.),#6068);
#5807=POINT_STYLE('',#6028,POSITIVE_LENGTH_MEASURE(3.),#6068);
#5808=POINT_STYLE('',#6029,POSITIVE_LENGTH_MEASURE(3.),#6068);
#5809=POINT_STYLE('',#6030,POSITIVE_LENGTH_MEASURE(3.),#6068);
#5810=POINT_STYLE('',#6031,POSITIVE_LENGTH_MEASURE(3.),#6068);
#5811=POINT_STYLE('',#6032,POSITIVE_LENGTH_MEASURE(3.),#6068);
#5812=POINT_STYLE('',#6033,POSITIVE_LENGTH_MEASURE(3.),#6068);
#5813=POINT_STYLE('',#6034,POSITIVE_LENGTH_MEASURE(3.),#6068);
#5814=POINT_STYLE('',#6035,POSITIVE_LENGTH_MEASURE(3.),#6068);
#5815=POINT_STYLE('',#6036,POSITIVE_LENGTH_MEASURE(3.),#6068);
#5816=POINT_STYLE('',#6037,POSITIVE_LENGTH_MEASURE(3.),#6068);
#5817=POINT_STYLE('',#6038,POSITIVE_LENGTH_MEASURE(3.),#6068);
#5818=POINT_STYLE('',#6039,POSITIVE_LENGTH_MEASURE(3.),#6068);
#5819=POINT_STYLE('',#6040,POSITIVE_LENGTH_MEASURE(3.),#6068);
#5820=POINT_STYLE('',#6041,POSITIVE_LENGTH_MEASURE(3.),#6068);
#5821=POINT_STYLE('',#6042,POSITIVE_LENGTH_MEASURE(3.),#6068);
#5822=POINT_STYLE('',#6043,POSITIVE_LENGTH_MEASURE(3.),#6068);
#5823=POINT_STYLE('',#6044,POSITIVE_LENGTH_MEASURE(3.),#6068);
#5824=POINT_STYLE('',#6045,POSITIVE_LENGTH_MEASURE(3.),#6068);
#5825=POINT_STYLE('',#6046,POSITIVE_LENGTH_MEASURE(3.),#6068);
#5826=POINT_STYLE('',#6047,POSITIVE_LENGTH_MEASURE(3.),#6068);
#5827=POINT_STYLE('',#6048,POSITIVE_LENGTH_MEASURE(3.),#6068);
#5828=POINT_STYLE('',#6049,POSITIVE_LENGTH_MEASURE(3.),#6068);
#5829=POINT_STYLE('',#6050,POSITIVE_LENGTH_MEASURE(3.),#6068);
#5830=POINT_STYLE('',#6051,POSITIVE_LENGTH_MEASURE(3.),#6068);
#5831=POINT_STYLE('',#6052,POSITIVE_LENGTH_MEASURE(3.),#6068);
#5832=POINT_STYLE('',#6053,POSITIVE_LENGTH_MEASURE(3.),#6068);
#5833=POINT_STYLE('',#6054,POSITIVE_LENGTH_MEASURE(3.),#6068);
#5834=POINT_STYLE('',#6055,POSITIVE_LENGTH_MEASURE(3.),#6068);
#5835=POINT_STYLE('',#6056,POSITIVE_LENGTH_MEASURE(3.),#6068);
#5836=POINT_STYLE('',#6057,POSITIVE_LENGTH_MEASURE(3.),#6068);
#5837=POINT_STYLE('',#6058,POSITIVE_LENGTH_MEASURE(3.),#6068);
#5838=POINT_STYLE('',#6059,POSITIVE_LENGTH_MEASURE(3.),#6068);
#5839=POINT_STYLE('',#6060,POSITIVE_LENGTH_MEASURE(3.),#6068);
#5840=POINT_STYLE('',#6061,POSITIVE_LENGTH_MEASURE(3.),#6068);
#5841=POINT_STYLE('',#6062,POSITIVE_LENGTH_MEASURE(3.),#6068);
#5842=POINT_STYLE('',#6063,POSITIVE_LENGTH_MEASURE(3.),#6068);
#5843=POINT_STYLE('',#6064,POSITIVE_LENGTH_MEASURE(3.),#6068);
#5844=POINT_STYLE('',#6065,POSITIVE_LENGTH_MEASURE(3.),#6068);
#5845=POINT_STYLE('',#6066,POSITIVE_LENGTH_MEASURE(3.),#6068);
#5846=POINT_STYLE('',#6067,POSITIVE_LENGTH_MEASURE(3.),#6068);
#5847=PRE_DEFINED_POINT_MARKER_SYMBOL('plus');
#5848=PRE_DEFINED_POINT_MARKER_SYMBOL('plus');
#5849=PRE_DEFINED_POINT_MARKER_SYMBOL('plus');
#5850=PRE_DEFINED_POINT_MARKER_SYMBOL('plus');
#5851=PRE_DEFINED_POINT_MARKER_SYMBOL('plus');
#5852=PRE_DEFINED_POINT_MARKER_SYMBOL('plus');
#5853=PRE_DEFINED_POINT_MARKER_SYMBOL('plus');
#5854=PRE_DEFINED_POINT_MARKER_SYMBOL('plus');
#5855=PRE_DEFINED_POINT_MARKER_SYMBOL('plus');
#5856=PRE_DEFINED_POINT_MARKER_SYMBOL('plus');
#5857=PRE_DEFINED_POINT_MARKER_SYMBOL('plus');
#5858=PRE_DEFINED_POINT_MARKER_SYMBOL('plus');
#5859=PRE_DEFINED_POINT_MARKER_SYMBOL('plus');
#5860=PRE_DEFINED_POINT_MARKER_SYMBOL('plus');
#5861=PRE_DEFINED_POINT_MARKER_SYMBOL('plus');
#5862=PRE_DEFINED_POINT_MARKER_SYMBOL('plus');
#5863=PRE_DEFINED_POINT_MARKER_SYMBOL('plus');
#5864=PRE_DEFINED_POINT_MARKER_SYMBOL('plus');
#5865=PRE_DEFINED_POINT_MARKER_SYMBOL('plus');
#5866=PRE_DEFINED_POINT_MARKER_SYMBOL('plus');
#5867=PRE_DEFINED_POINT_MARKER_SYMBOL('plus');
#5868=PRE_DEFINED_POINT_MARKER_SYMBOL('plus');
#5869=PRE_DEFINED_POINT_MARKER_SYMBOL('plus');
#5870=PRE_DEFINED_POINT_MARKER_SYMBOL('plus');
#5871=PRE_DEFINED_POINT_MARKER_SYMBOL('plus');
#5872=PRE_DEFINED_POINT_MARKER_SYMBOL('plus');
#5873=PRE_DEFINED_POINT_MARKER_SYMBOL('plus');
#5874=PRE_DEFINED_POINT_MARKER_SYMBOL('plus');
#5875=PRE_DEFINED_POINT_MARKER_SYMBOL('plus');
#5876=PRE_DEFINED_POINT_MARKER_SYMBOL('plus');
#5877=PRE_DEFINED_POINT_MARKER_SYMBOL('plus');
#5878=PRE_DEFINED_POINT_MARKER_SYMBOL('plus');
#5879=PRE_DEFINED_POINT_MARKER_SYMBOL('plus');
#5880=PRE_DEFINED_POINT_MARKER_SYMBOL('plus');
#5881=PRE_DEFINED_POINT_MARKER_SYMBOL('plus');
#5882=PRE_DEFINED_POINT_MARKER_SYMBOL('plus');
#5883=PRE_DEFINED_POINT_MARKER_SYMBOL('plus');
#5884=PRE_DEFINED_POINT_MARKER_SYMBOL('plus');
#5885=PRE_DEFINED_POINT_MARKER_SYMBOL('plus');
#5886=PRE_DEFINED_POINT_MARKER_SYMBOL('plus');
#5887=PRE_DEFINED_POINT_MARKER_SYMBOL('plus');
#5888=PRE_DEFINED_POINT_MARKER_SYMBOL('plus');
#5889=PRE_DEFINED_POINT_MARKER_SYMBOL('plus');
#5890=PRE_DEFINED_POINT_MARKER_SYMBOL('plus');
#5891=PRE_DEFINED_POINT_MARKER_SYMBOL('plus');
#5892=PRE_DEFINED_POINT_MARKER_SYMBOL('plus');
#5893=PRE_DEFINED_POINT_MARKER_SYMBOL('plus');
#5894=PRE_DEFINED_POINT_MARKER_SYMBOL('plus');
#5895=PRE_DEFINED_POINT_MARKER_SYMBOL('plus');
#5896=PRE_DEFINED_POINT_MARKER_SYMBOL('plus');
#5897=PRE_DEFINED_POINT_MARKER_SYMBOL('plus');
#5898=PRE_DEFINED_POINT_MARKER_SYMBOL('plus');
#5899=PRE_DEFINED_POINT_MARKER_SYMBOL('plus');
#5900=PRE_DEFINED_POINT_MARKER_SYMBOL('plus');
#5901=PRE_DEFINED_POINT_MARKER_SYMBOL('plus');
#5902=PRE_DEFINED_POINT_MARKER_SYMBOL('plus');
#5903=PRE_DEFINED_POINT_MARKER_SYMBOL('plus');
#5904=PRE_DEFINED_POINT_MARKER_SYMBOL('plus');
#5905=PRE_DEFINED_POINT_MARKER_SYMBOL('plus');
#5906=PRE_DEFINED_POINT_MARKER_SYMBOL('plus');
#5907=PRE_DEFINED_POINT_MARKER_SYMBOL('plus');
#5908=PRE_DEFINED_POINT_MARKER_SYMBOL('plus');
#5909=PRE_DEFINED_POINT_MARKER_SYMBOL('plus');
#5910=PRE_DEFINED_POINT_MARKER_SYMBOL('plus');
#5911=PRE_DEFINED_POINT_MARKER_SYMBOL('plus');
#5912=PRE_DEFINED_POINT_MARKER_SYMBOL('plus');
#5913=PRE_DEFINED_POINT_MARKER_SYMBOL('plus');
#5914=PRE_DEFINED_POINT_MARKER_SYMBOL('plus');
#5915=PRE_DEFINED_POINT_MARKER_SYMBOL('plus');
#5916=PRE_DEFINED_POINT_MARKER_SYMBOL('plus');
#5917=PRE_DEFINED_POINT_MARKER_SYMBOL('plus');
#5918=PRE_DEFINED_POINT_MARKER_SYMBOL('plus');
#5919=PRE_DEFINED_POINT_MARKER_SYMBOL('plus');
#5920=PRE_DEFINED_POINT_MARKER_SYMBOL('plus');
#5921=PRE_DEFINED_POINT_MARKER_SYMBOL('plus');
#5922=PRE_DEFINED_POINT_MARKER_SYMBOL('plus');
#5923=PRE_DEFINED_POINT_MARKER_SYMBOL('plus');
#5924=PRE_DEFINED_POINT_MARKER_SYMBOL('plus');
#5925=PRE_DEFINED_POINT_MARKER_SYMBOL('plus');
#5926=PRE_DEFINED_POINT_MARKER_SYMBOL('plus');
#5927=PRE_DEFINED_POINT_MARKER_SYMBOL('plus');
#5928=PRE_DEFINED_POINT_MARKER_SYMBOL('plus');
#5929=PRE_DEFINED_POINT_MARKER_SYMBOL('plus');
#5930=PRE_DEFINED_POINT_MARKER_SYMBOL('plus');
#5931=PRE_DEFINED_POINT_MARKER_SYMBOL('plus');
#5932=PRE_DEFINED_POINT_MARKER_SYMBOL('plus');
#5933=PRE_DEFINED_POINT_MARKER_SYMBOL('plus');
#5934=PRE_DEFINED_POINT_MARKER_SYMBOL('plus');
#5935=PRE_DEFINED_POINT_MARKER_SYMBOL('plus');
#5936=PRE_DEFINED_POINT_MARKER_SYMBOL('plus');
#5937=PRE_DEFINED_POINT_MARKER_SYMBOL('plus');
#5938=PRE_DEFINED_POINT_MARKER_SYMBOL('plus');
#5939=PRE_DEFINED_POINT_MARKER_SYMBOL('plus');
#5940=PRE_DEFINED_POINT_MARKER_SYMBOL('plus');
#5941=PRE_DEFINED_POINT_MARKER_SYMBOL('plus');
#5942=PRE_DEFINED_POINT_MARKER_SYMBOL('plus');
#5943=PRE_DEFINED_POINT_MARKER_SYMBOL('plus');
#5944=PRE_DEFINED_POINT_MARKER_SYMBOL('plus');
#5945=PRE_DEFINED_POINT_MARKER_SYMBOL('plus');
#5946=PRE_DEFINED_POINT_MARKER_SYMBOL('plus');
#5947=PRE_DEFINED_POINT_MARKER_SYMBOL('plus');
#5948=PRE_DEFINED_POINT_MARKER_SYMBOL('plus');
#5949=PRE_DEFINED_POINT_MARKER_SYMBOL('plus');
#5950=PRE_DEFINED_POINT_MARKER_SYMBOL('plus');
#5951=PRE_DEFINED_POINT_MARKER_SYMBOL('plus');
#5952=PRE_DEFINED_POINT_MARKER_SYMBOL('plus');
#5953=PRE_DEFINED_POINT_MARKER_SYMBOL('plus');
#5954=PRE_DEFINED_POINT_MARKER_SYMBOL('plus');
#5955=PRE_DEFINED_POINT_MARKER_SYMBOL('plus');
#5956=PRE_DEFINED_POINT_MARKER_SYMBOL('plus');
#5957=PRE_DEFINED_POINT_MARKER_SYMBOL('plus');
#5958=PRE_DEFINED_POINT_MARKER_SYMBOL('plus');
#5959=PRE_DEFINED_POINT_MARKER_SYMBOL('plus');
#5960=PRE_DEFINED_POINT_MARKER_SYMBOL('plus');
#5961=PRE_DEFINED_POINT_MARKER_SYMBOL('plus');
#5962=PRE_DEFINED_POINT_MARKER_SYMBOL('plus');
#5963=PRE_DEFINED_POINT_MARKER_SYMBOL('plus');
#5964=PRE_DEFINED_POINT_MARKER_SYMBOL('plus');
#5965=PRE_DEFINED_POINT_MARKER_SYMBOL('plus');
#5966=PRE_DEFINED_POINT_MARKER_SYMBOL('plus');
#5967=PRE_DEFINED_POINT_MARKER_SYMBOL('plus');
#5968=PRE_DEFINED_POINT_MARKER_SYMBOL('plus');
#5969=PRE_DEFINED_POINT_MARKER_SYMBOL('plus');
#5970=PRE_DEFINED_POINT_MARKER_SYMBOL('plus');
#5971=PRE_DEFINED_POINT_MARKER_SYMBOL('plus');
#5972=PRE_DEFINED_POINT_MARKER_SYMBOL('plus');
#5973=PRE_DEFINED_POINT_MARKER_SYMBOL('plus');
#5974=PRE_DEFINED_POINT_MARKER_SYMBOL('plus');
#5975=PRE_DEFINED_POINT_MARKER_SYMBOL('plus');
#5976=PRE_DEFINED_POINT_MARKER_SYMBOL('plus');
#5977=PRE_DEFINED_POINT_MARKER_SYMBOL('plus');
#5978=PRE_DEFINED_POINT_MARKER_SYMBOL('plus');
#5979=PRE_DEFINED_POINT_MARKER_SYMBOL('plus');
#5980=PRE_DEFINED_POINT_MARKER_SYMBOL('plus');
#5981=PRE_DEFINED_POINT_MARKER_SYMBOL('plus');
#5982=PRE_DEFINED_POINT_MARKER_SYMBOL('plus');
#5983=PRE_DEFINED_POINT_MARKER_SYMBOL('plus');
#5984=PRE_DEFINED_POINT_MARKER_SYMBOL('plus');
#5985=PRE_DEFINED_POINT_MARKER_SYMBOL('plus');
#5986=PRE_DEFINED_POINT_MARKER_SYMBOL('plus');
#5987=PRE_DEFINED_POINT_MARKER_SYMBOL('plus');
#5988=PRE_DEFINED_POINT_MARKER_SYMBOL('plus');
#5989=PRE_DEFINED_POINT_MARKER_SYMBOL('plus');
#5990=PRE_DEFINED_POINT_MARKER_SYMBOL('plus');
#5991=PRE_DEFINED_POINT_MARKER_SYMBOL('plus');
#5992=PRE_DEFINED_POINT_MARKER_SYMBOL('plus');
#5993=PRE_DEFINED_POINT_MARKER_SYMBOL('plus');
#5994=PRE_DEFINED_POINT_MARKER_SYMBOL('plus');
#5995=PRE_DEFINED_POINT_MARKER_SYMBOL('plus');
#5996=PRE_DEFINED_POINT_MARKER_SYMBOL('plus');
#5997=PRE_DEFINED_POINT_MARKER_SYMBOL('plus');
#5998=PRE_DEFINED_POINT_MARKER_SYMBOL('plus');
#5999=PRE_DEFINED_POINT_MARKER_SYMBOL('plus');
#6000=PRE_DEFINED_POINT_MARKER_SYMBOL('plus');
#6001=PRE_DEFINED_POINT_MARKER_SYMBOL('plus');
#6002=PRE_DEFINED_POINT_MARKER_SYMBOL('plus');
#6003=PRE_DEFINED_POINT_MARKER_SYMBOL('plus');
#6004=PRE_DEFINED_POINT_MARKER_SYMBOL('plus');
#6005=PRE_DEFINED_POINT_MARKER_SYMBOL('plus');
#6006=PRE_DEFINED_POINT_MARKER_SYMBOL('plus');
#6007=PRE_DEFINED_POINT_MARKER_SYMBOL('plus');
#6008=PRE_DEFINED_POINT_MARKER_SYMBOL('plus');
#6009=PRE_DEFINED_POINT_MARKER_SYMBOL('plus');
#6010=PRE_DEFINED_POINT_MARKER_SYMBOL('plus');
#6011=PRE_DEFINED_POINT_MARKER_SYMBOL('plus');
#6012=PRE_DEFINED_POINT_MARKER_SYMBOL('plus');
#6013=PRE_DEFINED_POINT_MARKER_SYMBOL('plus');
#6014=PRE_DEFINED_POINT_MARKER_SYMBOL('plus');
#6015=PRE_DEFINED_POINT_MARKER_SYMBOL('plus');
#6016=PRE_DEFINED_POINT_MARKER_SYMBOL('plus');
#6017=PRE_DEFINED_POINT_MARKER_SYMBOL('plus');
#6018=PRE_DEFINED_POINT_MARKER_SYMBOL('plus');
#6019=PRE_DEFINED_POINT_MARKER_SYMBOL('plus');
#6020=PRE_DEFINED_POINT_MARKER_SYMBOL('plus');
#6021=PRE_DEFINED_POINT_MARKER_SYMBOL('plus');
#6022=PRE_DEFINED_POINT_MARKER_SYMBOL('plus');
#6023=PRE_DEFINED_POINT_MARKER_SYMBOL('plus');
#6024=PRE_DEFINED_POINT_MARKER_SYMBOL('plus');
#6025=PRE_DEFINED_POINT_MARKER_SYMBOL('plus');
#6026=PRE_DEFINED_POINT_MARKER_SYMBOL('plus');
#6027=PRE_DEFINED_POINT_MARKER_SYMBOL('plus');
#6028=PRE_DEFINED_POINT_MARKER_SYMBOL('plus');
#6029=PRE_DEFINED_POINT_MARKER_SYMBOL('plus');
#6030=PRE_DEFINED_POINT_MARKER_SYMBOL('plus');
#6031=PRE_DEFINED_POINT_MARKER_SYMBOL('plus');
#6032=PRE_DEFINED_POINT_MARKER_SYMBOL('plus');
#6033=PRE_DEFINED_POINT_MARKER_SYMBOL('plus');
#6034=PRE_DEFINED_POINT_MARKER_SYMBOL('plus');
#6035=PRE_DEFINED_POINT_MARKER_SYMBOL('plus');
#6036=PRE_DEFINED_POINT_MARKER_SYMBOL('plus');
#6037=PRE_DEFINED_POINT_MARKER_SYMBOL('plus');
#6038=PRE_DEFINED_POINT_MARKER_SYMBOL('plus');
#6039=PRE_DEFINED_POINT_MARKER_SYMBOL('plus');
#6040=PRE_DEFINED_POINT_MARKER_SYMBOL('plus');
#6041=PRE_DEFINED_POINT_MARKER_SYMBOL('plus');
#6042=PRE_DEFINED_POINT_MARKER_SYMBOL('plus');
#6043=PRE_DEFINED_POINT_MARKER_SYMBOL('plus');
#6044=PRE_DEFINED_POINT_MARKER_SYMBOL('plus');
#6045=PRE_DEFINED_POINT_MARKER_SYMBOL('plus');
#6046=PRE_DEFINED_POINT_MARKER_SYMBOL('plus');
#6047=PRE_DEFINED_POINT_MARKER_SYMBOL('plus');
#6048=PRE_DEFINED_POINT_MARKER_SYMBOL('plus');
#6049=PRE_DEFINED_POINT_MARKER_SYMBOL('plus');
#6050=PRE_DEFINED_POINT_MARKER_SYMBOL('plus');
#6051=PRE_DEFINED_POINT_MARKER_SYMBOL('plus');
#6052=PRE_DEFINED_POINT_MARKER_SYMBOL('plus');
#6053=PRE_DEFINED_POINT_MARKER_SYMBOL('plus');
#6054=PRE_DEFINED_POINT_MARKER_SYMBOL('plus');
#6055=PRE_DEFINED_POINT_MARKER_SYMBOL('plus');
#6056=PRE_DEFINED_POINT_MARKER_SYMBOL('plus');
#6057=PRE_DEFINED_POINT_MARKER_SYMBOL('plus');
#6058=PRE_DEFINED_POINT_MARKER_SYMBOL('plus');
#6059=PRE_DEFINED_POINT_MARKER_SYMBOL('plus');
#6060=PRE_DEFINED_POINT_MARKER_SYMBOL('plus');
#6061=PRE_DEFINED_POINT_MARKER_SYMBOL('plus');
#6062=PRE_DEFINED_POINT_MARKER_SYMBOL('plus');
#6063=PRE_DEFINED_POINT_MARKER_SYMBOL('plus');
#6064=PRE_DEFINED_POINT_MARKER_SYMBOL('plus');
#6065=PRE_DEFINED_POINT_MARKER_SYMBOL('plus');
#6066=PRE_DEFINED_POINT_MARKER_SYMBOL('plus');
#6067=PRE_DEFINED_POINT_MARKER_SYMBOL('plus');
#6068=DRAUGHTING_PRE_DEFINED_COLOUR('yellow');
#6069=DRAUGHTING_PRE_DEFINED_COLOUR('green');
#6070=AXIS2_PLACEMENT_3D('',#7788,#6550,#6551);
#6071=AXIS2_PLACEMENT_3D('',#8124,#6666,#6667);
#6072=AXIS2_PLACEMENT_3D('',#8126,#6668,#6669);
#6073=AXIS2_PLACEMENT_3D('',#8127,#6670,#6671);
#6074=AXIS2_PLACEMENT_3D('',#8129,#6672,#6673);
#6075=AXIS2_PLACEMENT_3D('',#8130,#6674,#6675);
#6076=AXIS2_PLACEMENT_3D('',#8132,#6676,#6677);
#6077=AXIS2_PLACEMENT_3D('',#8133,#6678,#6679);
#6078=AXIS2_PLACEMENT_3D('',#8135,#6680,#6681);
#6079=AXIS2_PLACEMENT_3D('',#8136,#6682,#6683);
#6080=AXIS2_PLACEMENT_3D('',#8138,#6684,#6685);
#6081=AXIS2_PLACEMENT_3D('',#8139,#6686,#6687);
#6082=AXIS2_PLACEMENT_3D('',#8141,#6688,#6689);
#6083=AXIS2_PLACEMENT_3D('',#8142,#6690,#6691);
#6084=AXIS2_PLACEMENT_3D('',#8144,#6692,#6693);
#6085=AXIS2_PLACEMENT_3D('',#8145,#6694,#6695);
#6086=AXIS2_PLACEMENT_3D('',#8147,#6696,#6697);
#6087=AXIS2_PLACEMENT_3D('',#8148,#6698,#6699);
#6088=AXIS2_PLACEMENT_3D('',#8150,#6700,#6701);
#6089=AXIS2_PLACEMENT_3D('',#8151,#6702,#6703);
#6090=AXIS2_PLACEMENT_3D('',#8153,#6704,#6705);
#6091=AXIS2_PLACEMENT_3D('',#8154,#6706,#6707);
#6092=AXIS2_PLACEMENT_3D('',#8156,#6708,#6709);
#6093=AXIS2_PLACEMENT_3D('',#8157,#6710,#6711);
#6094=AXIS2_PLACEMENT_3D('',#8159,#6712,#6713);
#6095=AXIS2_PLACEMENT_3D('',#8160,#6714,#6715);
#6096=AXIS2_PLACEMENT_3D('',#8162,#6716,#6717);
#6097=AXIS2_PLACEMENT_3D('',#8163,#6718,#6719);
#6098=AXIS2_PLACEMENT_3D('',#8165,#6720,#6721);
#6099=AXIS2_PLACEMENT_3D('',#8166,#6722,#6723);
#6100=AXIS2_PLACEMENT_3D('',#8168,#6724,#6725);
#6101=AXIS2_PLACEMENT_3D('',#8169,#6726,#6727);
#6102=AXIS2_PLACEMENT_3D('',#8171,#6728,#6729);
#6103=AXIS2_PLACEMENT_3D('',#8172,#6730,#6731);
#6104=AXIS2_PLACEMENT_3D('',#8174,#6732,#6733);
#6105=AXIS2_PLACEMENT_3D('',#8175,#6734,#6735);
#6106=AXIS2_PLACEMENT_3D('',#8177,#6736,#6737);
#6107=AXIS2_PLACEMENT_3D('',#8178,#6738,#6739);
#6108=AXIS2_PLACEMENT_3D('',#8180,#6740,#6741);
#6109=AXIS2_PLACEMENT_3D('',#8181,#6742,#6743);
#6110=AXIS2_PLACEMENT_3D('',#8183,#6744,#6745);
#6111=AXIS2_PLACEMENT_3D('',#8184,#6746,#6747);
#6112=AXIS2_PLACEMENT_3D('',#8186,#6748,#6749);
#6113=AXIS2_PLACEMENT_3D('',#8187,#6750,#6751);
#6114=AXIS2_PLACEMENT_3D('',#8189,#6752,#6753);
#6115=AXIS2_PLACEMENT_3D('',#8190,#6754,#6755);
#6116=AXIS2_PLACEMENT_3D('',#8192,#6756,#6757);
#6117=AXIS2_PLACEMENT_3D('',#8193,#6758,#6759);
#6118=AXIS2_PLACEMENT_3D('',#8195,#6760,#6761);
#6119=AXIS2_PLACEMENT_3D('',#8196,#6762,#6763);
#6120=AXIS2_PLACEMENT_3D('',#8198,#6764,#6765);
#6121=AXIS2_PLACEMENT_3D('',#8199,#6766,#6767);
#6122=AXIS2_PLACEMENT_3D('',#8201,#6768,#6769);
#6123=AXIS2_PLACEMENT_3D('',#8202,#6770,#6771);
#6124=AXIS2_PLACEMENT_3D('',#8204,#6772,#6773);
#6125=AXIS2_PLACEMENT_3D('',#8205,#6774,#6775);
#6126=AXIS2_PLACEMENT_3D('',#8207,#6776,#6777);
#6127=AXIS2_PLACEMENT_3D('',#8208,#6778,#6779);
#6128=AXIS2_PLACEMENT_3D('',#8210,#6780,#6781);
#6129=AXIS2_PLACEMENT_3D('',#8211,#6782,#6783);
#6130=AXIS2_PLACEMENT_3D('',#8213,#6784,#6785);
#6131=AXIS2_PLACEMENT_3D('',#8214,#6786,#6787);
#6132=AXIS2_PLACEMENT_3D('',#8216,#6788,#6789);
#6133=AXIS2_PLACEMENT_3D('',#8217,#6790,#6791);
#6134=AXIS2_PLACEMENT_3D('',#8219,#6792,#6793);
#6135=AXIS2_PLACEMENT_3D('',#8228,#6798,#6799);
#6136=AXIS2_PLACEMENT_3D('',#8229,#6800,#6801);
#6137=AXIS2_PLACEMENT_3D('',#8233,#6803,#6804);
#6138=AXIS2_PLACEMENT_3D('',#8234,#6805,#6806);
#6139=AXIS2_PLACEMENT_3D('',#8240,#6810,#6811);
#6140=AXIS2_PLACEMENT_3D('',#8241,#6812,#6813);
#6141=AXIS2_PLACEMENT_3D('',#8248,#6817,#6818);
#6142=AXIS2_PLACEMENT_3D('',#8254,#6822,#6823);
#6143=AXIS2_PLACEMENT_3D('',#8258,#6826,#6827);
#6144=AXIS2_PLACEMENT_3D('',#8259,#6828,#6829);
#6145=AXIS2_PLACEMENT_3D('',#8260,#6830,#6831);
#6146=AXIS2_PLACEMENT_3D('',#8262,#6833,#6834);
#6147=AXIS2_PLACEMENT_3D('',#8263,#6835,#6836);
#6148=AXIS2_PLACEMENT_3D('',#8268,#6838,#6839);
#6149=AXIS2_PLACEMENT_3D('',#8271,#6841,#6842);
#6150=AXIS2_PLACEMENT_3D('',#8277,#6846,#6847);
#6151=AXIS2_PLACEMENT_3D('',#8278,#6848,#6849);
#6152=AXIS2_PLACEMENT_3D('',#8280,#6850,#6851);
#6153=AXIS2_PLACEMENT_3D('',#8283,#6853,#6854);
#6154=AXIS2_PLACEMENT_3D('',#8289,#6858,#6859);
#6155=AXIS2_PLACEMENT_3D('',#8295,#6863,#6864);
#6156=AXIS2_PLACEMENT_3D('',#8299,#6867,#6868);
#6157=AXIS2_PLACEMENT_3D('',#8303,#6871,#6872);
#6158=AXIS2_PLACEMENT_3D('',#8305,#6874,#6875);
#6159=AXIS2_PLACEMENT_3D('',#8314,#6880,#6881);
#6160=AXIS2_PLACEMENT_3D('',#8315,#6882,#6883);
#6161=AXIS2_PLACEMENT_3D('',#8319,#6885,#6886);
#6162=AXIS2_PLACEMENT_3D('',#8320,#6887,#6888);
#6163=AXIS2_PLACEMENT_3D('',#8326,#6892,#6893);
#6164=AXIS2_PLACEMENT_3D('',#8327,#6894,#6895);
#6165=AXIS2_PLACEMENT_3D('',#8334,#6899,#6900);
#6166=AXIS2_PLACEMENT_3D('',#8340,#6904,#6905);
#6167=AXIS2_PLACEMENT_3D('',#8344,#6908,#6909);
#6168=AXIS2_PLACEMENT_3D('',#8345,#6910,#6911);
#6169=AXIS2_PLACEMENT_3D('',#8346,#6912,#6913);
#6170=AXIS2_PLACEMENT_3D('',#8348,#6915,#6916);
#6171=AXIS2_PLACEMENT_3D('',#8349,#6917,#6918);
#6172=AXIS2_PLACEMENT_3D('',#8354,#6920,#6921);
#6173=AXIS2_PLACEMENT_3D('',#8357,#6923,#6924);
#6174=AXIS2_PLACEMENT_3D('',#8363,#6928,#6929);
#6175=AXIS2_PLACEMENT_3D('',#8364,#6930,#6931);
#6176=AXIS2_PLACEMENT_3D('',#8366,#6932,#6933);
#6177=AXIS2_PLACEMENT_3D('',#8369,#6935,#6936);
#6178=AXIS2_PLACEMENT_3D('',#8375,#6940,#6941);
#6179=AXIS2_PLACEMENT_3D('',#8381,#6945,#6946);
#6180=AXIS2_PLACEMENT_3D('',#8385,#6949,#6950);
#6181=AXIS2_PLACEMENT_3D('',#8389,#6953,#6954);
#6182=AXIS2_PLACEMENT_3D('',#8391,#6956,#6957);
#6183=AXIS2_PLACEMENT_3D('',#8392,#6958,#6959);
#6184=AXIS2_PLACEMENT_3D('',#8394,#6960,#6961);
#6185=AXIS2_PLACEMENT_3D('',#8395,#6962,#6963);
#6186=AXIS2_PLACEMENT_3D('',#8397,#6964,#6965);
#6187=AXIS2_PLACEMENT_3D('',#8398,#6966,#6967);
#6188=AXIS2_PLACEMENT_3D('',#8400,#6968,#6969);
#6189=AXIS2_PLACEMENT_3D('',#8401,#6970,#6971);
#6190=AXIS2_PLACEMENT_3D('',#8403,#6972,#6973);
#6191=AXIS2_PLACEMENT_3D('',#8404,#6974,#6975);
#6192=AXIS2_PLACEMENT_3D('',#8406,#6976,#6977);
#6193=AXIS2_PLACEMENT_3D('',#8407,#6978,#6979);
#6194=AXIS2_PLACEMENT_3D('',#8409,#6980,#6981);
#6195=AXIS2_PLACEMENT_3D('',#8410,#6982,#6983);
#6196=AXIS2_PLACEMENT_3D('',#8412,#6984,#6985);
#6197=AXIS2_PLACEMENT_3D('',#8413,#6986,#6987);
#6198=AXIS2_PLACEMENT_3D('',#8415,#6988,#6989);
#6199=AXIS2_PLACEMENT_3D('',#8416,#6990,#6991);
#6200=AXIS2_PLACEMENT_3D('',#8418,#6992,#6993);
#6201=AXIS2_PLACEMENT_3D('',#8419,#6994,#6995);
#6202=AXIS2_PLACEMENT_3D('',#8421,#6996,#6997);
#6203=AXIS2_PLACEMENT_3D('',#8422,#6998,#6999);
#6204=AXIS2_PLACEMENT_3D('',#8424,#7000,#7001);
#6205=AXIS2_PLACEMENT_3D('',#8425,#7002,#7003);
#6206=AXIS2_PLACEMENT_3D('',#8427,#7004,#7005);
#6207=AXIS2_PLACEMENT_3D('',#8428,#7006,#7007);
#6208=AXIS2_PLACEMENT_3D('',#8430,#7008,#7009);
#6209=AXIS2_PLACEMENT_3D('',#8431,#7010,#7011);
#6210=AXIS2_PLACEMENT_3D('',#8433,#7012,#7013);
#6211=AXIS2_PLACEMENT_3D('',#8434,#7014,#7015);
#6212=AXIS2_PLACEMENT_3D('',#8436,#7016,#7017);
#6213=AXIS2_PLACEMENT_3D('',#8437,#7018,#7019);
#6214=AXIS2_PLACEMENT_3D('',#8439,#7020,#7021);
#6215=AXIS2_PLACEMENT_3D('',#8440,#7022,#7023);
#6216=AXIS2_PLACEMENT_3D('',#8442,#7024,#7025);
#6217=AXIS2_PLACEMENT_3D('',#8443,#7026,#7027);
#6218=AXIS2_PLACEMENT_3D('',#8445,#7028,#7029);
#6219=AXIS2_PLACEMENT_3D('',#8446,#7030,#7031);
#6220=AXIS2_PLACEMENT_3D('',#8448,#7032,#7033);
#6221=AXIS2_PLACEMENT_3D('',#8449,#7034,#7035);
#6222=AXIS2_PLACEMENT_3D('',#8451,#7036,#7037);
#6223=AXIS2_PLACEMENT_3D('',#8452,#7038,#7039);
#6224=AXIS2_PLACEMENT_3D('',#8454,#7040,#7041);
#6225=AXIS2_PLACEMENT_3D('',#8455,#7042,#7043);
#6226=AXIS2_PLACEMENT_3D('',#8457,#7044,#7045);
#6227=AXIS2_PLACEMENT_3D('',#8458,#7046,#7047);
#6228=AXIS2_PLACEMENT_3D('',#8460,#7048,#7049);
#6229=AXIS2_PLACEMENT_3D('',#8461,#7050,#7051);
#6230=AXIS2_PLACEMENT_3D('',#8463,#7052,#7053);
#6231=AXIS2_PLACEMENT_3D('',#8464,#7054,#7055);
#6232=AXIS2_PLACEMENT_3D('',#8466,#7056,#7057);
#6233=AXIS2_PLACEMENT_3D('',#8467,#7058,#7059);
#6234=AXIS2_PLACEMENT_3D('',#8469,#7060,#7061);
#6235=AXIS2_PLACEMENT_3D('',#8470,#7062,#7063);
#6236=AXIS2_PLACEMENT_3D('',#8472,#7064,#7065);
#6237=AXIS2_PLACEMENT_3D('',#8473,#7066,#7067);
#6238=AXIS2_PLACEMENT_3D('',#8475,#7068,#7069);
#6239=AXIS2_PLACEMENT_3D('',#8476,#7070,#7071);
#6240=AXIS2_PLACEMENT_3D('',#8478,#7072,#7073);
#6241=AXIS2_PLACEMENT_3D('',#8479,#7074,#7075);
#6242=AXIS2_PLACEMENT_3D('',#8481,#7076,#7077);
#6243=AXIS2_PLACEMENT_3D('',#8482,#7078,#7079);
#6244=AXIS2_PLACEMENT_3D('',#8484,#7080,#7081);
#6245=AXIS2_PLACEMENT_3D('',#8485,#7082,#7083);
#6246=AXIS2_PLACEMENT_3D('',#8487,#7084,#7085);
#6247=AXIS2_PLACEMENT_3D('',#8488,#7086,#7087);
#6248=AXIS2_PLACEMENT_3D('',#8490,#7088,#7089);
#6249=AXIS2_PLACEMENT_3D('',#8491,#7090,#7091);
#6250=AXIS2_PLACEMENT_3D('',#8493,#7092,#7093);
#6251=AXIS2_PLACEMENT_3D('',#8494,#7094,#7095);
#6252=AXIS2_PLACEMENT_3D('',#8496,#7096,#7097);
#6253=AXIS2_PLACEMENT_3D('',#8497,#7098,#7099);
#6254=AXIS2_PLACEMENT_3D('',#8499,#7100,#7101);
#6255=AXIS2_PLACEMENT_3D('',#8500,#7102,#7103);
#6256=AXIS2_PLACEMENT_3D('',#8502,#7104,#7105);
#6257=AXIS2_PLACEMENT_3D('',#8503,#7106,#7107);
#6258=AXIS2_PLACEMENT_3D('',#8505,#7108,#7109);
#6259=AXIS2_PLACEMENT_3D('',#8506,#7110,#7111);
#6260=AXIS2_PLACEMENT_3D('',#8508,#7112,#7113);
#6261=AXIS2_PLACEMENT_3D('',#8509,#7114,#7115);
#6262=AXIS2_PLACEMENT_3D('',#8511,#7116,#7117);
#6263=AXIS2_PLACEMENT_3D('',#8512,#7118,#7119);
#6264=AXIS2_PLACEMENT_3D('',#8514,#7120,#7121);
#6265=AXIS2_PLACEMENT_3D('',#8515,#7122,#7123);
#6266=AXIS2_PLACEMENT_3D('',#8517,#7124,#7125);
#6267=AXIS2_PLACEMENT_3D('',#8518,#7126,#7127);
#6268=AXIS2_PLACEMENT_3D('',#8520,#7128,#7129);
#6269=AXIS2_PLACEMENT_3D('',#8521,#7130,#7131);
#6270=AXIS2_PLACEMENT_3D('',#8523,#7132,#7133);
#6271=AXIS2_PLACEMENT_3D('',#8524,#7134,#7135);
#6272=AXIS2_PLACEMENT_3D('',#8526,#7136,#7137);
#6273=AXIS2_PLACEMENT_3D('',#8527,#7138,#7139);
#6274=AXIS2_PLACEMENT_3D('',#8529,#7140,#7141);
#6275=AXIS2_PLACEMENT_3D('',#8530,#7142,#7143);
#6276=AXIS2_PLACEMENT_3D('',#8532,#7144,#7145);
#6277=AXIS2_PLACEMENT_3D('',#8533,#7146,#7147);
#6278=AXIS2_PLACEMENT_3D('',#8535,#7148,#7149);
#6279=AXIS2_PLACEMENT_3D('',#8536,#7150,#7151);
#6280=AXIS2_PLACEMENT_3D('',#8538,#7152,#7153);
#6281=AXIS2_PLACEMENT_3D('',#8539,#7154,#7155);
#6282=AXIS2_PLACEMENT_3D('',#8541,#7156,#7157);
#6283=AXIS2_PLACEMENT_3D('',#8542,#7158,#7159);
#6284=AXIS2_PLACEMENT_3D('',#8544,#7160,#7161);
#6285=AXIS2_PLACEMENT_3D('',#8545,#7162,#7163);
#6286=AXIS2_PLACEMENT_3D('',#8547,#7164,#7165);
#6287=AXIS2_PLACEMENT_3D('',#8548,#7166,#7167);
#6288=AXIS2_PLACEMENT_3D('',#8550,#7168,#7169);
#6289=AXIS2_PLACEMENT_3D('',#8551,#7170,#7171);
#6290=AXIS2_PLACEMENT_3D('',#8553,#7172,#7173);
#6291=AXIS2_PLACEMENT_3D('',#8554,#7174,#7175);
#6292=AXIS2_PLACEMENT_3D('',#8556,#7176,#7177);
#6293=AXIS2_PLACEMENT_3D('',#8557,#7178,#7179);
#6294=AXIS2_PLACEMENT_3D('',#8559,#7180,#7181);
#6295=AXIS2_PLACEMENT_3D('',#8568,#7186,#7187);
#6296=AXIS2_PLACEMENT_3D('',#8577,#7192,#7193);
#6297=AXIS2_PLACEMENT_3D('',#8583,#7197,#7198);
#6298=AXIS2_PLACEMENT_3D('',#8589,#7202,#7203);
#6299=AXIS2_PLACEMENT_3D('',#8595,#7207,#7208);
#6300=AXIS2_PLACEMENT_3D('',#8601,#7212,#7213);
#6301=AXIS2_PLACEMENT_3D('',#8604,#7216,#7217);
#6302=AXIS2_PLACEMENT_3D('',#8605,#7218,#7219);
#6303=AXIS2_PLACEMENT_3D('',#8607,#7220,#7221);
#6304=AXIS2_PLACEMENT_3D('',#8608,#7222,#7223);
#6305=AXIS2_PLACEMENT_3D('',#8610,#7224,#7225);
#6306=AXIS2_PLACEMENT_3D('',#8619,#7230,#7231);
#6307=AXIS2_PLACEMENT_3D('',#8625,#7235,#7236);
#6308=AXIS2_PLACEMENT_3D('',#8629,#7239,#7240);
#6309=AXIS2_PLACEMENT_3D('',#8638,#7245,#7246);
#6310=AXIS2_PLACEMENT_3D('',#8644,#7250,#7251);
#6311=AXIS2_PLACEMENT_3D('',#8650,#7255,#7256);
#6312=AXIS2_PLACEMENT_3D('',#8656,#7260,#7261);
#6313=AXIS2_PLACEMENT_3D('',#8662,#7265,#7266);
#6314=AXIS2_PLACEMENT_3D('',#8665,#7269,#7270);
#6315=AXIS2_PLACEMENT_3D('',#8666,#7271,#7272);
#6316=AXIS2_PLACEMENT_3D('',#8668,#7273,#7274);
#6317=AXIS2_PLACEMENT_3D('',#8669,#7275,#7276);
#6318=AXIS2_PLACEMENT_3D('',#8671,#7277,#7278);
#6319=AXIS2_PLACEMENT_3D('',#8680,#7283,#7284);
#6320=AXIS2_PLACEMENT_3D('',#8686,#7288,#7289);
#6321=AXIS2_PLACEMENT_3D('',#8690,#7292,#7293);
#6322=AXIS2_PLACEMENT_3D('',#8697,#7298,#7299);
#6323=AXIS2_PLACEMENT_3D('',#8698,#7300,#7301);
#6324=AXIS2_PLACEMENT_3D('',#8703,#7304,#7305);
#6325=AXIS2_PLACEMENT_3D('',#8704,#7306,#7307);
#6326=AXIS2_PLACEMENT_3D('',#8707,#7309,#7310);
#6327=AXIS2_PLACEMENT_3D('',#8708,#7311,#7312);
#6328=AXIS2_PLACEMENT_3D('',#8714,#7316,#7317);
#6329=AXIS2_PLACEMENT_3D('',#8715,#7318,#7319);
#6330=AXIS2_PLACEMENT_3D('',#8717,#7320,#7321);
#6331=AXIS2_PLACEMENT_3D('',#8720,#7323,#7324);
#6332=AXIS2_PLACEMENT_3D('',#8726,#7328,#7329);
#6333=AXIS2_PLACEMENT_3D('',#8727,#7330,#7331);
#6334=AXIS2_PLACEMENT_3D('',#8730,#7333,#7334);
#6335=AXIS2_PLACEMENT_3D('',#8733,#7336,#7337);
#6336=AXIS2_PLACEMENT_3D('',#8734,#7338,#7339);
#6337=AXIS2_PLACEMENT_3D('',#8738,#7342,#7343);
#6338=AXIS2_PLACEMENT_3D('',#8739,#7344,#7345);
#6339=AXIS2_PLACEMENT_3D('',#8740,#7346,#7347);
#6340=AXIS2_PLACEMENT_3D('',#8744,#7349,#7350);
#6341=AXIS2_PLACEMENT_3D('',#8748,#7352,#7353);
#6342=AXIS2_PLACEMENT_3D('',#8752,#7355,#7356);
#6343=AXIS2_PLACEMENT_3D('',#8756,#7358,#7359);
#6344=AXIS2_PLACEMENT_3D('',#8757,#7360,#7361);
#6345=AXIS2_PLACEMENT_3D('',#8763,#7365,#7366);
#6346=AXIS2_PLACEMENT_3D('',#8764,#7367,#7368);
#6347=AXIS2_PLACEMENT_3D('',#8767,#7370,#7371);
#6348=AXIS2_PLACEMENT_3D('',#8771,#7374,#7375);
#6349=AXIS2_PLACEMENT_3D('',#8772,#7376,#7377);
#6350=AXIS2_PLACEMENT_3D('',#8775,#7379,#7380);
#6351=AXIS2_PLACEMENT_3D('',#8779,#7383,#7384);
#6352=AXIS2_PLACEMENT_3D('',#8780,#7385,#7386);
#6353=AXIS2_PLACEMENT_3D('',#8783,#7388,#7389);
#6354=AXIS2_PLACEMENT_3D('',#8787,#7392,#7393);
#6355=AXIS2_PLACEMENT_3D('',#8788,#7394,#7395);
#6356=AXIS2_PLACEMENT_3D('',#8790,#7396,#7397);
#6357=AXIS2_PLACEMENT_3D('',#8791,#7398,#7399);
#6358=AXIS2_PLACEMENT_3D('',#8793,#7400,#7401);
#6359=AXIS2_PLACEMENT_3D('',#8794,#7402,#7403);
#6360=AXIS2_PLACEMENT_3D('',#8796,#7404,#7405);
#6361=AXIS2_PLACEMENT_3D('',#8797,#7406,#7407);
#6362=AXIS2_PLACEMENT_3D('',#8799,#7408,#7409);
#6363=AXIS2_PLACEMENT_3D('',#8800,#7410,#7411);
#6364=AXIS2_PLACEMENT_3D('',#8802,#7412,#7413);
#6365=AXIS2_PLACEMENT_3D('',#8803,#7414,#7415);
#6366=AXIS2_PLACEMENT_3D('',#8805,#7416,#7417);
#6367=AXIS2_PLACEMENT_3D('',#8806,#7418,#7419);
#6368=AXIS2_PLACEMENT_3D('',#8808,#7420,#7421);
#6369=AXIS2_PLACEMENT_3D('',#8809,#7422,#7423);
#6370=AXIS2_PLACEMENT_3D('',#8811,#7424,#7425);
#6371=AXIS2_PLACEMENT_3D('',#8812,#7426,#7427);
#6372=AXIS2_PLACEMENT_3D('',#8814,#7428,#7429);
#6373=AXIS2_PLACEMENT_3D('',#8815,#7430,#7431);
#6374=AXIS2_PLACEMENT_3D('',#8817,#7432,#7433);
#6375=AXIS2_PLACEMENT_3D('',#8818,#7434,#7435);
#6376=AXIS2_PLACEMENT_3D('',#8820,#7436,#7437);
#6377=AXIS2_PLACEMENT_3D('',#8821,#7438,#7439);
#6378=AXIS2_PLACEMENT_3D('',#8823,#7440,#7441);
#6379=AXIS2_PLACEMENT_3D('',#8824,#7442,#7443);
#6380=AXIS2_PLACEMENT_3D('',#8826,#7444,#7445);
#6381=AXIS2_PLACEMENT_3D('',#8827,#7446,#7447);
#6382=AXIS2_PLACEMENT_3D('',#8829,#7448,#7449);
#6383=AXIS2_PLACEMENT_3D('',#8830,#7450,#7451);
#6384=AXIS2_PLACEMENT_3D('',#8832,#7452,#7453);
#6385=AXIS2_PLACEMENT_3D('',#8833,#7454,#7455);
#6386=AXIS2_PLACEMENT_3D('',#8835,#7456,#7457);
#6387=AXIS2_PLACEMENT_3D('',#8836,#7458,#7459);
#6388=AXIS2_PLACEMENT_3D('',#8838,#7460,#7461);
#6389=AXIS2_PLACEMENT_3D('',#8839,#7462,#7463);
#6390=AXIS2_PLACEMENT_3D('',#8841,#7464,#7465);
#6391=AXIS2_PLACEMENT_3D('',#8842,#7466,#7467);
#6392=AXIS2_PLACEMENT_3D('',#8844,#7468,#7469);
#6393=AXIS2_PLACEMENT_3D('',#8845,#7470,#7471);
#6394=AXIS2_PLACEMENT_3D('',#8847,#7472,#7473);
#6395=AXIS2_PLACEMENT_3D('',#8848,#7474,#7475);
#6396=AXIS2_PLACEMENT_3D('',#8850,#7476,#7477);
#6397=AXIS2_PLACEMENT_3D('',#8851,#7478,#7479);
#6398=AXIS2_PLACEMENT_3D('',#8853,#7480,#7481);
#6399=AXIS2_PLACEMENT_3D('',#8854,#7482,#7483);
#6400=AXIS2_PLACEMENT_3D('',#8856,#7484,#7485);
#6401=AXIS2_PLACEMENT_3D('',#8857,#7486,#7487);
#6402=AXIS2_PLACEMENT_3D('',#8859,#7488,#7489);
#6403=AXIS2_PLACEMENT_3D('',#8860,#7490,#7491);
#6404=AXIS2_PLACEMENT_3D('',#8862,#7492,#7493);
#6405=AXIS2_PLACEMENT_3D('',#8863,#7494,#7495);
#6406=AXIS2_PLACEMENT_3D('',#8865,#7496,#7497);
#6407=AXIS2_PLACEMENT_3D('',#8866,#7498,#7499);
#6408=AXIS2_PLACEMENT_3D('',#8868,#7500,#7501);
#6409=AXIS2_PLACEMENT_3D('',#8869,#7502,#7503);
#6410=AXIS2_PLACEMENT_3D('',#8871,#7504,#7505);
#6411=AXIS2_PLACEMENT_3D('',#8872,#7506,#7507);
#6412=AXIS2_PLACEMENT_3D('',#8874,#7508,#7509);
#6413=AXIS2_PLACEMENT_3D('',#8875,#7510,#7511);
#6414=AXIS2_PLACEMENT_3D('',#8877,#7512,#7513);
#6415=AXIS2_PLACEMENT_3D('',#8878,#7514,#7515);
#6416=AXIS2_PLACEMENT_3D('',#8880,#7516,#7517);
#6417=AXIS2_PLACEMENT_3D('',#8881,#7518,#7519);
#6418=AXIS2_PLACEMENT_3D('',#8883,#7520,#7521);
#6419=AXIS2_PLACEMENT_3D('',#8884,#7522,#7523);
#6420=AXIS2_PLACEMENT_3D('',#8886,#7524,#7525);
#6421=AXIS2_PLACEMENT_3D('',#8887,#7526,#7527);
#6422=AXIS2_PLACEMENT_3D('',#8889,#7528,#7529);
#6423=AXIS2_PLACEMENT_3D('',#8890,#7530,#7531);
#6424=AXIS2_PLACEMENT_3D('',#8892,#7532,#7533);
#6425=AXIS2_PLACEMENT_3D('',#8893,#7534,#7535);
#6426=AXIS2_PLACEMENT_3D('',#8895,#7536,#7537);
#6427=AXIS2_PLACEMENT_3D('',#8896,#7538,#7539);
#6428=AXIS2_PLACEMENT_3D('',#8898,#7540,#7541);
#6429=AXIS2_PLACEMENT_3D('',#8899,#7542,#7543);
#6430=AXIS2_PLACEMENT_3D('',#8901,#7544,#7545);
#6431=AXIS2_PLACEMENT_3D('',#8902,#7546,#7547);
#6432=AXIS2_PLACEMENT_3D('',#8904,#7548,#7549);
#6433=AXIS2_PLACEMENT_3D('',#8905,#7550,#7551);
#6434=AXIS2_PLACEMENT_3D('',#8907,#7552,#7553);
#6435=AXIS2_PLACEMENT_3D('',#8908,#7554,#7555);
#6436=AXIS2_PLACEMENT_3D('',#8910,#7556,#7557);
#6437=AXIS2_PLACEMENT_3D('',#8911,#7558,#7559);
#6438=AXIS2_PLACEMENT_3D('',#8913,#7560,#7561);
#6439=AXIS2_PLACEMENT_3D('',#8914,#7562,#7563);
#6440=AXIS2_PLACEMENT_3D('',#8916,#7564,#7565);
#6441=AXIS2_PLACEMENT_3D('',#8917,#7566,#7567);
#6442=AXIS2_PLACEMENT_3D('',#8919,#7568,#7569);
#6443=AXIS2_PLACEMENT_3D('',#8920,#7570,#7571);
#6444=AXIS2_PLACEMENT_3D('',#8922,#7572,#7573);
#6445=AXIS2_PLACEMENT_3D('',#8923,#7574,#7575);
#6446=AXIS2_PLACEMENT_3D('',#8925,#7576,#7577);
#6447=AXIS2_PLACEMENT_3D('',#8926,#7578,#7579);
#6448=AXIS2_PLACEMENT_3D('',#8928,#7580,#7581);
#6449=AXIS2_PLACEMENT_3D('',#8929,#7582,#7583);
#6450=AXIS2_PLACEMENT_3D('',#8931,#7584,#7585);
#6451=AXIS2_PLACEMENT_3D('',#8932,#7586,#7587);
#6452=AXIS2_PLACEMENT_3D('',#8934,#7588,#7589);
#6453=AXIS2_PLACEMENT_3D('',#8935,#7590,#7591);
#6454=AXIS2_PLACEMENT_3D('',#8937,#7592,#7593);
#6455=AXIS2_PLACEMENT_3D('',#8938,#7594,#7595);
#6456=AXIS2_PLACEMENT_3D('',#8940,#7596,#7597);
#6457=AXIS2_PLACEMENT_3D('',#8941,#7598,#7599);
#6458=AXIS2_PLACEMENT_3D('',#8943,#7600,#7601);
#6459=AXIS2_PLACEMENT_3D('',#8944,#7602,#7603);
#6460=AXIS2_PLACEMENT_3D('',#8946,#7604,#7605);
#6461=AXIS2_PLACEMENT_3D('',#8947,#7606,#7607);
#6462=AXIS2_PLACEMENT_3D('',#8949,#7608,#7609);
#6463=AXIS2_PLACEMENT_3D('',#8950,#7610,#7611);
#6464=AXIS2_PLACEMENT_3D('',#8952,#7612,#7613);
#6465=AXIS2_PLACEMENT_3D('',#8953,#7614,#7615);
#6466=AXIS2_PLACEMENT_3D('',#8955,#7616,#7617);
#6467=AXIS2_PLACEMENT_3D('',#8956,#7618,#7619);
#6468=AXIS2_PLACEMENT_3D('',#8958,#7620,#7621);
#6469=AXIS2_PLACEMENT_3D('',#8959,#7622,#7623);
#6470=AXIS2_PLACEMENT_3D('',#8961,#7624,#7625);
#6471=AXIS2_PLACEMENT_3D('',#8962,#7626,#7627);
#6472=AXIS2_PLACEMENT_3D('',#8964,#7628,#7629);
#6473=AXIS2_PLACEMENT_3D('',#8965,#7630,#7631);
#6474=AXIS2_PLACEMENT_3D('',#8967,#7632,#7633);
#6475=AXIS2_PLACEMENT_3D('',#8968,#7634,#7635);
#6476=AXIS2_PLACEMENT_3D('',#8970,#7636,#7637);
#6477=AXIS2_PLACEMENT_3D('',#8971,#7638,#7639);
#6478=AXIS2_PLACEMENT_3D('',#8973,#7640,#7641);
#6479=AXIS2_PLACEMENT_3D('',#8974,#7642,#7643);
#6480=AXIS2_PLACEMENT_3D('',#8976,#7644,#7645);
#6481=AXIS2_PLACEMENT_3D('',#8977,#7646,#7647);
#6482=AXIS2_PLACEMENT_3D('',#8979,#7648,#7649);
#6483=AXIS2_PLACEMENT_3D('',#8980,#7650,#7651);
#6484=AXIS2_PLACEMENT_3D('',#8982,#7652,#7653);
#6485=AXIS2_PLACEMENT_3D('',#8983,#7654,#7655);
#6486=AXIS2_PLACEMENT_3D('',#8985,#7656,#7657);
#6487=AXIS2_PLACEMENT_3D('',#8986,#7658,#7659);
#6488=AXIS2_PLACEMENT_3D('',#8988,#7660,#7661);
#6489=AXIS2_PLACEMENT_3D('',#8989,#7662,#7663);
#6490=AXIS2_PLACEMENT_3D('',#8991,#7664,#7665);
#6491=AXIS2_PLACEMENT_3D('',#8992,#7666,#7667);
#6492=AXIS2_PLACEMENT_3D('',#8994,#7668,#7669);
#6493=AXIS2_PLACEMENT_3D('',#8995,#7670,#7671);
#6494=AXIS2_PLACEMENT_3D('',#8997,#7672,#7673);
#6495=AXIS2_PLACEMENT_3D('',#8998,#7674,#7675);
#6496=AXIS2_PLACEMENT_3D('',#9000,#7676,#7677);
#6497=AXIS2_PLACEMENT_3D('',#9001,#7678,#7679);
#6498=AXIS2_PLACEMENT_3D('',#9003,#7680,#7681);
#6499=AXIS2_PLACEMENT_3D('',#9004,#7682,#7683);
#6500=AXIS2_PLACEMENT_3D('',#9006,#7684,#7685);
#6501=AXIS2_PLACEMENT_3D('',#9007,#7686,#7687);
#6502=AXIS2_PLACEMENT_3D('',#9009,#7688,#7689);
#6503=AXIS2_PLACEMENT_3D('',#9010,#7690,#7691);
#6504=AXIS2_PLACEMENT_3D('',#9012,#7692,#7693);
#6505=AXIS2_PLACEMENT_3D('',#9013,#7694,#7695);
#6506=AXIS2_PLACEMENT_3D('',#9015,#7696,#7697);
#6507=AXIS2_PLACEMENT_3D('',#9016,#7698,#7699);
#6508=AXIS2_PLACEMENT_3D('',#9018,#7700,#7701);
#6509=AXIS2_PLACEMENT_3D('',#9019,#7702,#7703);
#6510=AXIS2_PLACEMENT_3D('',#9021,#7704,#7705);
#6511=AXIS2_PLACEMENT_3D('',#9022,#7706,#7707);
#6512=AXIS2_PLACEMENT_3D('',#9024,#7708,#7709);
#6513=AXIS2_PLACEMENT_3D('',#9025,#7710,#7711);
#6514=AXIS2_PLACEMENT_3D('',#9027,#7712,#7713);
#6515=AXIS2_PLACEMENT_3D('',#9028,#7714,#7715);
#6516=AXIS2_PLACEMENT_3D('',#9030,#7716,#7717);
#6517=AXIS2_PLACEMENT_3D('',#9031,#7718,#7719);
#6518=AXIS2_PLACEMENT_3D('',#9033,#7720,#7721);
#6519=AXIS2_PLACEMENT_3D('',#9034,#7722,#7723);
#6520=AXIS2_PLACEMENT_3D('',#9036,#7724,#7725);
#6521=AXIS2_PLACEMENT_3D('',#9037,#7726,#7727);
#6522=AXIS2_PLACEMENT_3D('',#9039,#7728,#7729);
#6523=AXIS2_PLACEMENT_3D('',#9040,#7730,#7731);
#6524=AXIS2_PLACEMENT_3D('',#9042,#7732,#7733);
#6525=AXIS2_PLACEMENT_3D('',#9043,#7734,#7735);
#6526=AXIS2_PLACEMENT_3D('',#9045,#7736,#7737);
#6527=AXIS2_PLACEMENT_3D('',#9046,#7738,#7739);
#6528=AXIS2_PLACEMENT_3D('',#9048,#7740,#7741);
#6529=AXIS2_PLACEMENT_3D('',#9049,#7742,#7743);
#6530=AXIS2_PLACEMENT_3D('',#9051,#7744,#7745);
#6531=AXIS2_PLACEMENT_3D('',#9055,#7747,#7748);
#6532=AXIS2_PLACEMENT_3D('',#9059,#7750,#7751);
#6533=AXIS2_PLACEMENT_3D('',#9063,#7753,#7754);
#6534=AXIS2_PLACEMENT_3D('',#9067,#7756,#7757);
#6535=AXIS2_PLACEMENT_3D('',#9068,#7758,#7759);
#6536=AXIS2_PLACEMENT_3D('',#9069,#7760,#7761);
#6537=AXIS2_PLACEMENT_3D('',#9070,#7762,#7763);
#6538=AXIS2_PLACEMENT_3D('',#9071,#7764,#7765);
#6539=AXIS2_PLACEMENT_3D('',#9072,#7766,#7767);
#6540=AXIS2_PLACEMENT_3D('',#9098,#7768,#7769);
#6541=AXIS2_PLACEMENT_3D('',#9099,#7770,#7771);
#6542=AXIS2_PLACEMENT_3D('',#9100,#7772,#7773);
#6543=AXIS2_PLACEMENT_3D('',#9126,#7774,#7775);
#6544=AXIS2_PLACEMENT_3D('',#9127,#7776,#7777);
#6545=AXIS2_PLACEMENT_3D('',#9128,#7778,#7779);
#6546=AXIS2_PLACEMENT_3D('',#9154,#7780,#7781);
#6547=AXIS2_PLACEMENT_3D('',#9155,#7782,#7783);
#6548=AXIS2_PLACEMENT_3D('',#9156,#7784,#7785);
#6549=AXIS2_PLACEMENT_3D('',#9182,#7786,#7787);
#6550=DIRECTION('',(0.,0.,1.));
#6551=DIRECTION('',(1.,0.,0.));
#6552=DIRECTION('',(0.,4.99718902893426E-017,-1.));
#6553=DIRECTION('',(0.,-1.,0.));
#6554=DIRECTION('',(0.,0.,1.));
#6555=DIRECTION('',(1.97344610076076E-016,0.,1.));
#6556=DIRECTION('',(1.,-1.06910365334274E-014,-7.56596431596403E-015));
#6557=DIRECTION('',(1.,0.,0.));
#6558=DIRECTION('',(1.,-5.26327952414889E-015,-3.94745964311167E-015));
#6559=DIRECTION('',(1.,0.,0.));
#6560=DIRECTION('',(-1.,2.66453525910034E-014,3.55271367880045E-014));
#6561=DIRECTION('',(-1.,0.,0.));
#6562=DIRECTION('',(-1.,0.,-1.77635683940023E-014));
#6563=DIRECTION('',(-1.,0.,0.));
#6564=DIRECTION('',(-1.,0.,3.77475828372548E-014));
#6565=DIRECTION('',(-1.,0.,0.));
#6566=DIRECTION('',(-1.,0.,-3.77475828372548E-014));
#6567=DIRECTION('',(-1.,0.,0.));
#6568=DIRECTION('',(1.,0.,4.8336240527898E-015));
#6569=DIRECTION('',(1.,0.,5.35151234416013E-015));
#6570=DIRECTION('',(-1.,-1.11022302462516E-014,0.));
#6571=DIRECTION('',(-1.,-1.08801856413265E-014,0.));
#6572=DIRECTION('',(-1.,0.,0.));
#6573=DIRECTION('',(-1.,-1.11022302462516E-014,0.));
#6574=DIRECTION('',(-1.,-1.11022302462516E-014,0.));
#6575=DIRECTION('',(-1.,-1.08801856413265E-014,-1.06581410364015E-014));
#6576=DIRECTION('',(-1.,-9.99200722162641E-015,-7.105427357601E-015));
#6577=DIRECTION('',(-1.,-9.99200722162641E-015,-1.06581410364015E-014));
#6578=DIRECTION('',(-1.,-1.08801856413265E-014,-1.06581410364015E-014));
#6579=DIRECTION('',(-1.,-1.06581410364015E-014,-7.105427357601E-015));
#6580=DIRECTION('',(-1.,-9.99200722162641E-015,-1.06581410364015E-014));
#6581=DIRECTION('',(-1.,-1.08801856413265E-014,0.));
#6582=DIRECTION('',(-1.,-1.08801856413265E-014,0.));
#6583=DIRECTION('',(-1.,-1.08801856413265E-014,0.));
#6584=DIRECTION('',(-1.,-1.08801856413265E-014,0.));
#6585=DIRECTION('',(-1.,-1.11022302462516E-014,0.));
#6586=DIRECTION('',(-1.,-9.99200722162641E-015,0.));
#6587=DIRECTION('',(-1.,-1.11022302462516E-014,0.));
#6588=DIRECTION('',(-1.,-1.11022302462516E-014,0.));
#6589=DIRECTION('',(-1.,-1.11022302462516E-014,0.));
#6590=DIRECTION('',(-1.,-1.11022302462516E-014,0.));
#6591=DIRECTION('',(-1.,-1.02140518265514E-014,-1.06581410364015E-014));
#6592=DIRECTION('',(-1.,-1.02140518265514E-014,-1.06581410364015E-014));
#6593=DIRECTION('',(-1.,-1.02140518265514E-014,-1.06581410364015E-014));
#6594=DIRECTION('',(-1.,-1.02140518265514E-014,-1.06581410364015E-014));
#6595=DIRECTION('',(-1.,-1.02140518265514E-014,0.));
#6596=DIRECTION('',(-1.,-1.11022302462516E-014,0.));
#6597=DIRECTION('',(-1.,-1.06581410364015E-014,0.));
#6598=DIRECTION('',(-1.,-1.06581410364015E-014,0.));
#6599=DIRECTION('',(-1.,-1.15463194561016E-014,0.));
#6600=DIRECTION('',(-1.,-1.15463194561016E-014,0.));
#6601=DIRECTION('',(-1.,0.,0.));
#6602=DIRECTION('',(-1.,0.,0.));
#6603=DIRECTION('',(-1.,0.,0.));
#6604=DIRECTION('',(-1.,0.,0.));
#6605=DIRECTION('',(-1.,0.,0.));
#6606=DIRECTION('',(-1.,0.,0.));
#6607=DIRECTION('',(-1.,0.,0.));
#6608=DIRECTION('',(-1.,0.,0.));
#6609=DIRECTION('',(-1.,0.,0.));
#6610=DIRECTION('',(-1.,0.,0.));
#6611=DIRECTION('',(-1.,0.,0.));
#6612=DIRECTION('',(-1.,0.,0.));
#6613=DIRECTION('',(-1.,0.,0.));
#6614=DIRECTION('',(0.,-1.,6.00458649938113E-015));
#6615=DIRECTION('',(0.,-1.,6.00458649938113E-015));
#6616=DIRECTION('',(0.,-1.,6.00458649938113E-015));
#6617=DIRECTION('',(0.,-1.,5.50420429109937E-015));
#6618=DIRECTION('',(0.,-1.,5.50420429109937E-015));
#6619=DIRECTION('',(0.,-1.,6.00458649938113E-015));
#6620=DIRECTION('',(0.,-1.,4.00305766625409E-015));
#6621=DIRECTION('',(0.,-1.,5.00382208281761E-015));
#6622=DIRECTION('',(0.,-1.,6.00458649938113E-015));
#6623=DIRECTION('',(0.,-1.,5.00382208281761E-015));
#6624=DIRECTION('',(0.,-1.,6.00458649938113E-015));
#6625=DIRECTION('',(0.,-1.,2.00152883312704E-015));
#6626=DIRECTION('',(0.,-1.,4.00305766625409E-015));
#6627=DIRECTION('',(0.,-1.,4.00305766625409E-015));
#6628=DIRECTION('',(0.,-1.,4.00305766625409E-015));
#6629=DIRECTION('',(0.,-1.,4.00305766625409E-015));
#6630=DIRECTION('',(0.,-1.,6.00458649938113E-015));
#6631=DIRECTION('',(0.,-1.,5.50420429109937E-015));
#6632=DIRECTION('',(0.,-1.,6.00458649938113E-015));
#6633=DIRECTION('',(0.,-1.,5.00382208281761E-015));
#6634=DIRECTION('',(0.,-1.,6.00458649938113E-015));
#6635=DIRECTION('',(0.,-1.,6.00458649938113E-015));
#6636=DIRECTION('',(0.,-1.,6.00458649938113E-015));
#6637=DIRECTION('',(0.,-1.,9.00687974907169E-015));
#6638=DIRECTION('',(0.,-1.,8.00611533250817E-015));
#6639=DIRECTION('',(0.,-1.,2.00152883312704E-015));
#6640=DIRECTION('',(0.,-1.,2.00152883312704E-015));
#6641=DIRECTION('',(0.,-1.,2.00152883312704E-015));
#6642=DIRECTION('',(0.,-1.,2.00152883312704E-015));
#6643=DIRECTION('',(0.,-1.,2.00152883312704E-015));
#6644=DIRECTION('',(0.,-1.,5.50420429109937E-015));
#6645=DIRECTION('',(0.,-1.,5.50420429109937E-015));
#6646=DIRECTION('',(0.,-1.,5.00382208281761E-015));
#6647=DIRECTION('',(0.,-1.,5.00382208281761E-015));
#6648=DIRECTION('',(0.,-1.,6.00458649938113E-015));
#6649=DIRECTION('',(0.,-1.,6.00458649938113E-015));
#6650=DIRECTION('',(0.,-1.,6.00458649938113E-015));
#6651=DIRECTION('',(0.,-1.,6.00458649938113E-015));
#6652=DIRECTION('',(0.,-1.,2.00152883312704E-015));
#6653=DIRECTION('',(0.,-1.,4.00305766625409E-015));
#6654=DIRECTION('',(0.,-1.,4.00305766625409E-015));
#6655=DIRECTION('',(0.,-1.,4.00305766625409E-015));
#6656=DIRECTION('',(0.,-1.,4.00305766625409E-015));
#6657=DIRECTION('',(0.,-1.,4.00305766625409E-015));
#6658=DIRECTION('',(-4.61388834573196E-015,1.3896592279407E-014,1.));
#6659=DIRECTION('',(-2.00644586386541E-014,0.984807753012211,0.173648177666916));
#6660=DIRECTION('',(1.17485315989042E-013,1.11024523139912E-013,-1.));
#6661=DIRECTION('',(-5.01611465966372E-015,-0.984807753012205,0.173648177666949));
#6662=DIRECTION('',(-1.,-7.0404386927449E-015,4.76583542278117E-015));
#6663=DIRECTION('',(1.,2.49669566067163E-013,8.3593263030596E-014));
#6664=DIRECTION('',(1.,-7.04043869274491E-015,-1.1840122378472E-014));
#6665=DIRECTION('',(-1.,-2.49669566067162E-013,8.43442962531364E-014));
#6666=DIRECTION('',(-2.2028234615579E-015,1.,-1.14462064665691E-014));
#6667=DIRECTION('',(1.,0.,9.91270557701048E-015));
#6668=DIRECTION('',(0.,-1.,4.55246848102176E-015));
#6669=DIRECTION('',(1.,0.,0.));
#6670=DIRECTION('',(-1.83568621796489E-015,1.,-1.90770107776151E-015));
#6671=DIRECTION('',(1.,0.,9.91270557701045E-015));
#6672=DIRECTION('',(3.67137243592972E-015,-1.,3.81540215552307E-015));
#6673=DIRECTION('',(1.,4.95635278850532E-015,1.4869058365516E-014));
#6674=DIRECTION('',(-2.20282346155779E-015,1.,-1.1446206466569E-014));
#6675=DIRECTION('',(0.999999999999997,0.,9.91270557701041E-015));
#6676=DIRECTION('',(0.,-1.,4.55246848102175E-015));
#6677=DIRECTION('',(1.,0.,0.));
#6678=DIRECTION('',(-1.83568621796488E-015,1.,-1.90770107776151E-015));
#6679=DIRECTION('',(1.,0.,9.91270557701045E-015));
#6680=DIRECTION('',(3.67137243592974E-015,-1.,3.81540215552306E-015));
#6681=DIRECTION('',(1.,4.95635278850528E-015,1.48690583655159E-014));
#6682=DIRECTION('',(-2.2028234615579E-015,1.,-1.14462064665691E-014));
#6683=DIRECTION('',(1.,0.,9.91270557701048E-015));
#6684=DIRECTION('',(0.,-1.,4.55246848102177E-015));
#6685=DIRECTION('',(1.,0.,0.));
#6686=DIRECTION('',(-1.83568621796488E-015,1.,-1.90770107776151E-015));
#6687=DIRECTION('',(1.,0.,9.91270557701045E-015));
#6688=DIRECTION('',(3.67137243592972E-015,-1.,3.81540215552309E-015));
#6689=DIRECTION('',(0.999999999999999,4.95635278850536E-015,1.98254111540214E-014));
#6690=DIRECTION('',(-2.20282346155783E-015,1.,-1.14462064665691E-014));
#6691=DIRECTION('',(1.,0.,9.91270557701048E-015));
#6692=DIRECTION('',(0.,-1.,4.55246848102177E-015));
#6693=DIRECTION('',(1.,0.,0.));
#6694=DIRECTION('',(-1.83568621796488E-015,1.,-1.90770107776151E-015));
#6695=DIRECTION('',(1.,0.,9.91270557701045E-015));
#6696=DIRECTION('',(3.67137243592975E-015,-1.,3.81540215552309E-015));
#6697=DIRECTION('',(0.999999999999999,4.95635278850536E-015,1.98254111540214E-014));
#6698=DIRECTION('',(-2.20282346155789E-015,1.,-1.1446206466569E-014));
#6699=DIRECTION('',(0.999999999999999,0.,9.91270557701033E-015));
#6700=DIRECTION('',(0.,-1.,4.55246848102177E-015));
#6701=DIRECTION('',(1.,0.,0.));
#6702=DIRECTION('',(-1.83568621796487E-015,1.,-1.90770107776149E-015));
#6703=DIRECTION('',(0.999999999999996,0.,9.9127055770103E-015));
#6704=DIRECTION('',(3.67137243592972E-015,-1.,3.8154021555231E-015));
#6705=DIRECTION('',(0.999999999999997,4.9563527885054E-015,1.98254111540216E-014));
#6706=DIRECTION('',(-2.20282346155782E-015,1.,-1.1446206466569E-014));
#6707=DIRECTION('',(0.999999999999999,0.,9.91270557701033E-015));
#6708=DIRECTION('',(0.,-1.,4.55246848102177E-015));
#6709=DIRECTION('',(1.,0.,0.));
#6710=DIRECTION('',(-1.83568621796488E-015,1.,-1.90770107776149E-015));
#6711=DIRECTION('',(0.999999999999996,0.,9.9127055770103E-015));
#6712=DIRECTION('',(3.67137243592973E-015,-1.,3.81540215552307E-015));
#6713=DIRECTION('',(1.,4.95635278850532E-015,1.98254111540213E-014));
#6714=DIRECTION('',(-2.20282346155777E-015,1.,-1.14462064665691E-014));
#6715=DIRECTION('',(1.,0.,9.91270557701048E-015));
#6716=DIRECTION('',(0.,-1.,4.55246848102177E-015));
#6717=DIRECTION('',(1.,0.,0.));
#6718=DIRECTION('',(-1.83568621796488E-015,1.,-1.90770107776151E-015));
#6719=DIRECTION('',(1.,0.,9.91270557701045E-015));
#6720=DIRECTION('',(3.67137243592975E-015,-1.,3.81540215552305E-015));
#6721=DIRECTION('',(0.999999999999996,4.95635278850525E-015,1.9825411154021E-014));
#6722=DIRECTION('',(-2.2028234615579E-015,1.,-1.14462064665691E-014));
#6723=DIRECTION('',(1.,0.,9.91270557701048E-015));
#6724=DIRECTION('',(0.,-1.,4.55246848102177E-015));
#6725=DIRECTION('',(1.,0.,0.));
#6726=DIRECTION('',(-1.83568621796486E-015,1.,-1.90770107776151E-015));
#6727=DIRECTION('',(1.,0.,9.91270557701045E-015));
#6728=DIRECTION('',(3.67137243592973E-015,-1.,3.81540215552307E-015));
#6729=DIRECTION('',(1.,4.95635278850532E-015,1.98254111540213E-014));
#6730=DIRECTION('',(-2.20282346155777E-015,1.,-1.14462064665691E-014));
#6731=DIRECTION('',(1.,0.,9.91270557701048E-015));
#6732=DIRECTION('',(0.,-1.,4.55246848102177E-015));
#6733=DIRECTION('',(1.,0.,0.));
#6734=DIRECTION('',(-1.83568621796486E-015,1.,-1.90770107776151E-015));
#6735=DIRECTION('',(1.,0.,9.91270557701045E-015));
#6736=DIRECTION('',(3.67137243592974E-015,-1.,3.81540215552299E-015));
#6737=DIRECTION('',(1.,4.95635278850509E-015,1.98254111540204E-014));
#6738=DIRECTION('',(-2.2028234615579E-015,1.,-1.14462064665691E-014));
#6739=DIRECTION('',(1.,0.,0.));
#6740=DIRECTION('',(0.,-1.,4.55246848102177E-015));
#6741=DIRECTION('',(1.,0.,0.));
#6742=DIRECTION('',(-1.8356862179649E-015,1.,-1.90770107776152E-015));
#6743=DIRECTION('',(0.999999999999997,0.,0.));
#6744=DIRECTION('',(3.67137243592969E-015,-1.,3.81540215552307E-015));
#6745=DIRECTION('',(1.,4.95635278850532E-015,1.98254111540213E-014));
#6746=DIRECTION('',(-2.2028234615579E-015,1.,-1.14462064665691E-014));
#6747=DIRECTION('',(1.,0.,0.));
#6748=DIRECTION('',(0.,-1.,4.55246848102177E-015));
#6749=DIRECTION('',(1.,0.,0.));
#6750=DIRECTION('',(-1.83568621796487E-015,1.,-1.90770107776152E-015));
#6751=DIRECTION('',(0.999999999999997,0.,0.));
#6752=DIRECTION('',(3.67137243592972E-015,-1.,3.81540215552302E-015));
#6753=DIRECTION('',(1.,4.95635278850517E-015,1.98254111540207E-014));
#6754=DIRECTION('',(-2.20282346155777E-015,1.,-1.14462064665691E-014));
#6755=DIRECTION('',(1.,0.,0.));
#6756=DIRECTION('',(0.,-1.,4.55246848102177E-015));
#6757=DIRECTION('',(1.,0.,0.));
#6758=DIRECTION('',(-1.83568621796487E-015,1.,-1.90770107776152E-015));
#6759=DIRECTION('',(0.999999999999997,0.,0.));
#6760=DIRECTION('',(3.67137243592969E-015,-1.,3.81540215552307E-015));
#6761=DIRECTION('',(1.,4.95635278850532E-015,1.98254111540213E-014));
#6762=DIRECTION('',(-2.20282346155795E-015,1.,-1.1446206466569E-014));
#6763=DIRECTION('',(0.999999999999999,0.,0.));
#6764=DIRECTION('',(0.,-1.,4.55246848102177E-015));
#6765=DIRECTION('',(1.,0.,0.));
#6766=DIRECTION('',(-1.83568621796488E-015,1.,-1.90770107776151E-015));
#6767=DIRECTION('',(1.,0.,0.));
#6768=DIRECTION('',(3.67137243592972E-015,-1.,3.81540215552302E-015));
#6769=DIRECTION('',(1.,4.95635278850517E-015,1.98254111540207E-014));
#6770=DIRECTION('',(-2.20282346155787E-015,1.,-1.14462064665689E-014));
#6771=DIRECTION('',(1.,0.,0.));
#6772=DIRECTION('',(0.,-1.,4.55246848102177E-015));
#6773=DIRECTION('',(1.,0.,0.));
#6774=DIRECTION('',(-1.8356862179649E-015,1.,-1.90770107776155E-015));
#6775=DIRECTION('',(0.999999999999997,0.,0.));
#6776=DIRECTION('',(3.67137243592974E-015,-1.,3.81540215552313E-015));
#6777=DIRECTION('',(1.,4.95635278850547E-015,1.98254111540219E-014));
#6778=DIRECTION('',(-2.20282346155787E-015,1.,-1.14462064665689E-014));
#6779=DIRECTION('',(1.,0.,0.));
#6780=DIRECTION('',(0.,-1.,4.5524684810217E-015));
#6781=DIRECTION('',(1.,0.,0.));
#6782=DIRECTION('',(-1.83568621796489E-015,1.,-1.90770107776149E-015));
#6783=DIRECTION('',(1.,0.,9.91270557701035E-015));
#6784=DIRECTION('',(3.67137243592976E-015,-1.,3.81540215552299E-015));
#6785=DIRECTION('',(0.999999999999999,4.95635278850526E-015,0.));
#6786=DIRECTION('',(-2.20282346155783E-015,1.,-1.1446206466569E-014));
#6787=DIRECTION('',(0.999999999999997,0.,9.91270557701041E-015));
#6788=DIRECTION('',(0.,-1.,4.55246848102176E-015));
#6789=DIRECTION('',(1.,0.,0.));
#6790=DIRECTION('',(-1.83568621796487E-015,1.,-1.90770107776151E-015));
#6791=DIRECTION('',(0.999999999999997,0.,9.91270557701041E-015));
#6792=DIRECTION('',(3.67137243592974E-015,-1.,3.81540215552308E-015));
#6793=DIRECTION('',(1.,4.95635278850534E-015,1.4869058365516E-014));
#6794=DIRECTION('',(0.,-1.,-1.85037170770859E-015));
#6795=DIRECTION('',(-1.,0.,0.));
#6796=DIRECTION('',(0.,1.,1.85037170770859E-015));
#6797=DIRECTION('',(-1.,0.,0.));
#6798=DIRECTION('',(0.,1.85037170770859E-015,-1.));
#6799=DIRECTION('',(0.,-1.,-1.85051626799826E-015));
#6800=DIRECTION('',(-1.,-1.7872882038813E-028,9.31523446834424E-015));
#6801=DIRECTION('',(-1.38777878078143E-014,2.08166817117215E-014,-0.999999999999999));
#6802=DIRECTION('',(-1.,0.,0.));
#6803=DIRECTION('',(1.,6.024559583201E-015,-1.76294938846644E-014));
#6804=DIRECTION('',(1.38777878078128E-014,-0.323371333468509,0.946272149379236));
#6805=DIRECTION('',(-1.,-3.41097291983603E-014,-6.11996835139959E-015));
#6806=DIRECTION('',(0.,0.,-1.));
#6807=DIRECTION('',(0.,0.946272149379253,0.323371333468457));
#6808=DIRECTION('',(1.,0.,0.));
#6809=DIRECTION('',(0.,-0.946272149379253,-0.323371333468457));
#6810=DIRECTION('',(0.,-0.323371333468457,0.946272149379253));
#6811=DIRECTION('',(0.,0.946272149379253,0.323371333468457));
#6812=DIRECTION('',(1.,7.24833240370623E-015,-7.05232972218343E-015));
#6813=DIRECTION('',(0.,0.681709424199945,0.731623032002807));
#6814=DIRECTION('',(0.,-0.731623032002827,0.681709424199923));
#6815=DIRECTION('',(0.,-1.,0.));
#6816=DIRECTION('',(0.,0.,1.));
#6817=DIRECTION('',(-1.,0.,0.));
#6818=DIRECTION('',(0.,0.,1.));
#6819=DIRECTION('',(0.,1.,0.));
#6820=DIRECTION('',(1.,0.,0.));
#6821=DIRECTION('',(-1.,0.,0.));
#6822=DIRECTION('',(0.,0.,1.));
#6823=DIRECTION('',(0.,1.,0.));
#6824=DIRECTION('',(0.,0.731623032002827,-0.681709424199923));
#6825=DIRECTION('',(-1.,0.,0.));
#6826=DIRECTION('',(0.,0.681709424199923,0.731623032002827));
#6827=DIRECTION('',(0.,0.731623032002827,-0.681709424199923));
#6828=DIRECTION('',(-1.,5.00220935401165E-015,-1.46378200760551E-014));
#6829=DIRECTION('',(-1.48690583655162E-014,-0.323371333468477,0.946272149379246));
#6830=DIRECTION('',(-1.,1.10718028344733E-014,-1.67658503472076E-014));
#6831=DIRECTION('',(-1.98254111540218E-014,-0.323371333468476,0.946272149379246));
#6832=DIRECTION('',(0.,0.,-1.));
#6833=DIRECTION('',(1.,0.,0.));
#6834=DIRECTION('',(0.,0.,1.));
#6835=DIRECTION('',(-1.,-1.51198211315659E-014,-9.08415683017467E-015));
#6836=DIRECTION('',(1.3877787807815E-014,-0.323371333468434,-0.946272149379262));
#6837=DIRECTION('',(-1.,0.,0.));
#6838=DIRECTION('',(1.,1.13699097327867E-014,5.14506760658123E-015));
#6839=DIRECTION('',(0.,-4.85722573273521E-014,1.));
#6840=DIRECTION('',(-1.,0.,0.));
#6841=DIRECTION('',(-1.,-1.24227962938175E-014,-1.1919313110734E-015));
#6842=DIRECTION('',(0.,-0.323371333468439,-0.94627214937926));
#6843=DIRECTION('',(0.,-0.946272149379255,0.323371333468453));
#6844=DIRECTION('',(0.,0.946272149379255,-0.323371333468453));
#6845=DIRECTION('',(-1.,0.,0.));
#6846=DIRECTION('',(0.,-0.323371333468453,-0.946272149379255));
#6847=DIRECTION('',(0.,-0.946272149379255,0.323371333468453));
#6848=DIRECTION('',(-1.,-1.32907068937933E-014,6.8481435450385E-015));
#6849=DIRECTION('',(-1.48690583655164E-014,0.681709424199941,-0.731623032002809));
#6850=DIRECTION('',(1.,-7.66637542148779E-015,-6.80064692896672E-015));
#6851=DIRECTION('',(-9.91270557701084E-015,-0.32337133346851,-0.946272149379236));
#6852=DIRECTION('',(-1.,0.,0.));
#6853=DIRECTION('',(-1.,-6.40937423760064E-015,-5.37028616916256E-016));
#6854=DIRECTION('',(-4.95635278850554E-015,0.681709424199947,-0.731623032002804));
#6855=DIRECTION('',(0.,-0.731623032002808,-0.681709424199943));
#6856=DIRECTION('',(0.,0.731623032002808,0.681709424199943));
#6857=DIRECTION('',(-1.,0.,0.));
#6858=DIRECTION('',(0.,0.681709424199943,-0.731623032002808));
#6859=DIRECTION('',(0.,-0.731623032002808,-0.681709424199943));
#6860=DIRECTION('',(0.,-1.,0.));
#6861=DIRECTION('',(0.,1.,0.));
#6862=DIRECTION('',(-1.,0.,0.));
#6863=DIRECTION('',(0.,0.,-1.));
#6864=DIRECTION('',(0.,-1.,0.));
#6865=DIRECTION('',(0.,-1.,-1.85037170770859E-015));
#6866=DIRECTION('',(0.,0.,1.));
#6867=DIRECTION('',(-1.,0.,0.));
#6868=DIRECTION('',(0.,0.,1.));
#6869=DIRECTION('',(0.,1.,1.85037170770859E-015));
#6870=DIRECTION('',(1.,0.,0.));
#6871=DIRECTION('',(0.,-1.85037170770859E-015,1.));
#6872=DIRECTION('',(0.,1.,1.85051626799826E-015));
#6873=DIRECTION('',(0.,0.,-1.));
#6874=DIRECTION('',(1.,0.,0.));
#6875=DIRECTION('',(0.,0.,1.));
#6876=DIRECTION('',(0.,-1.,-3.70074341541719E-015));
#6877=DIRECTION('',(-1.,0.,0.));
#6878=DIRECTION('',(0.,1.,3.70074341541719E-015));
#6879=DIRECTION('',(-1.,0.,0.));
#6880=DIRECTION('',(0.,3.70074341541719E-015,-1.));
#6881=DIRECTION('',(0.,-1.,-3.69843045078255E-015));
#6882=DIRECTION('',(-1.,0.,9.31523446834436E-015));
#6883=DIRECTION('',(-1.38777878078141E-014,0.,-1.00000000000001));
#6884=DIRECTION('',(-1.,0.,0.));
#6885=DIRECTION('',(1.,6.02455958320007E-015,-1.76294938846646E-014));
#6886=DIRECTION('',(1.38777878078134E-014,-0.323371333468467,0.946272149379239));
#6887=DIRECTION('',(-1.,-3.410972919836E-014,-6.11996835139918E-015));
#6888=DIRECTION('',(0.,4.85722573273523E-014,-1.00000000000001));
#6889=DIRECTION('',(0.,0.946272149379252,0.32337133346846));
#6890=DIRECTION('',(1.,0.,0.));
#6891=DIRECTION('',(0.,-0.946272149379252,-0.32337133346846));
#6892=DIRECTION('',(0.,-0.32337133346846,0.946272149379252));
#6893=DIRECTION('',(0.,0.946272149379252,0.32337133346846));
#6894=DIRECTION('',(1.,7.24833240370604E-015,-7.05232972218346E-015));
#6895=DIRECTION('',(0.,0.681709424199951,0.731623032002804));
#6896=DIRECTION('',(0.,-0.731623032002831,0.681709424199918));
#6897=DIRECTION('',(0.,-1.,0.));
#6898=DIRECTION('',(0.,0.,1.));
#6899=DIRECTION('',(-1.,0.,0.));
#6900=DIRECTION('',(0.,0.,1.));
#6901=DIRECTION('',(0.,1.,0.));
#6902=DIRECTION('',(1.,0.,0.));
#6903=DIRECTION('',(-1.,0.,0.));
#6904=DIRECTION('',(0.,0.,1.));
#6905=DIRECTION('',(0.,1.,0.));
#6906=DIRECTION('',(0.,0.731623032002831,-0.681709424199918));
#6907=DIRECTION('',(-1.,0.,0.));
#6908=DIRECTION('',(0.,0.681709424199918,0.731623032002831));
#6909=DIRECTION('',(0.,0.731623032002831,-0.681709424199918));
#6910=DIRECTION('',(-1.,5.00220935401194E-015,-1.46378200760553E-014));
#6911=DIRECTION('',(-1.48690583655158E-014,-0.323371333468489,0.946272149379243));
#6912=DIRECTION('',(-1.,1.10718028344737E-014,-1.67658503472077E-014));
#6913=DIRECTION('',(-1.98254111540213E-014,-0.323371333468491,0.946272149379237));
#6914=DIRECTION('',(0.,0.,-1.));
#6915=DIRECTION('',(1.,0.,0.));
#6916=DIRECTION('',(0.,0.,1.));
#6917=DIRECTION('',(-1.,-1.51198211315664E-014,-9.08415683017459E-015));
#6918=DIRECTION('',(1.38777878078144E-014,-0.323371333468483,-0.946272149379251));
#6919=DIRECTION('',(-1.,0.,0.));
#6920=DIRECTION('',(1.,1.13699097327868E-014,5.14506760658109E-015));
#6921=DIRECTION('',(0.,-2.08166817117229E-014,1.));
#6922=DIRECTION('',(-1.,0.,0.));
#6923=DIRECTION('',(-1.,-1.24227962938175E-014,-1.19193131107334E-015));
#6924=DIRECTION('',(0.,-0.32337133346844,-0.946272149379245));
#6925=DIRECTION('',(0.,-0.946272149379255,0.323371333468453));
#6926=DIRECTION('',(0.,0.946272149379255,-0.323371333468453));
#6927=DIRECTION('',(-1.,0.,0.));
#6928=DIRECTION('',(0.,-0.323371333468453,-0.946272149379255));
#6929=DIRECTION('',(0.,-0.946272149379255,0.323371333468453));
#6930=DIRECTION('',(-1.,-1.32907068937932E-014,6.84814354503824E-015));
#6931=DIRECTION('',(-1.48690583655163E-014,0.68170942419995,-0.731623032002802));
#6932=DIRECTION('',(1.,-7.66637542148761E-015,-6.80064692896643E-015));
#6933=DIRECTION('',(-9.91270557701139E-015,-0.3233713334685,-0.946272149379237));
#6934=DIRECTION('',(-1.,0.,0.));
#6935=DIRECTION('',(-1.,-6.40937423760064E-015,-5.37028616916263E-016));
#6936=DIRECTION('',(-4.95635278850553E-015,0.681709424199946,-0.731623032002804));
#6937=DIRECTION('',(0.,-0.731623032002813,-0.681709424199938));
#6938=DIRECTION('',(0.,0.731623032002813,0.681709424199938));
#6939=DIRECTION('',(-1.,0.,0.));
#6940=DIRECTION('',(0.,0.681709424199938,-0.731623032002813));
#6941=DIRECTION('',(0.,-0.731623032002813,-0.681709424199938));
#6942=DIRECTION('',(0.,-1.,0.));
#6943=DIRECTION('',(0.,1.,0.));
#6944=DIRECTION('',(-1.,0.,0.));
#6945=DIRECTION('',(0.,0.,-1.));
#6946=DIRECTION('',(0.,-1.,0.));
#6947=DIRECTION('',(0.,-1.,0.));
#6948=DIRECTION('',(0.,0.,1.));
#6949=DIRECTION('',(-1.,0.,0.));
#6950=DIRECTION('',(0.,0.,1.));
#6951=DIRECTION('',(0.,1.,0.));
#6952=DIRECTION('',(1.,0.,0.));
#6953=DIRECTION('',(0.,0.,1.));
#6954=DIRECTION('',(0.,1.,0.));
#6955=DIRECTION('',(0.,0.,-1.));
#6956=DIRECTION('',(1.,0.,0.));
#6957=DIRECTION('',(0.,0.,1.));
#6958=DIRECTION('',(-2.20282346155783E-015,1.,-1.14462064665688E-014));
#6959=DIRECTION('',(1.00000000000001,0.,9.9127055770103E-015));
#6960=DIRECTION('',(0.,-1.,4.5524684810217E-015));
#6961=DIRECTION('',(1.,0.,0.));
#6962=DIRECTION('',(-1.83568621796484E-015,1.,-1.90770107776146E-015));
#6963=DIRECTION('',(0.999999999999994,0.,0.));
#6964=DIRECTION('',(3.67137243592969E-015,-1.,3.81540215552292E-015));
#6965=DIRECTION('',(1.,4.95635278850524E-015,-9.91270557701048E-015));
#6966=DIRECTION('',(-2.20282346155774E-015,1.,-1.1446206466569E-014));
#6967=DIRECTION('',(1.,0.,0.));
#6968=DIRECTION('',(0.,-1.,4.55246848102169E-015));
#6969=DIRECTION('',(1.,0.,0.));
#6970=DIRECTION('',(-1.83568621796485E-015,1.,-1.9077010777615E-015));
#6971=DIRECTION('',(0.999999999999992,0.,0.));
#6972=DIRECTION('',(3.67137243592969E-015,-1.,3.81540215552293E-015));
#6973=DIRECTION('',(0.999999999999992,4.95635278850528E-015,0.));
#6974=DIRECTION('',(-2.20282346155787E-015,1.,-1.1446206466569E-014));
#6975=DIRECTION('',(1.,0.,0.));
#6976=DIRECTION('',(0.,-1.,4.55246848102169E-015));
#6977=DIRECTION('',(1.,0.,0.));
#6978=DIRECTION('',(-1.83568621796483E-015,1.,-1.9077010777615E-015));
#6979=DIRECTION('',(0.999999999999992,0.,0.));
#6980=DIRECTION('',(3.67137243592975E-015,-1.,3.8154021555229E-015));
#6981=DIRECTION('',(0.999999999999997,4.9563527885052E-015,0.));
#6982=DIRECTION('',(-2.20282346155787E-015,1.,-1.1446206466569E-014));
#6983=DIRECTION('',(1.,0.,0.));
#6984=DIRECTION('',(0.,-1.,4.55246848102169E-015));
#6985=DIRECTION('',(1.,0.,0.));
#6986=DIRECTION('',(-1.83568621796485E-015,1.,-1.9077010777615E-015));
#6987=DIRECTION('',(0.999999999999992,0.,0.));
#6988=DIRECTION('',(3.6713724359297E-015,-1.,3.8154021555229E-015));
#6989=DIRECTION('',(0.999999999999997,4.9563527885052E-015,0.));
#6990=DIRECTION('',(-2.20282346155784E-015,1.,-1.14462064665688E-014));
#6991=DIRECTION('',(0.999999999999994,0.,0.));
#6992=DIRECTION('',(0.,-1.,4.55246848102169E-015));
#6993=DIRECTION('',(1.,0.,0.));
#6994=DIRECTION('',(-1.83568621796487E-015,1.,-1.90770107776147E-015));
#6995=DIRECTION('',(1.,0.,0.));
#6996=DIRECTION('',(3.6713724359297E-015,-1.,3.8154021555229E-015));
#6997=DIRECTION('',(0.999999999999997,4.9563527885052E-015,0.));
#6998=DIRECTION('',(-2.20282346155806E-015,1.,-1.14462064665689E-014));
#6999=DIRECTION('',(1.00000000000001,0.,0.));
#7000=DIRECTION('',(0.,-1.,4.55246848102169E-015));
#7001=DIRECTION('',(1.,0.,0.));
#7002=DIRECTION('',(-1.83568621796486E-015,1.,-1.90770107776148E-015));
#7003=DIRECTION('',(0.999999999999997,0.,0.));
#7004=DIRECTION('',(3.6713724359297E-015,-1.,3.8154021555229E-015));
#7005=DIRECTION('',(0.999999999999997,4.9563527885052E-015,0.));
#7006=DIRECTION('',(-2.20282346155798E-015,1.,-1.14462064665688E-014));
#7007=DIRECTION('',(0.999999999999994,0.,9.91270557701038E-015));
#7008=DIRECTION('',(0.,-1.,4.55246848102169E-015));
#7009=DIRECTION('',(1.,0.,0.));
#7010=DIRECTION('',(-1.83568621796487E-015,1.,-1.90770107776147E-015));
#7011=DIRECTION('',(1.,0.,0.));
#7012=DIRECTION('',(3.67137243592964E-015,-1.,3.81540215552293E-015));
#7013=DIRECTION('',(0.999999999999992,4.95635278850528E-015,-9.91270557701056E-015));
#7014=DIRECTION('',(-2.20282346155798E-015,1.,-1.14462064665688E-014));
#7015=DIRECTION('',(0.999999999999994,0.,9.91270557701038E-015));
#7016=DIRECTION('',(0.,-1.,4.55246848102169E-015));
#7017=DIRECTION('',(1.,0.,0.));
#7018=DIRECTION('',(-1.83568621796485E-015,1.,-1.90770107776147E-015));
#7019=DIRECTION('',(1.,0.,0.));
#7020=DIRECTION('',(3.67137243592969E-015,-1.,3.81540215552293E-015));
#7021=DIRECTION('',(0.999999999999992,4.95635278850528E-015,-9.91270557701056E-015));
#7022=DIRECTION('',(-2.20282346155786E-015,1.,-1.14462064665689E-014));
#7023=DIRECTION('',(1.00000000000001,0.,9.91270557701053E-015));
#7024=DIRECTION('',(0.,-1.,4.55246848102171E-015));
#7025=DIRECTION('',(1.,0.,0.));
#7026=DIRECTION('',(-1.83568621796485E-015,1.,-1.90770107776148E-015));
#7027=DIRECTION('',(0.999999999999997,0.,0.));
#7028=DIRECTION('',(3.67137243592966E-015,-1.,3.81540215552293E-015));
#7029=DIRECTION('',(0.999999999999992,4.95635278850528E-015,-9.91270557701056E-015));
#7030=DIRECTION('',(-2.20282346155782E-015,1.,-1.14462064665687E-014));
#7031=DIRECTION('',(0.999999999999999,0.,9.91270557701023E-015));
#7032=DIRECTION('',(0.,-1.,4.55246848102171E-015));
#7033=DIRECTION('',(1.,0.,0.));
#7034=DIRECTION('',(-1.83568621796484E-015,1.,-1.90770107776145E-015));
#7035=DIRECTION('',(1.00000000000001,0.,0.));
#7036=DIRECTION('',(3.67137243592969E-015,-1.,3.81540215552296E-015));
#7037=DIRECTION('',(1.00000000000001,4.95635278850535E-015,-9.91270557701071E-015));
#7038=DIRECTION('',(-2.20282346155784E-015,1.,-1.14462064665688E-014));
#7039=DIRECTION('',(0.999999999999994,0.,9.91270557701038E-015));
#7040=DIRECTION('',(0.,-1.,4.55246848102171E-015));
#7041=DIRECTION('',(1.,0.,0.));
#7042=DIRECTION('',(-1.83568621796487E-015,1.,-1.90770107776147E-015));
#7043=DIRECTION('',(1.,0.,0.));
#7044=DIRECTION('',(3.6713724359297E-015,-1.,3.81540215552295E-015));
#7045=DIRECTION('',(1.,4.95635278850532E-015,-9.91270557701063E-015));
#7046=DIRECTION('',(-2.20282346155784E-015,1.,-1.14462064665688E-014));
#7047=DIRECTION('',(0.999999999999994,0.,9.91270557701038E-015));
#7048=DIRECTION('',(0.,-1.,4.55246848102171E-015));
#7049=DIRECTION('',(1.,0.,0.));
#7050=DIRECTION('',(-1.83568621796485E-015,1.,-1.90770107776147E-015));
#7051=DIRECTION('',(1.,0.,0.));
#7052=DIRECTION('',(3.6713724359297E-015,-1.,3.81540215552295E-015));
#7053=DIRECTION('',(1.,4.95635278850532E-015,-9.91270557701063E-015));
#7054=DIRECTION('',(-2.20282346155788E-015,1.,-1.14462064665689E-014));
#7055=DIRECTION('',(1.,0.,9.91270557701045E-015));
#7056=DIRECTION('',(0.,-1.,4.55246848102169E-015));
#7057=DIRECTION('',(1.,0.,0.));
#7058=DIRECTION('',(-1.83568621796485E-015,1.,-1.90770107776147E-015));
#7059=DIRECTION('',(1.00000000000001,0.,0.));
#7060=DIRECTION('',(3.6713724359297E-015,-1.,3.81540215552295E-015));
#7061=DIRECTION('',(1.,4.95635278850532E-015,-9.91270557701063E-015));
#7062=DIRECTION('',(-2.20282346155792E-015,1.,-1.14462064665689E-014));
#7063=DIRECTION('',(1.,0.,9.91270557701045E-015));
#7064=DIRECTION('',(0.,-1.,4.5524684810217E-015));
#7065=DIRECTION('',(1.,0.,0.));
#7066=DIRECTION('',(-1.83568621796486E-015,1.,-1.90770107776147E-015));
#7067=DIRECTION('',(1.00000000000001,0.,0.));
#7068=DIRECTION('',(3.67137243592968E-015,-1.,3.81540215552292E-015));
#7069=DIRECTION('',(1.,4.95635278850524E-015,-9.91270557701048E-015));
#7070=DIRECTION('',(-2.20282346155807E-015,1.,-1.14462064665689E-014));
#7071=DIRECTION('',(1.,0.,0.));
#7072=DIRECTION('',(0.,-1.,4.55246848102169E-015));
#7073=DIRECTION('',(1.,0.,0.));
#7074=DIRECTION('',(-1.83568621796487E-015,1.,-1.90770107776147E-015));
#7075=DIRECTION('',(1.,0.,0.));
#7076=DIRECTION('',(3.67137243592976E-015,-1.,3.81540215552296E-015));
#7077=DIRECTION('',(1.,4.95635278850518E-015,0.));
#7078=DIRECTION('',(-2.20282346155772E-015,1.,-1.14462064665688E-014));
#7079=DIRECTION('',(1.,0.,0.));
#7080=DIRECTION('',(0.,-1.,4.55246848102169E-015));
#7081=DIRECTION('',(1.,0.,0.));
#7082=DIRECTION('',(-1.83568621796487E-015,1.,-1.90770107776148E-015));
#7083=DIRECTION('',(0.999999999999996,0.,0.));
#7084=DIRECTION('',(3.67137243592976E-015,-1.,3.81540215552296E-015));
#7085=DIRECTION('',(1.,4.95635278850518E-015,0.));
#7086=DIRECTION('',(-2.20282346155807E-015,1.,-1.14462064665689E-014));
#7087=DIRECTION('',(1.,0.,0.));
#7088=DIRECTION('',(0.,-1.,4.55246848102169E-015));
#7089=DIRECTION('',(1.,0.,0.));
#7090=DIRECTION('',(-1.8356862179649E-015,1.,-1.90770107776149E-015));
#7091=DIRECTION('',(1.,0.,0.));
#7092=DIRECTION('',(3.67137243592977E-015,-1.,3.81540215552302E-015));
#7093=DIRECTION('',(1.,4.95635278850534E-015,0.));
#7094=DIRECTION('',(-2.20282346155794E-015,1.,-1.14462064665689E-014));
#7095=DIRECTION('',(1.,0.,0.));
#7096=DIRECTION('',(0.,-1.,4.55246848102169E-015));
#7097=DIRECTION('',(1.,0.,0.));
#7098=DIRECTION('',(-1.83568621796493E-015,1.,-1.90770107776149E-015));
#7099=DIRECTION('',(1.,0.,0.));
#7100=DIRECTION('',(3.67137243592976E-015,-1.,3.81540215552296E-015));
#7101=DIRECTION('',(1.,4.95635278850518E-015,0.));
#7102=DIRECTION('',(-2.20282346155785E-015,1.,-1.14462064665688E-014));
#7103=DIRECTION('',(1.,0.,0.));
#7104=DIRECTION('',(0.,-1.,4.55246848102169E-015));
#7105=DIRECTION('',(1.,0.,0.));
#7106=DIRECTION('',(-1.83568621796491E-015,1.,-1.90770107776148E-015));
#7107=DIRECTION('',(0.999999999999996,0.,0.));
#7108=DIRECTION('',(3.67137243592972E-015,-1.,3.81540215552302E-015));
#7109=DIRECTION('',(1.,4.95635278850534E-015,0.));
#7110=DIRECTION('',(-2.20282346155794E-015,1.,-1.14462064665689E-014));
#7111=DIRECTION('',(1.,0.,0.));
#7112=DIRECTION('',(0.,-1.,4.55246848102169E-015));
#7113=DIRECTION('',(1.,0.,0.));
#7114=DIRECTION('',(-1.8356862179649E-015,1.,-1.90770107776149E-015));
#7115=DIRECTION('',(1.,0.,0.));
#7116=DIRECTION('',(3.67137243592976E-015,-1.,3.81540215552296E-015));
#7117=DIRECTION('',(1.,4.95635278850518E-015,0.));
#7118=DIRECTION('',(-2.20282346155794E-015,1.,-1.14462064665689E-014));
#7119=DIRECTION('',(1.,0.,0.));
#7120=DIRECTION('',(0.,-1.,4.55246848102171E-015));
#7121=DIRECTION('',(1.,0.,0.));
#7122=DIRECTION('',(-1.8356862179649E-015,1.,-1.90770107776149E-015));
#7123=DIRECTION('',(1.,0.,9.91270557701035E-015));
#7124=DIRECTION('',(3.67137243592972E-015,-1.,3.81540215552302E-015));
#7125=DIRECTION('',(1.,4.95635278850534E-015,0.));
#7126=DIRECTION('',(-2.20282346155787E-015,1.,-1.14462064665689E-014));
#7127=DIRECTION('',(1.,0.,0.));
#7128=DIRECTION('',(0.,-1.,4.55246848102171E-015));
#7129=DIRECTION('',(1.,0.,0.));
#7130=DIRECTION('',(-1.83568621796489E-015,1.,-1.90770107776149E-015));
#7131=DIRECTION('',(1.,0.,9.91270557701035E-015));
#7132=DIRECTION('',(3.67137243592978E-015,-1.,3.81540215552296E-015));
#7133=DIRECTION('',(1.,4.95635278850518E-015,0.));
#7134=DIRECTION('',(-2.20282346155789E-015,1.,-1.1446206466569E-014));
#7135=DIRECTION('',(1.,0.,0.));
#7136=DIRECTION('',(0.,-1.,4.55246848102169E-015));
#7137=DIRECTION('',(1.,0.,0.));
#7138=DIRECTION('',(-1.83568621796488E-015,1.,-1.90770107776151E-015));
#7139=DIRECTION('',(0.999999999999997,0.,9.91270557701051E-015));
#7140=DIRECTION('',(3.67137243592972E-015,-1.,3.81540215552299E-015));
#7141=DIRECTION('',(0.999999999999999,4.95635278850526E-015,0.));
#7142=DIRECTION('',(-2.20282346155795E-015,1.,-1.1446206466569E-014));
#7143=DIRECTION('',(1.,0.,0.));
#7144=DIRECTION('',(0.,-1.,4.55246848102169E-015));
#7145=DIRECTION('',(1.,0.,0.));
#7146=DIRECTION('',(-1.83568621796491E-015,1.,-1.90770107776151E-015));
#7147=DIRECTION('',(0.999999999999997,0.,9.91270557701051E-015));
#7148=DIRECTION('',(3.67137243592978E-015,-1.,3.81540215552296E-015));
#7149=DIRECTION('',(1.,4.95635278850518E-015,0.));
#7150=DIRECTION('',(-2.20282346155783E-015,1.,-1.14462064665688E-014));
#7151=DIRECTION('',(0.999999999999997,0.,0.));
#7152=DIRECTION('',(0.,-1.,4.55246848102169E-015));
#7153=DIRECTION('',(1.,0.,0.));
#7154=DIRECTION('',(-1.83568621796488E-015,1.,-1.90770107776149E-015));
#7155=DIRECTION('',(1.,0.,9.91270557701028E-015));
#7156=DIRECTION('',(3.67137243592976E-015,-1.,3.81540215552299E-015));
#7157=DIRECTION('',(0.999999999999999,4.95635278850526E-015,0.));
#7158=DIRECTION('',(-2.2028234615578E-015,1.,-1.14462064665689E-014));
#7159=DIRECTION('',(1.,0.,0.));
#7160=DIRECTION('',(0.,-1.,4.55246848102169E-015));
#7161=DIRECTION('',(1.,0.,0.));
#7162=DIRECTION('',(-1.83568621796488E-015,1.,-1.90770107776149E-015));
#7163=DIRECTION('',(1.,0.,9.91270557701035E-015));
#7164=DIRECTION('',(3.67137243592975E-015,-1.,3.81540215552298E-015));
#7165=DIRECTION('',(1.,4.95635278850522E-015,0.));
#7166=DIRECTION('',(-2.20282346155784E-015,1.,-1.14462064665689E-014));
#7167=DIRECTION('',(1.,0.,0.));
#7168=DIRECTION('',(0.,-1.,4.55246848102169E-015));
#7169=DIRECTION('',(1.,0.,0.));
#7170=DIRECTION('',(-1.8356862179649E-015,1.,-1.9077010777615E-015));
#7171=DIRECTION('',(1.,0.,9.91270557701043E-015));
#7172=DIRECTION('',(3.67137243592977E-015,-1.,3.81540215552298E-015));
#7173=DIRECTION('',(1.,4.95635278850522E-015,0.));
#7174=DIRECTION('',(-2.2028234615578E-015,1.,-1.14462064665689E-014));
#7175=DIRECTION('',(1.,0.,0.));
#7176=DIRECTION('',(0.,-1.,4.5524684810217E-015));
#7177=DIRECTION('',(1.,0.,0.));
#7178=DIRECTION('',(-1.83568621796488E-015,1.,-1.90770107776149E-015));
#7179=DIRECTION('',(1.,0.,9.91270557701035E-015));
#7180=DIRECTION('',(3.67137243592976E-015,-1.,3.81540215552299E-015));
#7181=DIRECTION('',(0.999999999999999,4.95635278850526E-015,0.));
#7182=DIRECTION('',(-1.,-3.16204374775478E-013,0.));
#7183=DIRECTION('',(1.34735803959364E-016,0.,1.));
#7184=DIRECTION('',(1.,3.15949268381952E-013,2.040851148208E-015));
#7185=DIRECTION('',(0.,0.,1.));
#7186=DIRECTION('',(-3.16076821578715E-013,1.,0.));
#7187=DIRECTION('',(-1.,-3.1607702566383E-013,0.));
#7188=DIRECTION('',(0.,0.,-1.));
#7189=DIRECTION('',(1.,-8.23993651088983E-016,0.));
#7190=DIRECTION('',(0.,0.,-1.));
#7191=DIRECTION('',(1.,-8.67361737988402E-016,1.38777878078144E-015));
#7192=DIRECTION('',(9.29932940100908E-016,1.,0.));
#7193=DIRECTION('',(0.,0.,1.));
#7194=DIRECTION('',(0.,0.866025403784438,-0.500000000000002));
#7195=DIRECTION('',(0.,0.866025403784438,-0.500000000000002));
#7196=DIRECTION('',(1.,-8.673617379884E-016,0.));
#7197=DIRECTION('',(4.64966470050455E-016,0.500000000000002,0.866025403784438));
#7198=DIRECTION('',(-2.67147415300428E-015,-0.866025403784438,0.500000000000002));
#7199=DIRECTION('',(0.,0.86602540378444,0.499999999999998));
#7200=DIRECTION('',(0.,0.866025403784438,0.5));
#7201=DIRECTION('',(1.,-8.67361737988403E-016,0.));
#7202=DIRECTION('',(-4.6496647005045E-016,-0.499999999999996,0.866025403784441));
#7203=DIRECTION('',(0.,-0.866025403784441,-0.499999999999996));
#7204=DIRECTION('',(0.,0.,1.));
#7205=DIRECTION('',(0.,0.,1.));
#7206=DIRECTION('',(1.,-8.67361737988403E-016,1.38777878078144E-015));
#7207=DIRECTION('',(-9.29932940100908E-016,-1.,0.));
#7208=DIRECTION('',(0.,0.,-1.));
#7209=DIRECTION('',(0.,-0.866025403784439,0.499999999999999));
#7210=DIRECTION('',(2.67078150886606E-015,-0.866025403784439,0.499999999999999));
#7211=DIRECTION('',(-1.,8.67361737988404E-016,0.));
#7212=DIRECTION('',(-4.64966470050455E-016,-0.500000000000001,-0.866025403784438));
#7213=DIRECTION('',(0.,0.866025403784438,-0.500000000000001));
#7214=DIRECTION('',(0.,-0.866025403784439,-0.499999999999999));
#7215=DIRECTION('',(2.67078150886607E-015,-0.866025403784439,-0.499999999999999));
#7216=DIRECTION('',(-5.21852225606286E-016,0.499999999999999,-0.86602540378444));
#7217=DIRECTION('',(0.,0.86602540378444,0.499999999999999));
#7218=DIRECTION('',(-1.,2.31296463463574E-015,-2.67374794560225E-015));
#7219=DIRECTION('',(5.33761069531324E-015,0.,-0.999999999999999));
#7220=DIRECTION('',(-1.,0.,0.));
#7221=DIRECTION('',(0.,1.,0.));
#7222=DIRECTION('',(1.,-4.10889462902469E-015,-7.90757140046413E-016));
#7223=DIRECTION('',(0.,1.23432247329119E-014,-1.));
#7224=DIRECTION('',(1.,-5.19862042495937E-029,6.32605712037123E-015));
#7225=DIRECTION('',(5.33761069531327E-015,8.34001671142698E-015,-0.999999999999999));
#7226=DIRECTION('',(0.,-1.,0.));
#7227=DIRECTION('',(0.,0.,-1.));
#7228=DIRECTION('',(0.,-1.,0.));
#7229=DIRECTION('',(0.,0.,1.));
#7230=DIRECTION('',(-1.,0.,0.));
#7231=DIRECTION('',(0.,-1.,0.));
#7232=DIRECTION('',(-1.,1.56140726910604E-016,1.24912581528483E-015));
#7233=DIRECTION('',(-5.29686557550171E-016,0.,1.));
#7234=DIRECTION('',(1.,0.,0.));
#7235=DIRECTION('',(1.53379617681416E-016,1.,0.));
#7236=DIRECTION('',(-1.,1.52655665885959E-016,0.));
#7237=DIRECTION('',(1.,8.32230074433518E-014,0.));
#7238=DIRECTION('',(2.02891634617045E-015,-1.,0.));
#7239=DIRECTION('',(0.,0.,1.));
#7240=DIRECTION('',(1.,0.,0.));
#7241=DIRECTION('',(0.,0.86602540378444,0.499999999999998));
#7242=DIRECTION('',(1.,-8.673617379884E-016,0.));
#7243=DIRECTION('',(2.67078150886607E-015,0.86602540378444,0.499999999999999));
#7244=DIRECTION('',(1.,-8.67361737988402E-016,0.));
#7245=DIRECTION('',(-4.98178360768342E-016,-0.499999999999999,0.866025403784439));
#7246=DIRECTION('',(0.,-0.866025403784439,-0.499999999999999));
#7247=DIRECTION('',(0.,0.,1.));
#7248=DIRECTION('',(0.,0.,1.));
#7249=DIRECTION('',(1.,-1.04083408558608E-015,0.));
#7250=DIRECTION('',(-9.29932940100908E-016,-1.,0.));
#7251=DIRECTION('',(0.,0.,-1.));
#7252=DIRECTION('',(0.,-0.866025403784439,0.499999999999999));
#7253=DIRECTION('',(0.,-0.866025403784439,0.499999999999999));
#7254=DIRECTION('',(-1.,8.67361737988403E-016,-2.16840434497101E-017));
#7255=DIRECTION('',(-3.98542688614674E-016,-0.499999999999999,-0.866025403784439));
#7256=DIRECTION('',(0.,0.866025403784439,-0.499999999999999));
#7257=DIRECTION('',(0.,-0.866025403784439,-0.499999999999999));
#7258=DIRECTION('',(0.,-0.866025403784439,-0.5));
#7259=DIRECTION('',(1.,-8.23993651088983E-016,0.));
#7260=DIRECTION('',(4.64966470050453E-016,0.5,-0.866025403784439));
#7261=DIRECTION('',(0.,0.866025403784439,0.5));
#7262=DIRECTION('',(0.,0.,-1.));
#7263=DIRECTION('',(0.,0.,-1.));
#7264=DIRECTION('',(1.,-8.67361737988402E-016,0.));
#7265=DIRECTION('',(9.29932940100908E-016,1.,0.));
#7266=DIRECTION('',(0.,0.,1.));
#7267=DIRECTION('',(0.,0.866025403784438,-0.500000000000002));
#7268=DIRECTION('',(0.,0.866025403784438,-0.500000000000001));
#7269=DIRECTION('',(4.64966470050455E-016,0.500000000000001,0.866025403784438));
#7270=DIRECTION('',(-2.67147415300428E-015,-0.866025403784438,0.500000000000001));
#7271=DIRECTION('',(-1.,2.31296463463574E-015,1.33539075443303E-015));
#7272=DIRECTION('',(0.,1.66800334228539E-015,-1.));
#7273=DIRECTION('',(-1.,0.,0.));
#7274=DIRECTION('',(0.,1.,0.));
#7275=DIRECTION('',(1.,-8.21778925804942E-015,-4.74454284027847E-015));
#7276=DIRECTION('',(-5.33761069531325E-015,2.66880534765663E-015,-1.));
#7277=DIRECTION('',(1.,-1.05596977381988E-029,6.32605712037127E-015));
#7278=DIRECTION('',(5.33761069531326E-015,1.6680033422854E-015,-1.));
#7279=DIRECTION('',(0.,1.,0.));
#7280=DIRECTION('',(0.,0.,1.));
#7281=DIRECTION('',(0.,1.,0.));
#7282=DIRECTION('',(0.,0.,-1.));
#7283=DIRECTION('',(-1.,0.,0.));
#7284=DIRECTION('',(0.,-1.,0.));
#7285=DIRECTION('',(-1.,0.,0.));
#7286=DIRECTION('',(-5.29686557550171E-016,0.,1.));
#7287=DIRECTION('',(1.,1.56140726910604E-016,7.80703634553022E-017));
#7288=DIRECTION('',(1.53379617681416E-016,1.,0.));
#7289=DIRECTION('',(-1.,1.52655665885959E-016,0.));
#7290=DIRECTION('',(-2.02891634617045E-015,1.,0.));
#7291=DIRECTION('',(-1.,-8.32620426250796E-014,0.));
#7292=DIRECTION('',(0.,0.,-1.));
#7293=DIRECTION('',(1.,0.,0.));
#7294=DIRECTION('',(-6.01141798605824E-016,0.,1.));
#7295=DIRECTION('',(-1.,1.14730388622805E-016,0.));
#7296=DIRECTION('',(0.,0.,1.));
#7297=DIRECTION('',(1.,-1.14730388622805E-016,0.));
#7298=DIRECTION('',(3.41751937421878E-013,1.,0.));
#7299=DIRECTION('',(-1.,3.41751908890242E-013,0.));
#7300=DIRECTION('',(-1.,-1.67086412644742E-013,1.52102706934991E-013));
#7301=DIRECTION('',(-1.66533453693774E-013,1.,2.16840434497101E-016));
#7302=DIRECTION('',(0.,-1.,0.));
#7303=DIRECTION('',(0.,1.,0.));
#7304=DIRECTION('',(-1.,-1.66822323735151E-013,-1.5236679584458E-013));
#7305=DIRECTION('',(-1.52655665885958E-013,4.98732999343329E-015,1.));
#7306=DIRECTION('',(-1.,0.,0.));
#7307=DIRECTION('',(0.,-1.,0.));
#7308=DIRECTION('',(-1.,-3.15120172602995E-013,2.04085114820802E-015));
#7309=DIRECTION('',(1.,3.19189119579733E-013,-4.89410575728571E-029));
#7310=DIRECTION('',(-3.19189119579738E-013,1.,0.));
#7311=DIRECTION('',(1.,2.35224998761188E-013,6.86915450674142E-014));
#7312=DIRECTION('',(-2.35922392732846E-013,1.,-6.93889390390722E-015));
#7313=DIRECTION('',(6.93889390390728E-015,-1.,6.93889390390728E-015));
#7314=DIRECTION('',(1.,0.,0.));
#7315=DIRECTION('',(-6.34848481601007E-016,-1.,-6.34848481601007E-016));
#7316=DIRECTION('',(0.,0.,1.));
#7317=DIRECTION('',(1.,0.,0.));
#7318=DIRECTION('',(1.,7.3598084000802E-015,4.20914496173011E-016));
#7319=DIRECTION('',(0.,-5.2041704279304E-015,0.999999999999997));
#7320=DIRECTION('',(-1.,-5.08088742630105E-016,1.2266347333467E-015));
#7321=DIRECTION('',(0.,-1.,0.));
#7322=DIRECTION('',(-1.,0.,4.23103286823612E-016));
#7323=DIRECTION('',(-1.,-1.1845432837294E-014,4.90653893338678E-015));
#7324=DIRECTION('',(1.38777878078143E-014,-0.999999999999999,0.));
#7325=DIRECTION('',(1.,0.,0.));
#7326=DIRECTION('',(0.,-3.36839509898409E-017,1.));
#7327=DIRECTION('',(4.71575313857773E-016,3.36839509898409E-017,-1.));
#7328=DIRECTION('',(0.,-1.,0.));
#7329=DIRECTION('',(1.,0.,0.));
#7330=DIRECTION('',(-1.,-2.4532694666934E-015,-2.75090096123702E-015));
#7331=DIRECTION('',(3.46944695195361E-015,0.,-1.));
#7332=DIRECTION('',(-3.46944695195362E-015,1.,0.));
#7333=DIRECTION('',(-1.,0.,-5.89540688522279E-016));
#7334=DIRECTION('',(0.,1.,0.));
#7335=DIRECTION('',(-1.,-2.11551643411807E-016,0.));
#7336=DIRECTION('',(1.,-4.06470994104086E-015,-9.8130778667736E-015));
#7337=DIRECTION('',(-6.93889390390723E-015,-1.,-6.50521303491303E-016));
#7338=DIRECTION('',(1.,2.03235497052043E-015,-4.90653893338679E-015));
#7339=DIRECTION('',(3.46944695195361E-015,-1.,-6.50521303491303E-016));
#7340=DIRECTION('',(1.,3.16013044980336E-013,0.));
#7341=DIRECTION('',(6.34848481601007E-016,1.,0.));
#7342=DIRECTION('',(0.,0.,-1.));
#7343=DIRECTION('',(1.,0.,0.));
#7344=DIRECTION('',(1.,3.33644647470302E-013,-6.36115382115167E-015));
#7345=DIRECTION('',(-6.93889390390722E-015,4.33680868994201E-016,-1.));
#7346=DIRECTION('',(-1.,-2.45038076627962E-013,7.85046229341886E-014));
#7347=DIRECTION('',(-2.42861286636753E-013,1.,6.50521303491303E-016));
#7348=DIRECTION('',(0.,0.,1.));
#7349=DIRECTION('',(-1.,1.9773952614059E-015,-1.03005749793558E-015));
#7350=DIRECTION('',(-2.64843278775087E-015,-1.,-5.29686557550175E-015));
#7351=DIRECTION('',(0.,0.984807753012206,0.173648177666942));
#7352=DIRECTION('',(-1.,7.81202826381396E-016,5.47004107903016E-016));
#7353=DIRECTION('',(0.,-0.173648177666947,0.984807753012205));
#7354=DIRECTION('',(0.,-3.22748128018333E-015,-1.));
#7355=DIRECTION('',(-1.,4.03039439202998E-016,-8.64320866609143E-016));
#7356=DIRECTION('',(0.,1.,-1.05937311510034E-014));
#7357=DIRECTION('',(0.,-0.984807753012205,0.173648177666946));
#7358=DIRECTION('',(-1.,1.35777969368572E-015,1.76848657679344E-015));
#7359=DIRECTION('',(-2.64843278775084E-015,-0.17364817766695,-0.984807753012205));
#7360=DIRECTION('',(1.,-5.36650727293138E-016,0.));
#7361=DIRECTION('',(5.34294830600857E-016,1.,0.));
#7362=DIRECTION('',(2.44927473616392E-015,-0.984807753012205,0.173648177666946));
#7363=DIRECTION('',(1.,-4.8186763221578E-016,0.));
#7364=DIRECTION('',(1.,-5.62178904251744E-016,1.60622544071927E-016));
#7365=DIRECTION('',(-9.87644492981777E-017,-0.173648177666946,-0.984807753012205));
#7366=DIRECTION('',(0.,0.984807753012205,-0.173648177666946));
#7367=DIRECTION('',(-1.,-1.56512036725844E-015,1.15635675354499E-029));
#7368=DIRECTION('',(-2.64843278775084E-015,1.,-7.2831901663148E-015));
#7369=DIRECTION('',(1.,-5.42101086242754E-016,0.));
#7370=DIRECTION('',(1.,0.,0.));
#7371=DIRECTION('',(0.,-0.17364817766694,-0.984807753012207));
#7372=DIRECTION('',(-4.1644919744301E-016,-3.22910803486084E-015,-1.));
#7373=DIRECTION('',(1.,-5.22023268233762E-016,0.));
#7374=DIRECTION('',(5.68761795402232E-016,1.,-3.22748128018333E-015));
#7375=DIRECTION('',(0.,3.22750723716347E-015,1.));
#7376=DIRECTION('',(-1.,-2.21668938733992E-015,-5.01543319207092E-015));
#7377=DIRECTION('',(-5.29686557550174E-015,-0.173648177666951,0.984807753012204));
#7378=DIRECTION('',(1.,-5.62178904251744E-016,0.));
#7379=DIRECTION('',(1.,0.,0.));
#7380=DIRECTION('',(0.,1.,-1.05937311510035E-014));
#7381=DIRECTION('',(0.,0.984807753012206,0.173648177666939));
#7382=DIRECTION('',(1.,-6.42490176287707E-016,0.));
#7383=DIRECTION('',(-9.87644492981756E-017,-0.173648177666942,0.984807753012206));
#7384=DIRECTION('',(0.,-0.984807753012206,-0.173648177666942));
#7385=DIRECTION('',(-1.,-7.11329239568121E-015,-1.89853306554032E-029));
#7386=DIRECTION('',(7.94529836325267E-015,-1.,-2.64843278775089E-015));
#7387=DIRECTION('',(1.,-6.42490176287706E-016,0.));
#7388=DIRECTION('',(1.,1.22757472374334E-015,-1.03005749793559E-015));
#7389=DIRECTION('',(0.,-0.173648177666927,0.984807753012208));
#7390=DIRECTION('',(2.14559539887089E-016,2.68199424858861E-017,1.));
#7391=DIRECTION('',(-1.,6.42490176287707E-016,-3.21245088143853E-016));
#7392=DIRECTION('',(-5.68761795402232E-016,-1.,0.));
#7393=DIRECTION('',(0.,0.,-1.));
#7394=DIRECTION('',(1.,8.01234452659817E-015,1.38777878078145E-014));
#7395=DIRECTION('',(-1.06752213906265E-014,1.,0.));
#7396=DIRECTION('',(-1.,0.,0.));
#7397=DIRECTION('',(0.,1.,0.));
#7398=DIRECTION('',(1.,0.,0.));
#7399=DIRECTION('',(0.,1.,0.));
#7400=DIRECTION('',(-1.,0.,0.));
#7401=DIRECTION('',(0.,1.,0.));
#7402=DIRECTION('',(1.,8.01234452659816E-015,1.38777878078145E-014));
#7403=DIRECTION('',(-1.06752213906265E-014,1.,0.));
#7404=DIRECTION('',(-1.,0.,0.));
#7405=DIRECTION('',(0.,1.,0.));
#7406=DIRECTION('',(1.,0.,0.));
#7407=DIRECTION('',(0.,1.,0.));
#7408=DIRECTION('',(-1.,0.,0.));
#7409=DIRECTION('',(0.,1.,0.));
#7410=DIRECTION('',(1.,8.01234452659819E-015,1.38777878078144E-014));
#7411=DIRECTION('',(-1.06752213906264E-014,1.,0.));
#7412=DIRECTION('',(-1.,0.,0.));
#7413=DIRECTION('',(0.,1.,0.));
#7414=DIRECTION('',(1.,0.,0.));
#7415=DIRECTION('',(0.,1.,0.));
#7416=DIRECTION('',(-1.,0.,0.));
#7417=DIRECTION('',(0.,1.,0.));
#7418=DIRECTION('',(1.,8.01234452659824E-015,1.38777878078144E-014));
#7419=DIRECTION('',(-1.06752213906264E-014,1.,0.));
#7420=DIRECTION('',(-1.,0.,0.));
#7421=DIRECTION('',(0.,1.,0.));
#7422=DIRECTION('',(1.,0.,0.));
#7423=DIRECTION('',(0.,1.,0.));
#7424=DIRECTION('',(-1.,0.,0.));
#7425=DIRECTION('',(0.,1.,0.));
#7426=DIRECTION('',(1.,8.01234452659817E-015,1.38777878078145E-014));
#7427=DIRECTION('',(-1.06752213906265E-014,1.,0.));
#7428=DIRECTION('',(-1.,0.,0.));
#7429=DIRECTION('',(0.,1.,0.));
#7430=DIRECTION('',(1.,0.,0.));
#7431=DIRECTION('',(0.,1.,0.));
#7432=DIRECTION('',(-1.,0.,0.));
#7433=DIRECTION('',(0.,1.,0.));
#7434=DIRECTION('',(1.,8.01234452659818E-015,1.38777878078144E-014));
#7435=DIRECTION('',(-1.06752213906264E-014,1.,0.));
#7436=DIRECTION('',(-1.,0.,0.));
#7437=DIRECTION('',(0.,1.,0.));
#7438=DIRECTION('',(1.,0.,0.));
#7439=DIRECTION('',(0.,1.,0.));
#7440=DIRECTION('',(-1.,0.,0.));
#7441=DIRECTION('',(0.,1.,0.));
#7442=DIRECTION('',(1.,8.01234452659814E-015,1.38777878078145E-014));
#7443=DIRECTION('',(-1.06752213906265E-014,1.,0.));
#7444=DIRECTION('',(-1.,0.,0.));
#7445=DIRECTION('',(0.,1.,0.));
#7446=DIRECTION('',(1.,0.,0.));
#7447=DIRECTION('',(0.,1.,0.));
#7448=DIRECTION('',(-1.,0.,0.));
#7449=DIRECTION('',(0.,1.,0.));
#7450=DIRECTION('',(1.,8.01234452659818E-015,1.38777878078144E-014));
#7451=DIRECTION('',(-1.06752213906264E-014,1.,0.));
#7452=DIRECTION('',(-1.,0.,0.));
#7453=DIRECTION('',(0.,1.,0.));
#7454=DIRECTION('',(1.,0.,0.));
#7455=DIRECTION('',(0.,1.,0.));
#7456=DIRECTION('',(-1.,0.,0.));
#7457=DIRECTION('',(0.,1.,0.));
#7458=DIRECTION('',(1.,8.01234452659814E-015,1.38777878078145E-014));
#7459=DIRECTION('',(-1.06752213906265E-014,1.,0.));
#7460=DIRECTION('',(-1.,0.,0.));
#7461=DIRECTION('',(0.,1.,0.));
#7462=DIRECTION('',(1.,0.,0.));
#7463=DIRECTION('',(0.,1.,0.));
#7464=DIRECTION('',(-1.,0.,0.));
#7465=DIRECTION('',(0.,1.,0.));
#7466=DIRECTION('',(1.,8.01234452659807E-015,1.38777878078146E-014));
#7467=DIRECTION('',(-1.06752213906266E-014,1.,0.));
#7468=DIRECTION('',(-1.,0.,0.));
#7469=DIRECTION('',(0.,1.,0.));
#7470=DIRECTION('',(1.,0.,0.));
#7471=DIRECTION('',(0.,1.,0.));
#7472=DIRECTION('',(-1.,0.,0.));
#7473=DIRECTION('',(0.,1.,0.));
#7474=DIRECTION('',(1.,8.01234452659814E-015,1.38777878078145E-014));
#7475=DIRECTION('',(-1.06752213906265E-014,1.,0.));
#7476=DIRECTION('',(-1.,0.,0.));
#7477=DIRECTION('',(0.,1.,0.));
#7478=DIRECTION('',(1.,0.,0.));
#7479=DIRECTION('',(0.,1.,0.));
#7480=DIRECTION('',(-1.,0.,0.));
#7481=DIRECTION('',(0.,1.,0.));
#7482=DIRECTION('',(1.,8.01234452659814E-015,1.38777878078145E-014));
#7483=DIRECTION('',(-1.06752213906265E-014,1.,0.));
#7484=DIRECTION('',(-1.,0.,0.));
#7485=DIRECTION('',(0.,1.,0.));
#7486=DIRECTION('',(1.,0.,0.));
#7487=DIRECTION('',(0.,1.,0.));
#7488=DIRECTION('',(-1.,0.,0.));
#7489=DIRECTION('',(0.,1.,0.));
#7490=DIRECTION('',(1.,8.01234452659813E-015,1.38777878078146E-014));
#7491=DIRECTION('',(-1.06752213906266E-014,1.,0.));
#7492=DIRECTION('',(-1.,0.,0.));
#7493=DIRECTION('',(0.,1.,0.));
#7494=DIRECTION('',(1.,0.,0.));
#7495=DIRECTION('',(0.,1.,0.));
#7496=DIRECTION('',(-1.,0.,0.));
#7497=DIRECTION('',(0.,1.,0.));
#7498=DIRECTION('',(1.,8.01234452659826E-015,1.38777878078146E-014));
#7499=DIRECTION('',(-1.06752213906266E-014,1.,0.));
#7500=DIRECTION('',(-1.,0.,0.));
#7501=DIRECTION('',(0.,1.,0.));
#7502=DIRECTION('',(1.,0.,0.));
#7503=DIRECTION('',(0.,1.,0.));
#7504=DIRECTION('',(-1.,0.,0.));
#7505=DIRECTION('',(0.,1.,0.));
#7506=DIRECTION('',(1.,1.30267343383785E-014,6.93889390390724E-015));
#7507=DIRECTION('',(-1.06752213906266E-014,1.,0.));
#7508=DIRECTION('',(-1.,0.,0.));
#7509=DIRECTION('',(0.,1.,0.));
#7510=DIRECTION('',(1.,4.00617226329909E-015,6.93889390390724E-015));
#7511=DIRECTION('',(0.,1.,0.));
#7512=DIRECTION('',(-1.,0.,0.));
#7513=DIRECTION('',(0.,1.,2.66880534765663E-015));
#7514=DIRECTION('',(1.,8.01234452659817E-015,1.38777878078145E-014));
#7515=DIRECTION('',(-1.06752213906265E-014,1.,0.));
#7516=DIRECTION('',(-1.,0.,0.));
#7517=DIRECTION('',(0.,1.,0.));
#7518=DIRECTION('',(1.,0.,0.));
#7519=DIRECTION('',(0.,1.,0.));
#7520=DIRECTION('',(-1.,0.,0.));
#7521=DIRECTION('',(0.,1.,0.));
#7522=DIRECTION('',(1.,-5.01438981178031E-015,6.93889390390723E-015));
#7523=DIRECTION('',(0.,1.,0.));
#7524=DIRECTION('',(-1.,0.,0.));
#7525=DIRECTION('',(0.,1.,0.));
#7526=DIRECTION('',(1.,0.,0.));
#7527=DIRECTION('',(0.,1.,0.));
#7528=DIRECTION('',(-1.,4.00617226329909E-015,6.93889390390722E-015));
#7529=DIRECTION('',(0.,1.,0.));
#7530=DIRECTION('',(1.,-5.01438981178027E-015,6.93889390390717E-015));
#7531=DIRECTION('',(0.,1.,0.));
#7532=DIRECTION('',(-1.,0.,0.));
#7533=DIRECTION('',(0.,1.,0.));
#7534=DIRECTION('',(1.,0.,0.));
#7535=DIRECTION('',(0.,1.,0.));
#7536=DIRECTION('',(-1.,4.00617226329916E-015,6.93889390390713E-015));
#7537=DIRECTION('',(0.,1.,0.));
#7538=DIRECTION('',(1.,-5.01438981178024E-015,6.93889390390722E-015));
#7539=DIRECTION('',(0.,1.,0.));
#7540=DIRECTION('',(-1.,0.,0.));
#7541=DIRECTION('',(0.,1.,0.));
#7542=DIRECTION('',(1.,0.,0.));
#7543=DIRECTION('',(0.,1.,0.));
#7544=DIRECTION('',(-1.,4.00617226329916E-015,6.93889390390722E-015));
#7545=DIRECTION('',(0.,1.,0.));
#7546=DIRECTION('',(1.,-5.01438981178037E-015,6.93889390390722E-015));
#7547=DIRECTION('',(0.,1.,0.));
#7548=DIRECTION('',(-1.,0.,0.));
#7549=DIRECTION('',(0.,1.,0.));
#7550=DIRECTION('',(1.,0.,0.));
#7551=DIRECTION('',(0.,1.,0.));
#7552=DIRECTION('',(-1.,4.00617226329912E-015,6.93889390390722E-015));
#7553=DIRECTION('',(0.,1.,0.));
#7554=DIRECTION('',(1.,-5.01438981178034E-015,6.93889390390722E-015));
#7555=DIRECTION('',(0.,1.,0.));
#7556=DIRECTION('',(-1.,0.,0.));
#7557=DIRECTION('',(0.,1.,0.));
#7558=DIRECTION('',(1.,0.,0.));
#7559=DIRECTION('',(0.,1.,0.));
#7560=DIRECTION('',(-1.,4.00617226329906E-015,6.93889390390722E-015));
#7561=DIRECTION('',(0.,1.,0.));
#7562=DIRECTION('',(1.,-5.01438981178034E-015,6.93889390390726E-015));
#7563=DIRECTION('',(0.,1.,0.));
#7564=DIRECTION('',(-1.,0.,0.));
#7565=DIRECTION('',(0.,1.,0.));
#7566=DIRECTION('',(1.,0.,0.));
#7567=DIRECTION('',(0.,1.,0.));
#7568=DIRECTION('',(-1.,4.00617226329911E-015,6.9388939039072E-015));
#7569=DIRECTION('',(0.,1.,0.));
#7570=DIRECTION('',(1.,-5.01438981178029E-015,6.93889390390724E-015));
#7571=DIRECTION('',(0.,1.,0.));
#7572=DIRECTION('',(-1.,0.,0.));
#7573=DIRECTION('',(0.,1.,0.));
#7574=DIRECTION('',(1.,0.,0.));
#7575=DIRECTION('',(0.,1.,0.));
#7576=DIRECTION('',(-1.,4.00617226329906E-015,6.93889390390722E-015));
#7577=DIRECTION('',(0.,1.,0.));
#7578=DIRECTION('',(1.,-5.01438981178029E-015,6.93889390390724E-015));
#7579=DIRECTION('',(0.,1.,0.));
#7580=DIRECTION('',(-1.,0.,0.));
#7581=DIRECTION('',(0.,1.,0.));
#7582=DIRECTION('',(1.,0.,0.));
#7583=DIRECTION('',(0.,1.,0.));
#7584=DIRECTION('',(-1.,4.00617226329909E-015,6.93889390390722E-015));
#7585=DIRECTION('',(0.,1.,0.));
#7586=DIRECTION('',(1.,-5.01438981178029E-015,6.93889390390724E-015));
#7587=DIRECTION('',(0.,1.,0.));
#7588=DIRECTION('',(-1.,0.,0.));
#7589=DIRECTION('',(0.,1.,0.));
#7590=DIRECTION('',(1.,0.,0.));
#7591=DIRECTION('',(0.,1.,0.));
#7592=DIRECTION('',(-1.,4.00617226329906E-015,6.93889390390722E-015));
#7593=DIRECTION('',(0.,1.,0.));
#7594=DIRECTION('',(1.,-5.01438981178032E-015,6.93889390390724E-015));
#7595=DIRECTION('',(0.,1.,0.));
#7596=DIRECTION('',(-1.,0.,0.));
#7597=DIRECTION('',(0.,1.,0.));
#7598=DIRECTION('',(1.,0.,0.));
#7599=DIRECTION('',(0.,1.,0.));
#7600=DIRECTION('',(-1.,4.00617226329908E-015,6.93889390390725E-015));
#7601=DIRECTION('',(0.,1.,0.));
#7602=DIRECTION('',(1.,-5.01438981178031E-015,6.93889390390726E-015));
#7603=DIRECTION('',(0.,1.,0.));
#7604=DIRECTION('',(-1.,0.,0.));
#7605=DIRECTION('',(0.,1.,0.));
#7606=DIRECTION('',(1.,0.,0.));
#7607=DIRECTION('',(0.,1.,0.));
#7608=DIRECTION('',(-1.,4.00617226329909E-015,6.93889390390722E-015));
#7609=DIRECTION('',(0.,1.,0.));
#7610=DIRECTION('',(1.,-5.01438981178035E-015,6.93889390390724E-015));
#7611=DIRECTION('',(0.,1.,0.));
#7612=DIRECTION('',(-1.,0.,0.));
#7613=DIRECTION('',(0.,1.,0.));
#7614=DIRECTION('',(1.,0.,0.));
#7615=DIRECTION('',(0.,1.,0.));
#7616=DIRECTION('',(-1.,4.00617226329907E-015,6.93889390390717E-015));
#7617=DIRECTION('',(0.,1.,0.));
#7618=DIRECTION('',(1.,-5.01438981178031E-015,6.93889390390724E-015));
#7619=DIRECTION('',(0.,1.,0.));
#7620=DIRECTION('',(-1.,0.,0.));
#7621=DIRECTION('',(0.,1.,0.));
#7622=DIRECTION('',(1.,0.,0.));
#7623=DIRECTION('',(0.,1.,0.));
#7624=DIRECTION('',(-1.,4.00617226329908E-015,6.93889390390722E-015));
#7625=DIRECTION('',(0.,1.,0.));
#7626=DIRECTION('',(1.,-5.0143898117803E-015,6.93889390390723E-015));
#7627=DIRECTION('',(0.,1.,0.));
#7628=DIRECTION('',(-1.,0.,0.));
#7629=DIRECTION('',(0.,1.,0.));
#7630=DIRECTION('',(1.,0.,0.));
#7631=DIRECTION('',(0.,1.,0.));
#7632=DIRECTION('',(-1.,4.00617226329909E-015,6.93889390390721E-015));
#7633=DIRECTION('',(0.,1.,0.));
#7634=DIRECTION('',(1.,-5.01438981178032E-015,6.93889390390722E-015));
#7635=DIRECTION('',(0.,1.,0.));
#7636=DIRECTION('',(-1.,0.,0.));
#7637=DIRECTION('',(0.,1.,0.));
#7638=DIRECTION('',(1.,0.,0.));
#7639=DIRECTION('',(0.,1.,0.));
#7640=DIRECTION('',(-1.,4.00617226329908E-015,6.93889390390722E-015));
#7641=DIRECTION('',(0.,1.,0.));
#7642=DIRECTION('',(1.,1.30267343383784E-014,6.93889390390733E-015));
#7643=DIRECTION('',(-1.06752213906268E-014,1.,0.));
#7644=DIRECTION('',(-1.,0.,0.));
#7645=DIRECTION('',(0.,1.,0.));
#7646=DIRECTION('',(1.,4.00617226329901E-015,6.93889390390732E-015));
#7647=DIRECTION('',(0.,1.,0.));
#7648=DIRECTION('',(-1.,0.,0.));
#7649=DIRECTION('',(0.,1.,0.));
#7650=DIRECTION('',(1.,1.30267343383785E-014,6.93889390390723E-015));
#7651=DIRECTION('',(-1.06752213906265E-014,1.,0.));
#7652=DIRECTION('',(-1.,0.,0.));
#7653=DIRECTION('',(0.,1.,0.));
#7654=DIRECTION('',(1.,4.00617226329912E-015,6.93889390390723E-015));
#7655=DIRECTION('',(0.,1.,0.));
#7656=DIRECTION('',(-1.,0.,0.));
#7657=DIRECTION('',(0.,1.,0.));
#7658=DIRECTION('',(1.,1.30267343383785E-014,6.93889390390723E-015));
#7659=DIRECTION('',(-1.06752213906265E-014,1.,0.));
#7660=DIRECTION('',(-1.,0.,0.));
#7661=DIRECTION('',(0.,1.,0.));
#7662=DIRECTION('',(1.,4.00617226329915E-015,6.93889390390723E-015));
#7663=DIRECTION('',(0.,1.,0.));
#7664=DIRECTION('',(-1.,0.,0.));
#7665=DIRECTION('',(0.,1.,0.));
#7666=DIRECTION('',(1.,1.30267343383785E-014,6.93889390390726E-015));
#7667=DIRECTION('',(-1.06752213906266E-014,0.999999999999999,0.));
#7668=DIRECTION('',(-1.,0.,0.));
#7669=DIRECTION('',(0.,1.,0.));
#7670=DIRECTION('',(1.,4.0061722632991E-015,6.93889390390725E-015));
#7671=DIRECTION('',(0.,0.999999999999999,0.));
#7672=DIRECTION('',(-1.,0.,0.));
#7673=DIRECTION('',(0.,1.,0.));
#7674=DIRECTION('',(1.,1.30267343383785E-014,6.93889390390726E-015));
#7675=DIRECTION('',(-1.06752213906266E-014,0.999999999999999,0.));
#7676=DIRECTION('',(-1.,0.,0.));
#7677=DIRECTION('',(0.,1.,0.));
#7678=DIRECTION('',(1.,4.00617226329913E-015,6.93889390390725E-015));
#7679=DIRECTION('',(0.,0.999999999999999,0.));
#7680=DIRECTION('',(-1.,0.,0.));
#7681=DIRECTION('',(0.,1.,0.));
#7682=DIRECTION('',(1.,1.30267343383785E-014,6.93889390390723E-015));
#7683=DIRECTION('',(-1.06752213906265E-014,1.,0.));
#7684=DIRECTION('',(-1.,0.,0.));
#7685=DIRECTION('',(0.,1.,0.));
#7686=DIRECTION('',(1.,4.00617226329912E-015,6.93889390390723E-015));
#7687=DIRECTION('',(0.,1.,0.));
#7688=DIRECTION('',(-1.,0.,0.));
#7689=DIRECTION('',(0.,1.,0.));
#7690=DIRECTION('',(1.,1.30267343383785E-014,6.93889390390723E-015));
#7691=DIRECTION('',(-1.06752213906265E-014,1.,0.));
#7692=DIRECTION('',(-1.,0.,0.));
#7693=DIRECTION('',(0.,1.,0.));
#7694=DIRECTION('',(1.,4.00617226329912E-015,6.93889390390723E-015));
#7695=DIRECTION('',(0.,1.,0.));
#7696=DIRECTION('',(-1.,0.,0.));
#7697=DIRECTION('',(0.,1.,0.));
#7698=DIRECTION('',(1.,1.30267343383785E-014,6.93889390390723E-015));
#7699=DIRECTION('',(-1.06752213906265E-014,1.,0.));
#7700=DIRECTION('',(-1.,0.,0.));
#7701=DIRECTION('',(0.,1.,0.));
#7702=DIRECTION('',(1.,4.00617226329912E-015,6.93889390390723E-015));
#7703=DIRECTION('',(0.,1.,0.));
#7704=DIRECTION('',(-1.,0.,0.));
#7705=DIRECTION('',(0.,1.,0.));
#7706=DIRECTION('',(1.,1.30267343383784E-014,6.93889390390726E-015));
#7707=DIRECTION('',(-1.06752213906266E-014,0.999999999999999,0.));
#7708=DIRECTION('',(-1.,0.,0.));
#7709=DIRECTION('',(0.,1.,0.));
#7710=DIRECTION('',(1.,4.00617226329907E-015,6.93889390390725E-015));
#7711=DIRECTION('',(0.,0.999999999999999,0.));
#7712=DIRECTION('',(-1.,0.,0.));
#7713=DIRECTION('',(0.,1.,0.));
#7714=DIRECTION('',(1.,1.30267343383785E-014,6.93889390390723E-015));
#7715=DIRECTION('',(-1.06752213906265E-014,1.,0.));
#7716=DIRECTION('',(-1.,0.,0.));
#7717=DIRECTION('',(0.,1.,0.));
#7718=DIRECTION('',(1.,4.00617226329908E-015,6.93889390390723E-015));
#7719=DIRECTION('',(0.,1.,0.));
#7720=DIRECTION('',(-1.,0.,0.));
#7721=DIRECTION('',(0.,1.,0.));
#7722=DIRECTION('',(1.,1.30267343383785E-014,6.93889390390723E-015));
#7723=DIRECTION('',(-1.06752213906265E-014,1.,0.));
#7724=DIRECTION('',(-1.,0.,0.));
#7725=DIRECTION('',(0.,1.,0.));
#7726=DIRECTION('',(1.,4.00617226329908E-015,6.93889390390723E-015));
#7727=DIRECTION('',(0.,1.,0.));
#7728=DIRECTION('',(-1.,0.,0.));
#7729=DIRECTION('',(0.,1.,0.));
#7730=DIRECTION('',(1.,1.30267343383785E-014,6.93889390390723E-015));
#7731=DIRECTION('',(-1.06752213906265E-014,1.,0.));
#7732=DIRECTION('',(-1.,0.,0.));
#7733=DIRECTION('',(0.,1.,0.));
#7734=DIRECTION('',(1.,4.00617226329908E-015,6.93889390390723E-015));
#7735=DIRECTION('',(0.,1.,0.));
#7736=DIRECTION('',(-1.,0.,0.));
#7737=DIRECTION('',(0.,1.,0.));
#7738=DIRECTION('',(1.,1.30267343383785E-014,6.93889390390724E-015));
#7739=DIRECTION('',(-1.06752213906266E-014,1.,0.));
#7740=DIRECTION('',(-1.,0.,0.));
#7741=DIRECTION('',(0.,1.,0.));
#7742=DIRECTION('',(1.,4.00617226329909E-015,6.93889390390724E-015));
#7743=DIRECTION('',(0.,1.,0.));
#7744=DIRECTION('',(-1.,0.,0.));
#7745=DIRECTION('',(0.,1.,2.66880534765664E-015));
#7746=DIRECTION('',(0.,-0.984807753012205,0.173648177666946));
#7747=DIRECTION('',(-1.,-6.2150902380551E-015,5.03226815670216E-015));
#7748=DIRECTION('',(-6.54612632444075E-015,1.,-7.36439211499584E-015));
#7749=DIRECTION('',(0.,-3.23480167623213E-015,-1.));
#7750=DIRECTION('',(-1.,2.14472239456194E-015,-4.91840579338536E-015));
#7751=DIRECTION('',(-6.54612632444081E-015,-0.173648177666954,0.984807753012204));
#7752=DIRECTION('',(0.,0.984807753012205,0.173648177666946));
#7753=DIRECTION('',(-1.,-1.05491468358593E-014,-3.6377715940708E-029));
#7754=DIRECTION('',(9.81918948666127E-015,-1.,-3.27306316222042E-015));
#7755=DIRECTION('',(0.,0.,1.));
#7756=DIRECTION('',(-1.,2.208754707215E-015,-1.28818341025371E-015));
#7757=DIRECTION('',(0.,-0.17364817766694,-0.984807753012207));
#7758=DIRECTION('',(-1.,0.,0.));
#7759=DIRECTION('',(0.,1.,0.));
#7760=DIRECTION('',(0.,6.93889390390722E-015,1.));
#7761=DIRECTION('',(0.,-1.,6.93889390390715E-015));
#7762=DIRECTION('',(0.,0.,-1.));
#7763=DIRECTION('',(0.999999999999999,-5.20417042793041E-015,0.));
#7764=DIRECTION('',(-4.90653893338689E-015,1.18454328372941E-014,1.));
#7765=DIRECTION('',(0.,-1.,1.04083408558611E-014));
#7766=DIRECTION('',(2.48801098796414E-015,-0.984807753012209,-0.173648177666923));
#7767=DIRECTION('',(1.00000000000001,1.73472347597679E-015,0.));
#7768=DIRECTION('',(4.38662798454042E-015,-0.984807753012206,-0.173648177666939));
#7769=DIRECTION('',(0.999999999999999,8.67361737988378E-016,1.3877787807814E-014));
#7770=DIRECTION('',(-2.08919775748153E-014,0.98480775301221,0.17364817766692));
#7771=DIRECTION('',(1.38777878078142E-014,-0.17364817766692,0.984807753012206));
#7772=DIRECTION('',(-2.03235497052043E-015,-4.90653893338679E-015,1.));
#7773=DIRECTION('',(1.,0.,0.));
#7774=DIRECTION('',(2.54044371315051E-015,6.13317366673346E-015,1.));
#7775=DIRECTION('',(0.999999999999994,1.47451495458026E-014,-3.46944695195354E-015));
#7776=DIRECTION('',(1.2266347333467E-013,1.2266347333467E-013,-1.));
#7777=DIRECTION('',(0.,1.,1.2490009027033E-013));
#7778=DIRECTION('',(-1.7420899275267E-015,0.984807753012206,-0.173648177666941));
#7779=DIRECTION('',(1.00000000000001,1.73472347597682E-015,0.));
#7780=DIRECTION('',(-5.44174361105697E-016,0.984807753012205,-0.173648177666946));
#7781=DIRECTION('',(1.00000000000001,0.,-3.46944695195363E-015));
#7782=DIRECTION('',(-6.11001489870748E-015,-0.984807753012204,0.173648177666952));
#7783=DIRECTION('',(0.,-0.173648177666952,-0.984807753012205));
#7784=DIRECTION('',(-1.,-1.787236633319E-015,1.04234688157934E-015));
#7785=DIRECTION('',(0.,-0.17364817766694,-0.984807753012206));
#7786=DIRECTION('',(1.,-3.6827241712301E-015,-3.09017249380675E-015));
#7787=DIRECTION('',(-2.64843278775086E-015,-1.,8.6074065601903E-015));
#7788=CARTESIAN_POINT('',(0.,0.,0.));
#7789=CARTESIAN_POINT('CP1',(40.9642031431198,-5.12467244417654,10.5799105517313));
#7790=CARTESIAN_POINT('CP2',(46.3642031431198,-5.1246724441766,10.5799105517312));
#7791=CARTESIAN_POINT('CP3',(40.9642031431198,-2.33467244417675,10.0879582755546));
#7792=CARTESIAN_POINT('CP4',(46.3642031431198,-2.33467244417675,10.0879582755546));
#7793=CARTESIAN_POINT('CP5',(40.9642031431198,-2.3346724441766,43.4120417244454));
#7794=CARTESIAN_POINT('CP6',(46.3642031431198,-2.33467244417663,43.4120417244454));
#7795=CARTESIAN_POINT('CP7',(40.9642031431198,-5.12467244417662,42.9200894482688));
#7796=CARTESIAN_POINT('CP8',(46.3642031431198,-5.12467244417662,42.9200894482688));
#7797=CARTESIAN_POINT('CP9',(29.7342031431198,-11.7296724441766,51.275));
#7798=CARTESIAN_POINT('CP10',(29.3342031431198,-11.7296724441766,51.275));
#7799=CARTESIAN_POINT('CP11',(29.7342031431198,-13.7796724441766,51.05));
#7800=CARTESIAN_POINT('CP12',(29.3342031431198,-13.7796724441766,51.05));
#7801=CARTESIAN_POINT('CP13',(29.7342031431198,-11.7296724441766,49.225));
#7802=CARTESIAN_POINT('CP14',(29.3342031431198,-11.7296724441766,49.225));
#7803=CARTESIAN_POINT('CP15',(29.7342031431198,-13.7796724441766,49.45));
#7804=CARTESIAN_POINT('CP16',(29.3342031431198,-13.7796724441766,49.45));
#7805=CARTESIAN_POINT('CP17',(29.7342031431198,-11.7296724441766,4.275));
#7806=CARTESIAN_POINT('CP18',(29.3342031431198,-11.7296724441766,4.27500000000001));
#7807=CARTESIAN_POINT('CP19',(29.7342031431198,-13.7796724441766,4.04999999999999));
#7808=CARTESIAN_POINT('CP20',(29.3342031431198,-13.7796724441766,4.04999999999999));
#7809=CARTESIAN_POINT('CP21',(29.7342031431198,-11.7296724441766,2.22499999999995));
#7810=CARTESIAN_POINT('CP22',(29.3342031431198,-11.7296724441766,2.22499999999994));
#7811=CARTESIAN_POINT('CP23',(29.7342031431198,-13.7796724441766,2.44999999999999));
#7812=CARTESIAN_POINT('CP24',(29.3342031431198,-13.7796724441766,2.44999999999999));
#7813=CARTESIAN_POINT('CP25',(35.6742031431198,-3.72967244417662,50.25));
#7814=CARTESIAN_POINT('CP26',(45.9642031431198,-3.72967244417662,50.25));
#7815=CARTESIAN_POINT('CP27',(35.6742031431198,-3.72967244417661,3.24999999999996));
#7816=CARTESIAN_POINT('CP28',(45.9642031431198,-3.72967244417661,3.25000000000001));
#7817=CARTESIAN_POINT('CP29',(46.8642031431198,-3.72967244417661,10.08));
#7818=CARTESIAN_POINT('CP30',(45.8642031431198,-3.72967244417663,10.08));
#7819=CARTESIAN_POINT('CP31',(46.8642031431198,-1.74967244417661,11.23));
#7820=CARTESIAN_POINT('CP32',(45.8642031431198,-1.74967244417662,11.23));
#7821=CARTESIAN_POINT('CP33',(46.8642031431198,-5.70967244417662,11.23));
#7822=CARTESIAN_POINT('CP34',(45.8642031431198,-5.70967244417662,11.23));
#7823=CARTESIAN_POINT('CP35',(46.8642031431198,-1.74967244417662,13.52));
#7824=CARTESIAN_POINT('CP36',(45.8642031431198,-1.74967244417663,13.52));
#7825=CARTESIAN_POINT('CP37',(46.8642031431198,-1.74967244417662,15.81));
#7826=CARTESIAN_POINT('CP38',(45.8642031431198,-1.74967244417663,15.81));
#7827=CARTESIAN_POINT('CP39',(46.8642031431198,-1.74967244417662,18.1));
#7828=CARTESIAN_POINT('CP40',(45.8642031431198,-1.74967244417663,18.1));
#7829=CARTESIAN_POINT('CP41',(46.8642031431198,-1.74967244417662,20.39));
#7830=CARTESIAN_POINT('CP42',(45.8642031431198,-1.74967244417663,20.39));
#7831=CARTESIAN_POINT('CP43',(46.8642031431198,-1.74967244417662,22.68));
#7832=CARTESIAN_POINT('CP44',(45.8642031431198,-1.74967244417663,22.68));
#7833=CARTESIAN_POINT('CP45',(46.8642031431198,-1.74967244417662,24.97));
#7834=CARTESIAN_POINT('CP46',(45.8642031431198,-1.74967244417663,24.97));
#7835=CARTESIAN_POINT('CP47',(46.8642031431198,-1.74967244417662,27.26));
#7836=CARTESIAN_POINT('CP48',(45.8642031431198,-1.74967244417663,27.26));
#7837=CARTESIAN_POINT('CP49',(46.8642031431198,-1.74967244417662,29.55));
#7838=CARTESIAN_POINT('CP50',(45.8642031431198,-1.74967244417663,29.55));
#7839=CARTESIAN_POINT('CP51',(46.8642031431198,-1.74967244417662,31.84));
#7840=CARTESIAN_POINT('CP52',(45.8642031431198,-1.74967244417663,31.84));
#7841=CARTESIAN_POINT('CP53',(46.8642031431198,-1.74967244417662,34.13));
#7842=CARTESIAN_POINT('CP54',(45.8642031431198,-1.74967244417663,34.13));
#7843=CARTESIAN_POINT('CP55',(46.8642031431198,-1.74967244417662,36.42));
#7844=CARTESIAN_POINT('CP56',(45.8642031431198,-1.74967244417663,36.42));
#7845=CARTESIAN_POINT('CP57',(46.8642031431198,-1.74967244417662,38.71));
#7846=CARTESIAN_POINT('CP58',(45.8642031431198,-1.74967244417663,38.71));
#7847=CARTESIAN_POINT('CP59',(46.8642031431198,-1.74967244417661,41.));
#7848=CARTESIAN_POINT('CP60',(45.8642031431198,-1.74967244417662,41.));
#7849=CARTESIAN_POINT('CP61',(46.8642031431198,-1.74967244417661,43.29));
#7850=CARTESIAN_POINT('CP62',(45.8642031431198,-1.74967244417662,43.29));
#7851=CARTESIAN_POINT('CP63',(46.8642031431198,-3.72967244417661,12.37));
#7852=CARTESIAN_POINT('CP64',(45.8642031431198,-3.72967244417663,12.37));
#7853=CARTESIAN_POINT('CP65',(46.8642031431198,-3.72967244417661,14.66));
#7854=CARTESIAN_POINT('CP66',(45.8642031431198,-3.72967244417663,14.66));
#7855=CARTESIAN_POINT('CP67',(46.8642031431198,-3.72967244417661,16.95));
#7856=CARTESIAN_POINT('CP68',(45.8642031431198,-3.72967244417663,16.95));
#7857=CARTESIAN_POINT('CP69',(46.8642031431198,-3.72967244417661,19.24));
#7858=CARTESIAN_POINT('CP70',(45.8642031431198,-3.72967244417663,19.24));
#7859=CARTESIAN_POINT('CP71',(46.8642031431198,-3.72967244417661,21.53));
#7860=CARTESIAN_POINT('CP72',(45.8642031431198,-3.72967244417663,21.53));
#7861=CARTESIAN_POINT('CP73',(46.8642031431198,-3.72967244417661,23.82));
#7862=CARTESIAN_POINT('CP74',(45.8642031431198,-3.72967244417663,23.82));
#7863=CARTESIAN_POINT('CP75',(46.8642031431198,-3.72967244417662,26.11));
#7864=CARTESIAN_POINT('CP76',(45.8642031431198,-3.72967244417663,26.11));
#7865=CARTESIAN_POINT('CP77',(46.8642031431198,-3.72967244417662,28.4));
#7866=CARTESIAN_POINT('CP78',(45.8642031431198,-3.72967244417663,28.4));
#7867=CARTESIAN_POINT('CP79',(46.8642031431198,-3.72967244417662,30.69));
#7868=CARTESIAN_POINT('CP80',(45.8642031431198,-3.72967244417663,30.69));
#7869=CARTESIAN_POINT('CP81',(46.8642031431198,-3.72967244417661,32.98));
#7870=CARTESIAN_POINT('CP82',(45.8642031431198,-3.72967244417663,32.98));
#7871=CARTESIAN_POINT('CP83',(46.8642031431198,-3.72967244417662,35.27));
#7872=CARTESIAN_POINT('CP84',(45.8642031431198,-3.72967244417663,35.27));
#7873=CARTESIAN_POINT('CP85',(46.8642031431198,-3.72967244417662,37.56));
#7874=CARTESIAN_POINT('CP86',(45.8642031431198,-3.72967244417663,37.56));
#7875=CARTESIAN_POINT('CP87',(46.8642031431198,-3.72967244417661,39.85));
#7876=CARTESIAN_POINT('CP88',(45.8642031431198,-3.72967244417662,39.85));
#7877=CARTESIAN_POINT('CP89',(46.8642031431198,-3.72967244417661,42.14));
#7878=CARTESIAN_POINT('CP90',(45.8642031431198,-3.72967244417662,42.14));
#7879=CARTESIAN_POINT('CP91',(46.8642031431198,-5.70967244417662,13.52));
#7880=CARTESIAN_POINT('CP92',(45.8642031431198,-5.70967244417662,13.52));
#7881=CARTESIAN_POINT('CP93',(46.8642031431198,-5.70967244417662,15.81));
#7882=CARTESIAN_POINT('CP94',(45.8642031431198,-5.70967244417662,15.81));
#7883=CARTESIAN_POINT('CP95',(46.8642031431198,-5.70967244417662,18.1));
#7884=CARTESIAN_POINT('CP96',(45.8642031431198,-5.70967244417662,18.1));
#7885=CARTESIAN_POINT('CP97',(46.8642031431198,-5.70967244417662,20.39));
#7886=CARTESIAN_POINT('CP98',(45.8642031431198,-5.70967244417662,20.39));
#7887=CARTESIAN_POINT('CP99',(46.8642031431198,-5.70967244417662,22.68));
#7888=CARTESIAN_POINT('CP100',(45.8642031431198,-5.70967244417662,22.68));
#7889=CARTESIAN_POINT('CP101',(46.8642031431198,-5.70967244417662,24.97));
#7890=CARTESIAN_POINT('CP102',(45.8642031431198,-5.70967244417662,24.97));
#7891=CARTESIAN_POINT('CP103',(46.8642031431198,-5.70967244417662,27.26));
#7892=CARTESIAN_POINT('CP104',(45.8642031431198,-5.70967244417662,27.26));
#7893=CARTESIAN_POINT('CP105',(46.8642031431198,-5.70967244417662,29.55));
#7894=CARTESIAN_POINT('CP106',(45.8642031431198,-5.70967244417662,29.55));
#7895=CARTESIAN_POINT('CP107',(46.8642031431198,-5.70967244417662,31.84));
#7896=CARTESIAN_POINT('CP108',(45.8642031431198,-5.70967244417662,31.84));
#7897=CARTESIAN_POINT('CP109',(46.8642031431198,-5.70967244417662,34.13));
#7898=CARTESIAN_POINT('CP110',(45.8642031431198,-5.70967244417662,34.13));
#7899=CARTESIAN_POINT('CP111',(46.8642031431198,-5.70967244417662,36.42));
#7900=CARTESIAN_POINT('CP112',(45.8642031431198,-5.70967244417662,36.42));
#7901=CARTESIAN_POINT('CP113',(46.8642031431198,-5.70967244417662,38.71));
#7902=CARTESIAN_POINT('CP114',(45.8642031431198,-5.70967244417662,38.71));
#7903=CARTESIAN_POINT('CP115',(46.8642031431198,-5.70967244417662,41.));
#7904=CARTESIAN_POINT('CP116',(45.8642031431198,-5.70967244417662,41.));
#7905=CARTESIAN_POINT('CP117',(29.5342031431198,-10.0296724441766,10.08));
#7906=CARTESIAN_POINT('CP118',(29.5342031431198,-13.5796724441766,10.08));
#7907=CARTESIAN_POINT('CP119',(32.0742031431198,-10.0296724441766,11.23));
#7908=CARTESIAN_POINT('CP120',(32.0742031431198,-13.5796724441766,11.23));
#7909=CARTESIAN_POINT('CP121',(26.9942031431198,-10.0296724441766,11.23));
#7910=CARTESIAN_POINT('CP122',(26.9942031431198,-13.5796724441766,11.23));
#7911=CARTESIAN_POINT('CP123',(32.0742031431198,-10.0296724441766,13.52));
#7912=CARTESIAN_POINT('CP124',(32.0742031431198,-13.5796724441766,13.52));
#7913=CARTESIAN_POINT('CP125',(32.0742031431198,-10.0296724441766,15.81));
#7914=CARTESIAN_POINT('CP126',(32.0742031431198,-13.5796724441766,15.81));
#7915=CARTESIAN_POINT('CP127',(32.0742031431198,-10.0296724441766,18.1));
#7916=CARTESIAN_POINT('CP128',(32.0742031431198,-13.5796724441766,18.1));
#7917=CARTESIAN_POINT('CP129',(32.0742031431198,-10.0296724441766,20.39));
#7918=CARTESIAN_POINT('CP130',(32.0742031431198,-13.5796724441766,20.39));
#7919=CARTESIAN_POINT('CP131',(32.0742031431198,-10.0296724441766,22.68));
#7920=CARTESIAN_POINT('CP132',(32.0742031431198,-13.5796724441766,22.68));
#7921=CARTESIAN_POINT('CP133',(32.0742031431198,-10.0296724441766,24.97));
#7922=CARTESIAN_POINT('CP134',(32.0742031431198,-13.5796724441766,24.97));
#7923=CARTESIAN_POINT('CP135',(32.0742031431198,-10.0296724441766,27.26));
#7924=CARTESIAN_POINT('CP136',(32.0742031431198,-13.5796724441766,27.26));
#7925=CARTESIAN_POINT('CP137',(32.0742031431198,-10.0296724441766,29.55));
#7926=CARTESIAN_POINT('CP138',(32.0742031431198,-13.5796724441766,29.55));
#7927=CARTESIAN_POINT('CP139',(32.0742031431198,-10.0296724441766,31.84));
#7928=CARTESIAN_POINT('CP140',(32.0742031431198,-13.5796724441766,31.84));
#7929=CARTESIAN_POINT('CP141',(32.0742031431198,-10.0296724441766,34.13));
#7930=CARTESIAN_POINT('CP142',(32.0742031431198,-13.5796724441766,34.13));
#7931=CARTESIAN_POINT('CP143',(32.0742031431198,-10.0296724441766,36.42));
#7932=CARTESIAN_POINT('CP144',(32.0742031431198,-13.5796724441766,36.42));
#7933=CARTESIAN_POINT('CP145',(32.0742031431198,-10.0296724441766,38.71));
#7934=CARTESIAN_POINT('CP146',(32.0742031431198,-13.5796724441766,38.71));
#7935=CARTESIAN_POINT('CP147',(32.0742031431198,-10.0296724441766,41.));
#7936=CARTESIAN_POINT('CP148',(32.0742031431198,-13.5796724441766,41.));
#7937=CARTESIAN_POINT('CP149',(29.5342031431198,-10.0296724441766,12.37));
#7938=CARTESIAN_POINT('CP150',(29.5342031431198,-13.5796724441766,12.37));
#7939=CARTESIAN_POINT('CP151',(29.5342031431198,-10.0296724441766,14.66));
#7940=CARTESIAN_POINT('CP152',(29.5342031431198,-13.5796724441766,14.66));
#7941=CARTESIAN_POINT('CP153',(29.5342031431198,-10.0296724441766,16.95));
#7942=CARTESIAN_POINT('CP154',(29.5342031431198,-13.5796724441766,16.95));
#7943=CARTESIAN_POINT('CP155',(29.5342031431198,-10.0296724441766,19.24));
#7944=CARTESIAN_POINT('CP156',(29.5342031431198,-13.5796724441766,19.24));
#7945=CARTESIAN_POINT('CP157',(29.5342031431198,-10.0296724441766,21.53));
#7946=CARTESIAN_POINT('CP158',(29.5342031431198,-13.5796724441766,21.53));
#7947=CARTESIAN_POINT('CP159',(29.5342031431198,-10.0296724441766,23.82));
#7948=CARTESIAN_POINT('CP160',(29.5342031431198,-13.5796724441766,23.82));
#7949=CARTESIAN_POINT('CP161',(29.5342031431198,-10.0296724441766,26.11));
#7950=CARTESIAN_POINT('CP162',(29.5342031431198,-13.5796724441766,26.11));
#7951=CARTESIAN_POINT('CP163',(29.5342031431198,-10.0296724441766,28.4));
#7952=CARTESIAN_POINT('CP164',(29.5342031431198,-13.5796724441766,28.4));
#7953=CARTESIAN_POINT('CP165',(29.5342031431198,-10.0296724441766,30.69));
#7954=CARTESIAN_POINT('CP166',(29.5342031431198,-13.5796724441766,30.69));
#7955=CARTESIAN_POINT('CP167',(29.5342031431198,-10.0296724441766,32.98));
#7956=CARTESIAN_POINT('CP168',(29.5342031431198,-13.5796724441766,32.98));
#7957=CARTESIAN_POINT('CP169',(29.5342031431198,-10.0296724441766,35.27));
#7958=CARTESIAN_POINT('CP170',(29.5342031431198,-13.5796724441766,35.27));
#7959=CARTESIAN_POINT('CP171',(29.5342031431198,-10.0296724441766,37.56));
#7960=CARTESIAN_POINT('CP172',(29.5342031431198,-13.5796724441766,37.56));
#7961=CARTESIAN_POINT('CP173',(29.5342031431198,-10.0296724441766,39.85));
#7962=CARTESIAN_POINT('CP174',(29.5342031431198,-13.5796724441766,39.85));
#7963=CARTESIAN_POINT('CP175',(29.5342031431198,-10.0296724441766,42.14));
#7964=CARTESIAN_POINT('CP176',(29.5342031431198,-13.5796724441766,42.14));
#7965=CARTESIAN_POINT('CP177',(26.9942031431198,-10.0296724441766,13.52));
#7966=CARTESIAN_POINT('CP178',(26.9942031431198,-13.5796724441766,13.52));
#7967=CARTESIAN_POINT('CP179',(26.9942031431198,-10.0296724441766,15.81));
#7968=CARTESIAN_POINT('CP180',(26.9942031431198,-13.5796724441766,15.81));
#7969=CARTESIAN_POINT('CP181',(26.9942031431198,-10.0296724441766,18.1));
#7970=CARTESIAN_POINT('CP182',(26.9942031431198,-13.5796724441766,18.1));
#7971=CARTESIAN_POINT('CP183',(26.9942031431198,-10.0296724441766,20.39));
#7972=CARTESIAN_POINT('CP184',(26.9942031431198,-13.5796724441766,20.39));
#7973=CARTESIAN_POINT('CP185',(26.9942031431198,-10.0296724441766,22.68));
#7974=CARTESIAN_POINT('CP186',(26.9942031431198,-13.5796724441766,22.68));
#7975=CARTESIAN_POINT('CP187',(26.9942031431198,-10.0296724441766,24.97));
#7976=CARTESIAN_POINT('CP188',(26.9942031431198,-13.5796724441766,24.97));
#7977=CARTESIAN_POINT('CP189',(26.9942031431198,-10.0296724441766,27.26));
#7978=CARTESIAN_POINT('CP190',(26.9942031431198,-13.5796724441766,27.26));
#7979=CARTESIAN_POINT('CP191',(26.9942031431198,-10.0296724441766,29.55));
#7980=CARTESIAN_POINT('CP192',(26.9942031431198,-13.5796724441766,29.55));
#7981=CARTESIAN_POINT('CP193',(26.9942031431198,-10.0296724441766,31.84));
#7982=CARTESIAN_POINT('CP194',(26.9942031431198,-13.5796724441766,31.84));
#7983=CARTESIAN_POINT('CP195',(26.9942031431198,-10.0296724441766,34.13));
#7984=CARTESIAN_POINT('CP196',(26.9942031431198,-13.5796724441766,34.13));
#7985=CARTESIAN_POINT('CP197',(26.9942031431198,-10.0296724441766,36.42));
#7986=CARTESIAN_POINT('CP198',(26.9942031431198,-13.5796724441766,36.42));
#7987=CARTESIAN_POINT('CP199',(26.9942031431198,-10.0296724441766,38.71));
#7988=CARTESIAN_POINT('CP200',(26.9942031431198,-13.5796724441766,38.71));
#7989=CARTESIAN_POINT('CP201',(26.9942031431198,-10.0296724441766,41.));
#7990=CARTESIAN_POINT('CP202',(26.9942031431198,-13.5796724441766,41.));
#7991=CARTESIAN_POINT('CP203',(26.9942031431198,-10.0296724441766,43.29));
#7992=CARTESIAN_POINT('CP204',(26.9942031431198,-13.5796724441766,43.29));
#7993=CARTESIAN_POINT('CP205',(46.3642031431199,-7.2446724441768,10.5799105517313));
#7994=CARTESIAN_POINT('CP206',(46.3642031431197,-7.24467244417635,42.9200894482687));
#7995=CARTESIAN_POINT('CP207',(46.3642031431198,-5.4928065808305,45.0078818846546));
#7996=CARTESIAN_POINT('CP208',(46.3642031431198,-2.70280658083053,45.4998341608312));
#7997=CARTESIAN_POINT('CP209',(46.3642031431179,-0.214672444178522,43.4120417244454));
#7998=CARTESIAN_POINT('CP210',(46.3642031431218,-0.214672444174823,10.0879582755546));
#7999=CARTESIAN_POINT('CP211',(46.3642031431198,-2.70280658083066,8.00016583916874));
#8000=CARTESIAN_POINT('CP212',(46.3642031431198,-5.4928065808305,8.49211811534538));
#8001=CARTESIAN_POINT('CP213',(40.9642031431198,-9.02967244417658,52.5));
#8002=CARTESIAN_POINT('CP214',(24.5642031431198,-9.02967244417669,52.5));
#8003=CARTESIAN_POINT('CP215',(37.56420314312,1.90032755583536,52.4999999999999));
#8004=CARTESIAN_POINT('CP216',(40.9642031431201,1.90032755583621,52.5000000000001));
#8005=CARTESIAN_POINT('CP217',(24.5642031431198,-9.02967244417656,1.0000000000001));
#8006=CARTESIAN_POINT('CP218',(40.9642031431198,-9.02967244417668,0.999999999999906));
#8007=CARTESIAN_POINT('CP219',(40.9642031431201,1.90032755583621,0.999999999999855));
#8008=CARTESIAN_POINT('CP220',(37.56420314312,1.90032755583536,1.00000000000014));
#8009=CARTESIAN_POINT('CS1',(0.,0.,0.));
#8010=CARTESIAN_POINT('',(46.8642031431198,-1.74967244417662,50.25));
#8011=CARTESIAN_POINT('',(46.8642031431198,0.285327555823318,11.23));
#8012=CARTESIAN_POINT('',(32.0742031431198,-10.0296724441766,2.45));
#8013=CARTESIAN_POINT('',(26.9942031431198,-10.0296724441766,2.45));
#8014=CARTESIAN_POINT('',(40.9642031431198,-5.12467244417654,10.5799105517313));
#8015=CARTESIAN_POINT('',(40.9642031431198,-2.33467244417675,10.0879582755546));
#8016=CARTESIAN_POINT('',(40.9642031431198,-2.3346724441766,43.4120417244454));
#8017=CARTESIAN_POINT('',(40.9642031431198,-5.12467244417662,42.9200894482688));
#8018=CARTESIAN_POINT('',(29.7342031431198,-11.7296724441766,51.275));
#8019=CARTESIAN_POINT('',(29.7342031431198,-13.7796724441766,51.05));
#8020=CARTESIAN_POINT('',(29.7342031431198,-11.7296724441766,49.225));
#8021=CARTESIAN_POINT('',(29.7342031431198,-13.7796724441766,49.45));
#8022=CARTESIAN_POINT('',(29.7342031431198,-11.7296724441766,4.275));
#8023=CARTESIAN_POINT('',(29.7342031431198,-13.7796724441766,4.04999999999999));
#8024=CARTESIAN_POINT('',(29.7342031431198,-11.7296724441766,2.22499999999995));
#8025=CARTESIAN_POINT('',(29.7342031431198,-13.7796724441766,2.44999999999999));
#8026=CARTESIAN_POINT('',(35.6742031431198,-3.72967244417662,50.25));
#8027=CARTESIAN_POINT('',(35.6742031431198,-3.72967244417661,3.24999999999996));
#8028=CARTESIAN_POINT('',(46.8642031431198,-3.72967244417661,10.08));
#8029=CARTESIAN_POINT('',(46.8642031431198,-1.74967244417661,11.23));
#8030=CARTESIAN_POINT('',(46.8642031431198,-5.70967244417662,11.23));
#8031=CARTESIAN_POINT('',(46.8642031431198,-1.74967244417662,13.52));
#8032=CARTESIAN_POINT('',(46.8642031431198,-1.74967244417662,15.81));
#8033=CARTESIAN_POINT('',(46.8642031431198,-1.74967244417662,18.1));
#8034=CARTESIAN_POINT('',(46.8642031431198,-1.74967244417662,20.39));
#8035=CARTESIAN_POINT('',(46.8642031431198,-1.74967244417662,22.68));
#8036=CARTESIAN_POINT('',(46.8642031431198,-1.74967244417662,24.97));
#8037=CARTESIAN_POINT('',(46.8642031431198,-1.74967244417662,27.26));
#8038=CARTESIAN_POINT('',(46.8642031431198,-1.74967244417662,29.55));
#8039=CARTESIAN_POINT('',(46.8642031431198,-1.74967244417662,31.84));
#8040=CARTESIAN_POINT('',(46.8642031431198,-1.74967244417662,34.13));
#8041=CARTESIAN_POINT('',(46.8642031431198,-1.74967244417662,36.42));
#8042=CARTESIAN_POINT('',(46.8642031431198,-1.74967244417662,38.71));
#8043=CARTESIAN_POINT('',(46.8642031431198,-1.74967244417661,41.));
#8044=CARTESIAN_POINT('',(46.8642031431198,-1.74967244417661,43.29));
#8045=CARTESIAN_POINT('',(46.8642031431198,-3.72967244417661,12.37));
#8046=CARTESIAN_POINT('',(46.8642031431198,-3.72967244417661,14.66));
#8047=CARTESIAN_POINT('',(46.8642031431198,-3.72967244417661,16.95));
#8048=CARTESIAN_POINT('',(46.8642031431198,-3.72967244417661,19.24));
#8049=CARTESIAN_POINT('',(46.8642031431198,-3.72967244417661,21.53));
#8050=CARTESIAN_POINT('',(46.8642031431198,-3.72967244417661,23.82));
#8051=CARTESIAN_POINT('',(46.8642031431198,-3.72967244417662,26.11));
#8052=CARTESIAN_POINT('',(46.8642031431198,-3.72967244417662,28.4));
#8053=CARTESIAN_POINT('',(46.8642031431198,-3.72967244417662,30.69));
#8054=CARTESIAN_POINT('',(46.8642031431198,-3.72967244417661,32.98));
#8055=CARTESIAN_POINT('',(46.8642031431198,-3.72967244417662,35.27));
#8056=CARTESIAN_POINT('',(46.8642031431198,-3.72967244417662,37.56));
#8057=CARTESIAN_POINT('',(46.8642031431198,-3.72967244417661,39.85));
#8058=CARTESIAN_POINT('',(46.8642031431198,-3.72967244417661,42.14));
#8059=CARTESIAN_POINT('',(46.8642031431198,-5.70967244417662,13.52));
#8060=CARTESIAN_POINT('',(46.8642031431198,-5.70967244417662,15.81));
#8061=CARTESIAN_POINT('',(46.8642031431198,-5.70967244417662,18.1));
#8062=CARTESIAN_POINT('',(46.8642031431198,-5.70967244417662,20.39));
#8063=CARTESIAN_POINT('',(46.8642031431198,-5.70967244417662,22.68));
#8064=CARTESIAN_POINT('',(46.8642031431198,-5.70967244417662,24.97));
#8065=CARTESIAN_POINT('',(46.8642031431198,-5.70967244417662,27.26));
#8066=CARTESIAN_POINT('',(46.8642031431198,-5.70967244417662,29.55));
#8067=CARTESIAN_POINT('',(46.8642031431198,-5.70967244417662,31.84));
#8068=CARTESIAN_POINT('',(46.8642031431198,-5.70967244417662,34.13));
#8069=CARTESIAN_POINT('',(46.8642031431198,-5.70967244417662,36.42));
#8070=CARTESIAN_POINT('',(46.8642031431198,-5.70967244417662,38.71));
#8071=CARTESIAN_POINT('',(46.8642031431198,-5.70967244417662,41.));
#8072=CARTESIAN_POINT('',(29.5342031431198,-10.0296724441766,10.08));
#8073=CARTESIAN_POINT('',(32.0742031431198,-10.0296724441766,11.23));
#8074=CARTESIAN_POINT('',(26.9942031431198,-10.0296724441766,11.23));
#8075=CARTESIAN_POINT('',(32.0742031431198,-10.0296724441766,13.52));
#8076=CARTESIAN_POINT('',(32.0742031431198,-10.0296724441766,15.81));
#8077=CARTESIAN_POINT('',(32.0742031431198,-10.0296724441766,18.1));
#8078=CARTESIAN_POINT('',(32.0742031431198,-10.0296724441766,20.39));
#8079=CARTESIAN_POINT('',(32.0742031431198,-10.0296724441766,22.68));
#8080=CARTESIAN_POINT('',(32.0742031431198,-10.0296724441766,24.97));
#8081=CARTESIAN_POINT('',(32.0742031431198,-10.0296724441766,27.26));
#8082=CARTESIAN_POINT('',(32.0742031431198,-10.0296724441766,29.55));
#8083=CARTESIAN_POINT('',(32.0742031431198,-10.0296724441766,31.84));
#8084=CARTESIAN_POINT('',(32.0742031431198,-10.0296724441766,34.13));
#8085=CARTESIAN_POINT('',(32.0742031431198,-10.0296724441766,36.42));
#8086=CARTESIAN_POINT('',(32.0742031431198,-10.0296724441766,38.71));
#8087=CARTESIAN_POINT('',(32.0742031431198,-10.0296724441766,41.));
#8088=CARTESIAN_POINT('',(29.5342031431198,-10.0296724441766,12.37));
#8089=CARTESIAN_POINT('',(29.5342031431198,-10.0296724441766,14.66));
#8090=CARTESIAN_POINT('',(29.5342031431198,-10.0296724441766,16.95));
#8091=CARTESIAN_POINT('',(29.5342031431198,-10.0296724441766,19.24));
#8092=CARTESIAN_POINT('',(29.5342031431198,-10.0296724441766,21.53));
#8093=CARTESIAN_POINT('',(29.5342031431198,-10.0296724441766,23.82));
#8094=CARTESIAN_POINT('',(29.5342031431198,-10.0296724441766,26.11));
#8095=CARTESIAN_POINT('',(29.5342031431198,-10.0296724441766,28.4));
#8096=CARTESIAN_POINT('',(29.5342031431198,-10.0296724441766,30.69));
#8097=CARTESIAN_POINT('',(29.5342031431198,-10.0296724441766,32.98));
#8098=CARTESIAN_POINT('',(29.5342031431198,-10.0296724441766,35.27));
#8099=CARTESIAN_POINT('',(29.5342031431198,-10.0296724441766,37.56));
#8100=CARTESIAN_POINT('',(29.5342031431198,-10.0296724441766,39.85));
#8101=CARTESIAN_POINT('',(29.5342031431198,-10.0296724441766,42.14));
#8102=CARTESIAN_POINT('',(26.9942031431198,-10.0296724441766,13.52));
#8103=CARTESIAN_POINT('',(26.9942031431198,-10.0296724441766,15.81));
#8104=CARTESIAN_POINT('',(26.9942031431198,-10.0296724441766,18.1));
#8105=CARTESIAN_POINT('',(26.9942031431198,-10.0296724441766,20.39));
#8106=CARTESIAN_POINT('',(26.9942031431198,-10.0296724441766,22.68));
#8107=CARTESIAN_POINT('',(26.9942031431198,-10.0296724441766,24.97));
#8108=CARTESIAN_POINT('',(26.9942031431198,-10.0296724441766,27.26));
#8109=CARTESIAN_POINT('',(26.9942031431198,-10.0296724441766,29.55));
#8110=CARTESIAN_POINT('',(26.9942031431198,-10.0296724441766,31.84));
#8111=CARTESIAN_POINT('',(26.9942031431198,-10.0296724441766,34.13));
#8112=CARTESIAN_POINT('',(26.9942031431198,-10.0296724441766,36.42));
#8113=CARTESIAN_POINT('',(26.9942031431198,-10.0296724441766,38.71));
#8114=CARTESIAN_POINT('',(26.9942031431198,-10.0296724441766,41.));
#8115=CARTESIAN_POINT('',(26.9942031431198,-10.0296724441766,43.29));
#8116=CARTESIAN_POINT('',(46.3642031431199,-7.2446724441768,10.5799105517313));
#8117=CARTESIAN_POINT('',(46.3642031431198,-5.4928065808305,45.0078818846546));
#8118=CARTESIAN_POINT('',(46.3642031431179,-0.214672444178522,43.4120417244454));
#8119=CARTESIAN_POINT('',(46.3642031431198,-2.70280658083066,8.00016583916874));
#8120=CARTESIAN_POINT('',(40.9642031431198,-9.02967244417658,52.5));
#8121=CARTESIAN_POINT('',(37.56420314312,1.90032755583536,52.4999999999999));
#8122=CARTESIAN_POINT('',(24.5642031431198,-9.02967244417656,1.0000000000001));
#8123=CARTESIAN_POINT('',(40.9642031431201,1.90032755583621,0.999999999999855));
#8124=CARTESIAN_POINT('',(29.5342031431198,-13.5796724441766,12.37));
#8125=CARTESIAN_POINT('',(29.8842031431198,-13.5796724441766,12.37));
#8126=CARTESIAN_POINT('',(29.1492031431198,-13.5796724441766,11.9889488223348));
#8127=CARTESIAN_POINT('',(29.5342031431198,-10.0296724441766,12.37));
#8128=CARTESIAN_POINT('',(29.8842031431198,-10.0296724441766,12.37));
#8129=CARTESIAN_POINT('',(29.5342031431198,-10.0296724441766,12.37));
#8130=CARTESIAN_POINT('',(29.5342031431198,-13.5796724441766,14.66));
#8131=CARTESIAN_POINT('',(29.8842031431198,-13.5796724441766,14.66));
#8132=CARTESIAN_POINT('',(29.1492031431198,-13.5796724441766,14.2789488223348));
#8133=CARTESIAN_POINT('',(29.5342031431198,-10.0296724441766,14.66));
#8134=CARTESIAN_POINT('',(29.8842031431198,-10.0296724441766,14.66));
#8135=CARTESIAN_POINT('',(29.5342031431198,-10.0296724441766,14.66));
#8136=CARTESIAN_POINT('',(29.5342031431198,-13.5796724441766,16.95));
#8137=CARTESIAN_POINT('',(29.8842031431198,-13.5796724441766,16.95));
#8138=CARTESIAN_POINT('',(29.1492031431198,-13.5796724441766,16.5689488223348));
#8139=CARTESIAN_POINT('',(29.5342031431198,-10.0296724441766,16.95));
#8140=CARTESIAN_POINT('',(29.8842031431198,-10.0296724441766,16.95));
#8141=CARTESIAN_POINT('',(29.5342031431198,-10.0296724441766,16.95));
#8142=CARTESIAN_POINT('',(29.5342031431198,-13.5796724441766,19.24));
#8143=CARTESIAN_POINT('',(29.8842031431198,-13.5796724441766,19.24));
#8144=CARTESIAN_POINT('',(29.1492031431198,-13.5796724441766,18.8589488223348));
#8145=CARTESIAN_POINT('',(29.5342031431198,-10.0296724441766,19.24));
#8146=CARTESIAN_POINT('',(29.8842031431198,-10.0296724441766,19.24));
#8147=CARTESIAN_POINT('',(29.5342031431198,-10.0296724441766,19.24));
#8148=CARTESIAN_POINT('',(29.5342031431198,-13.5796724441766,21.53));
#8149=CARTESIAN_POINT('',(29.8842031431198,-13.5796724441766,21.53));
#8150=CARTESIAN_POINT('',(29.1492031431198,-13.5796724441766,21.1489488223348));
#8151=CARTESIAN_POINT('',(29.5342031431198,-10.0296724441766,21.53));
#8152=CARTESIAN_POINT('',(29.8842031431198,-10.0296724441766,21.53));
#8153=CARTESIAN_POINT('',(29.5342031431198,-10.0296724441766,21.53));
#8154=CARTESIAN_POINT('',(29.5342031431198,-13.5796724441766,23.82));
#8155=CARTESIAN_POINT('',(29.8842031431198,-13.5796724441766,23.82));
#8156=CARTESIAN_POINT('',(29.1492031431198,-13.5796724441766,23.4389488223348));
#8157=CARTESIAN_POINT('',(29.5342031431198,-10.0296724441766,23.82));
#8158=CARTESIAN_POINT('',(29.8842031431198,-10.0296724441766,23.82));
#8159=CARTESIAN_POINT('',(29.5342031431198,-10.0296724441766,23.82));
#8160=CARTESIAN_POINT('',(29.5342031431198,-13.5796724441766,26.11));
#8161=CARTESIAN_POINT('',(29.8842031431198,-13.5796724441766,26.11));
#8162=CARTESIAN_POINT('',(29.1492031431198,-13.5796724441766,25.7289488223348));
#8163=CARTESIAN_POINT('',(29.5342031431198,-10.0296724441766,26.11));
#8164=CARTESIAN_POINT('',(29.8842031431198,-10.0296724441766,26.11));
#8165=CARTESIAN_POINT('',(29.5342031431198,-10.0296724441766,26.11));
#8166=CARTESIAN_POINT('',(29.5342031431198,-13.5796724441766,28.4));
#8167=CARTESIAN_POINT('',(29.8842031431198,-13.5796724441766,28.4));
#8168=CARTESIAN_POINT('',(29.1492031431198,-13.5796724441766,28.0189488223348));
#8169=CARTESIAN_POINT('',(29.5342031431198,-10.0296724441766,28.4));
#8170=CARTESIAN_POINT('',(29.8842031431198,-10.0296724441766,28.4));
#8171=CARTESIAN_POINT('',(29.5342031431198,-10.0296724441766,28.4));
#8172=CARTESIAN_POINT('',(29.5342031431198,-13.5796724441766,30.69));
#8173=CARTESIAN_POINT('',(29.8842031431198,-13.5796724441766,30.69));
#8174=CARTESIAN_POINT('',(29.1492031431198,-13.5796724441766,30.3089488223348));
#8175=CARTESIAN_POINT('',(29.5342031431198,-10.0296724441766,30.69));
#8176=CARTESIAN_POINT('',(29.8842031431198,-10.0296724441766,30.69));
#8177=CARTESIAN_POINT('',(29.5342031431198,-10.0296724441766,30.69));
#8178=CARTESIAN_POINT('',(29.5342031431198,-13.5796724441766,32.98));
#8179=CARTESIAN_POINT('',(29.8842031431198,-13.5796724441766,32.98));
#8180=CARTESIAN_POINT('',(29.1492031431198,-13.5796724441766,32.5989488223348));
#8181=CARTESIAN_POINT('',(29.5342031431198,-10.0296724441766,32.98));
#8182=CARTESIAN_POINT('',(29.8842031431198,-10.0296724441766,32.98));
#8183=CARTESIAN_POINT('',(29.5342031431198,-10.0296724441766,32.98));
#8184=CARTESIAN_POINT('',(29.5342031431198,-13.5796724441766,35.27));
#8185=CARTESIAN_POINT('',(29.8842031431198,-13.5796724441766,35.27));
#8186=CARTESIAN_POINT('',(29.1492031431198,-13.5796724441766,34.8889488223348));
#8187=CARTESIAN_POINT('',(29.5342031431198,-10.0296724441766,35.27));
#8188=CARTESIAN_POINT('',(29.8842031431198,-10.0296724441766,35.27));
#8189=CARTESIAN_POINT('',(29.5342031431198,-10.0296724441766,35.27));
#8190=CARTESIAN_POINT('',(29.5342031431198,-13.5796724441766,37.56));
#8191=CARTESIAN_POINT('',(29.8842031431198,-13.5796724441766,37.56));
#8192=CARTESIAN_POINT('',(29.1492031431198,-13.5796724441766,37.1789488223349));
#8193=CARTESIAN_POINT('',(29.5342031431198,-10.0296724441766,37.56));
#8194=CARTESIAN_POINT('',(29.8842031431198,-10.0296724441766,37.56));
#8195=CARTESIAN_POINT('',(29.5342031431198,-10.0296724441766,37.56));
#8196=CARTESIAN_POINT('',(29.5342031431198,-13.5796724441766,39.85));
#8197=CARTESIAN_POINT('',(29.8842031431198,-13.5796724441766,39.85));
#8198=CARTESIAN_POINT('',(29.1492031431198,-13.5796724441766,39.4689488223349));
#8199=CARTESIAN_POINT('',(29.5342031431198,-10.0296724441766,39.85));
#8200=CARTESIAN_POINT('',(29.8842031431198,-10.0296724441766,39.85));
#8201=CARTESIAN_POINT('',(29.5342031431198,-10.0296724441766,39.85));
#8202=CARTESIAN_POINT('',(29.5342031431198,-13.5796724441766,42.14));
#8203=CARTESIAN_POINT('',(29.8842031431198,-13.5796724441766,42.14));
#8204=CARTESIAN_POINT('',(29.1492031431198,-13.5796724441766,41.7589488223348));
#8205=CARTESIAN_POINT('',(29.5342031431198,-10.0296724441766,42.14));
#8206=CARTESIAN_POINT('',(29.8842031431198,-10.0296724441766,42.14));
#8207=CARTESIAN_POINT('',(29.5342031431198,-10.0296724441766,42.14));
#8208=CARTESIAN_POINT('',(26.9942031431198,-13.5796724441766,11.23));
#8209=CARTESIAN_POINT('',(27.3442031431198,-13.5796724441766,11.23));
#8210=CARTESIAN_POINT('',(26.6092031431198,-13.5796724441766,10.8489488223349));
#8211=CARTESIAN_POINT('',(26.9942031431198,-10.0296724441766,11.23));
#8212=CARTESIAN_POINT('',(27.3442031431198,-10.0296724441766,11.23));
#8213=CARTESIAN_POINT('',(26.9942031431198,-10.0296724441766,11.23));
#8214=CARTESIAN_POINT('',(29.5342031431198,-13.5796724441766,10.08));
#8215=CARTESIAN_POINT('',(29.8842031431198,-13.5796724441766,10.08));
#8216=CARTESIAN_POINT('',(29.1492031431198,-13.5796724441766,9.69894882233485));
#8217=CARTESIAN_POINT('',(29.5342031431198,-10.0296724441766,10.08));
#8218=CARTESIAN_POINT('',(29.8842031431198,-10.0296724441766,10.08));
#8219=CARTESIAN_POINT('',(29.5342031431198,-10.0296724441766,10.08));
#8220=CARTESIAN_POINT('',(29.7342031431198,-10.0296724441766,3.79999999999999));
#8221=CARTESIAN_POINT('',(29.7342031431198,-10.0296724441766,3.79999999999999));
#8222=CARTESIAN_POINT('',(29.7342031431198,-13.7796724441766,3.79999999999999));
#8223=CARTESIAN_POINT('',(29.7342031431198,-13.7796724441766,3.79999999999999));
#8224=CARTESIAN_POINT('',(29.3342031431198,-13.7796724441766,3.79999999999999));
#8225=CARTESIAN_POINT('',(29.3342031431198,-13.7796724441766,3.79999999999999));
#8226=CARTESIAN_POINT('',(29.3342031431198,-10.0296724441766,3.79999999999999));
#8227=CARTESIAN_POINT('',(29.7342031431198,-10.0296724441766,3.79999999999999));
#8228=CARTESIAN_POINT('',(29.7342031431198,-10.0296724441766,3.79999999999999));
#8229=CARTESIAN_POINT('',(29.7342031431198,-13.7796724441766,4.04999999999999));
#8230=CARTESIAN_POINT('',(29.7342031431198,-13.8605152775437,4.28656803734482));
#8231=CARTESIAN_POINT('',(29.7342031431198,-13.8605152775437,4.28656803734482));
#8232=CARTESIAN_POINT('',(29.3342031431198,-13.8605152775437,4.28656803734482));
#8233=CARTESIAN_POINT('',(29.3342031431198,-13.7796724441766,4.04999999999998));
#8234=CARTESIAN_POINT('',(29.7342031431198,-13.7796724441766,4.04999999999999));
#8235=CARTESIAN_POINT('',(29.7342031431198,-13.8605152775437,4.2865680373448));
#8236=CARTESIAN_POINT('',(29.7342031431198,-11.9560323776046,4.93739050456547));
#8237=CARTESIAN_POINT('',(29.3342031431198,-11.9560323776046,4.93739050456547));
#8238=CARTESIAN_POINT('',(29.3342031431198,-11.9560323776046,4.93739050456547));
#8239=CARTESIAN_POINT('',(29.3342031431198,-11.9560323776046,4.93739050456547));
#8240=CARTESIAN_POINT('',(29.7342031431198,-13.8605152775437,4.2865680373448));
#8241=CARTESIAN_POINT('',(29.3342031431198,-11.7296724441766,4.27500000000001));
#8242=CARTESIAN_POINT('',(29.3342031431198,-11.2524758472367,4.78713612240196));
#8243=CARTESIAN_POINT('',(29.3342031431198,-10.7296724441766,4.29999999999999));
#8244=CARTESIAN_POINT('',(29.3342031431198,-10.7296724441766,4.29999999999999));
#8245=CARTESIAN_POINT('',(29.3342031431198,-10.0296724441766,4.29999999999999));
#8246=CARTESIAN_POINT('',(29.3342031431198,-10.0296724441766,4.29999999999999));
#8247=CARTESIAN_POINT('',(29.3342031431198,-10.0296724441766,3.79999999999999));
#8248=CARTESIAN_POINT('',(29.3342031431198,-14.2292186068912,3.74126231436211));
#8249=CARTESIAN_POINT('',(29.7342031431198,-10.7296724441766,4.29999999999999));
#8250=CARTESIAN_POINT('',(29.7342031431198,-10.7296724441766,4.29999999999999));
#8251=CARTESIAN_POINT('',(29.7342031431198,-10.0296724441766,4.29999999999999));
#8252=CARTESIAN_POINT('',(29.3342031431198,-10.0296724441766,4.29999999999999));
#8253=CARTESIAN_POINT('',(29.7342031431198,-10.7296724441766,4.29999999999999));
#8254=CARTESIAN_POINT('',(29.7342031431198,-10.7296724441766,4.29999999999999));
#8255=CARTESIAN_POINT('',(29.7342031431198,-11.2524758472367,4.78713612240196));
#8256=CARTESIAN_POINT('',(29.7342031431198,-11.2524758472367,4.78713612240196));
#8257=CARTESIAN_POINT('',(29.7342031431198,-11.2524758472367,4.78713612240196));
#8258=CARTESIAN_POINT('',(29.7342031431198,-11.2524758472367,4.78713612240196));
#8259=CARTESIAN_POINT('',(29.7342031431198,-11.7296724441766,4.27500000000003));
#8260=CARTESIAN_POINT('',(29.7342031431198,-11.7296724441766,4.27500000000003));
#8261=CARTESIAN_POINT('',(29.7342031431198,-10.0296724441766,4.29999999999999));
#8262=CARTESIAN_POINT('',(29.7342031431198,-9.82969405547593,3.74126231436211));
#8263=CARTESIAN_POINT('',(29.7342031431198,-13.7796724441766,2.44999999999999));
#8264=CARTESIAN_POINT('',(29.7342031431198,-13.8605152775437,2.21343196265518));
#8265=CARTESIAN_POINT('',(29.7342031431198,-13.7796724441766,2.69999999999999));
#8266=CARTESIAN_POINT('',(29.7342031431198,-13.7796724441766,2.69999999999999));
#8267=CARTESIAN_POINT('',(29.3342031431198,-13.7796724441766,2.69999999999999));
#8268=CARTESIAN_POINT('',(29.3342031431198,-13.7796724441766,2.45));
#8269=CARTESIAN_POINT('',(29.3342031431198,-13.8605152775437,2.21343196265518));
#8270=CARTESIAN_POINT('',(29.7342031431198,-13.8605152775437,2.21343196265518));
#8271=CARTESIAN_POINT('',(29.7342031431198,-13.7796724441766,2.44999999999999));
#8272=CARTESIAN_POINT('',(29.7342031431198,-11.9560323776045,1.56260949543452));
#8273=CARTESIAN_POINT('',(29.7342031431198,-11.9560323776045,1.56260949543452));
#8274=CARTESIAN_POINT('',(29.3342031431198,-13.8605152775437,2.21343196265518));
#8275=CARTESIAN_POINT('',(29.3342031431198,-11.9560323776045,1.56260949543452));
#8276=CARTESIAN_POINT('',(29.7342031431198,-11.9560323776045,1.56260949543452));
#8277=CARTESIAN_POINT('',(29.7342031431198,-11.9560323776045,1.56260949543452));
#8278=CARTESIAN_POINT('',(29.7342031431198,-11.7296724441766,2.22499999999995));
#8279=CARTESIAN_POINT('',(29.7342031431198,-11.2524758472367,1.71286387759801));
#8280=CARTESIAN_POINT('',(29.3342031431198,-11.7296724441766,2.22499999999995));
#8281=CARTESIAN_POINT('',(29.3342031431198,-11.2524758472367,1.71286387759801));
#8282=CARTESIAN_POINT('',(29.7342031431198,-11.2524758472367,1.71286387759801));
#8283=CARTESIAN_POINT('',(29.7342031431198,-11.7296724441766,2.22499999999993));
#8284=CARTESIAN_POINT('',(29.7342031431198,-10.7296724441766,2.2));
#8285=CARTESIAN_POINT('',(29.7342031431198,-10.7296724441766,2.2));
#8286=CARTESIAN_POINT('',(29.3342031431198,-11.2524758472367,1.71286387759801));
#8287=CARTESIAN_POINT('',(29.3342031431198,-10.7296724441766,2.2));
#8288=CARTESIAN_POINT('',(29.7342031431198,-10.7296724441766,2.2));
#8289=CARTESIAN_POINT('',(29.7342031431198,-10.7296724441766,2.19999999999999));
#8290=CARTESIAN_POINT('',(29.7342031431198,-10.0296724441766,2.2));
#8291=CARTESIAN_POINT('',(29.7342031431198,-10.0296724441766,2.2));
#8292=CARTESIAN_POINT('',(29.3342031431198,-10.7296724441766,2.2));
#8293=CARTESIAN_POINT('',(29.3342031431198,-10.0296724441766,2.2));
#8294=CARTESIAN_POINT('',(29.7342031431198,-10.0296724441766,2.2));
#8295=CARTESIAN_POINT('',(29.7342031431198,-10.0296724441766,2.19999999999999));
#8296=CARTESIAN_POINT('',(29.3342031431198,-10.0296724441766,2.7));
#8297=CARTESIAN_POINT('',(29.3342031431198,-10.0296724441766,2.7));
#8298=CARTESIAN_POINT('',(29.3342031431198,-10.0296724441766,2.2));
#8299=CARTESIAN_POINT('',(29.3342031431198,-14.2292186068912,1.46650860160481));
#8300=CARTESIAN_POINT('',(29.7342031431198,-13.7796724441766,2.69999999999999));
#8301=CARTESIAN_POINT('',(29.7342031431198,-10.0296724441766,2.7));
#8302=CARTESIAN_POINT('',(29.3342031431198,-10.0296724441766,2.7));
#8303=CARTESIAN_POINT('',(29.7342031431198,-13.7796724441766,2.69999999999999));
#8304=CARTESIAN_POINT('',(29.7342031431198,-10.0296724441766,2.7));
#8305=CARTESIAN_POINT('',(29.7342031431198,-9.82969405547593,1.4665086016048));
#8306=CARTESIAN_POINT('',(29.7342031431198,-10.0296724441766,50.8));
#8307=CARTESIAN_POINT('',(29.7342031431198,-10.0296724441766,50.8));
#8308=CARTESIAN_POINT('',(29.7342031431198,-13.7796724441766,50.8));
#8309=CARTESIAN_POINT('',(29.7342031431198,-13.7796724441766,50.8));
#8310=CARTESIAN_POINT('',(29.3342031431198,-13.7796724441766,50.8));
#8311=CARTESIAN_POINT('',(29.3342031431198,-13.7796724441766,50.8));
#8312=CARTESIAN_POINT('',(29.3342031431198,-10.0296724441766,50.8));
#8313=CARTESIAN_POINT('',(29.7342031431198,-10.0296724441766,50.8));
#8314=CARTESIAN_POINT('',(29.7342031431198,-10.0296724441766,50.8));
#8315=CARTESIAN_POINT('',(29.7342031431198,-13.7796724441766,51.05));
#8316=CARTESIAN_POINT('',(29.7342031431198,-13.8605152775437,51.2865680373448));
#8317=CARTESIAN_POINT('',(29.7342031431198,-13.8605152775437,51.2865680373448));
#8318=CARTESIAN_POINT('',(29.3342031431198,-13.8605152775437,51.2865680373448));
#8319=CARTESIAN_POINT('',(29.3342031431198,-13.7796724441766,51.05));
#8320=CARTESIAN_POINT('',(29.7342031431198,-13.7796724441766,51.05));
#8321=CARTESIAN_POINT('',(29.7342031431198,-13.8605152775437,51.2865680373448));
#8322=CARTESIAN_POINT('',(29.7342031431198,-11.9560323776046,51.9373905045655));
#8323=CARTESIAN_POINT('',(29.3342031431198,-11.9560323776046,51.9373905045655));
#8324=CARTESIAN_POINT('',(29.3342031431198,-11.9560323776046,51.9373905045655));
#8325=CARTESIAN_POINT('',(29.3342031431198,-11.9560323776046,51.9373905045655));
#8326=CARTESIAN_POINT('',(29.7342031431198,-13.8605152775437,51.2865680373448));
#8327=CARTESIAN_POINT('',(29.3342031431198,-11.7296724441767,51.275));
#8328=CARTESIAN_POINT('',(29.3342031431198,-11.2524758472367,51.787136122402));
#8329=CARTESIAN_POINT('',(29.3342031431198,-10.7296724441766,51.3));
#8330=CARTESIAN_POINT('',(29.3342031431198,-10.7296724441766,51.3));
#8331=CARTESIAN_POINT('',(29.3342031431198,-10.0296724441766,51.3));
#8332=CARTESIAN_POINT('',(29.3342031431198,-10.0296724441766,51.3));
#8333=CARTESIAN_POINT('',(29.3342031431198,-10.0296724441766,50.8));
#8334=CARTESIAN_POINT('',(29.3342031431198,-14.2292186068912,50.7412623143621));
#8335=CARTESIAN_POINT('',(29.7342031431198,-10.7296724441766,51.3));
#8336=CARTESIAN_POINT('',(29.7342031431198,-10.7296724441766,51.3));
#8337=CARTESIAN_POINT('',(29.7342031431198,-10.0296724441766,51.3));
#8338=CARTESIAN_POINT('',(29.3342031431198,-10.0296724441766,51.3));
#8339=CARTESIAN_POINT('',(29.7342031431198,-10.7296724441766,51.3));
#8340=CARTESIAN_POINT('',(29.7342031431198,-10.7296724441766,51.3));
#8341=CARTESIAN_POINT('',(29.7342031431198,-11.2524758472367,51.787136122402));
#8342=CARTESIAN_POINT('',(29.7342031431198,-11.2524758472367,51.787136122402));
#8343=CARTESIAN_POINT('',(29.7342031431198,-11.2524758472367,51.787136122402));
#8344=CARTESIAN_POINT('',(29.7342031431198,-11.2524758472367,51.787136122402));
#8345=CARTESIAN_POINT('',(29.7342031431198,-11.7296724441766,51.275));
#8346=CARTESIAN_POINT('',(29.7342031431198,-11.7296724441766,51.275));
#8347=CARTESIAN_POINT('',(29.7342031431198,-10.0296724441766,51.3));
#8348=CARTESIAN_POINT('',(29.7342031431198,-9.82969405547593,50.7412623143621));
#8349=CARTESIAN_POINT('',(29.7342031431198,-13.7796724441766,49.45));
#8350=CARTESIAN_POINT('',(29.7342031431198,-13.8605152775437,49.2134319626552));
#8351=CARTESIAN_POINT('',(29.7342031431198,-13.7796724441766,49.7));
#8352=CARTESIAN_POINT('',(29.7342031431198,-13.7796724441766,49.7));
#8353=CARTESIAN_POINT('',(29.3342031431198,-13.7796724441766,49.7));
#8354=CARTESIAN_POINT('',(29.3342031431198,-13.7796724441766,49.45));
#8355=CARTESIAN_POINT('',(29.3342031431198,-13.8605152775437,49.2134319626552));
#8356=CARTESIAN_POINT('',(29.7342031431198,-13.8605152775437,49.2134319626552));
#8357=CARTESIAN_POINT('',(29.7342031431198,-13.7796724441766,49.45));
#8358=CARTESIAN_POINT('',(29.7342031431198,-11.9560323776045,48.5626094954345));
#8359=CARTESIAN_POINT('',(29.7342031431198,-11.9560323776045,48.5626094954345));
#8360=CARTESIAN_POINT('',(29.3342031431198,-13.8605152775437,49.2134319626552));
#8361=CARTESIAN_POINT('',(29.3342031431198,-11.9560323776045,48.5626094954345));
#8362=CARTESIAN_POINT('',(29.7342031431198,-11.9560323776045,48.5626094954345));
#8363=CARTESIAN_POINT('',(29.7342031431198,-11.9560323776045,48.5626094954345));
#8364=CARTESIAN_POINT('',(29.7342031431198,-11.7296724441766,49.225));
#8365=CARTESIAN_POINT('',(29.7342031431198,-11.2524758472367,48.712863877598));
#8366=CARTESIAN_POINT('',(29.3342031431198,-11.7296724441766,49.2249999999999));
#8367=CARTESIAN_POINT('',(29.3342031431198,-11.2524758472367,48.712863877598));
#8368=CARTESIAN_POINT('',(29.7342031431198,-11.2524758472367,48.712863877598));
#8369=CARTESIAN_POINT('',(29.7342031431198,-11.7296724441766,49.2249999999999));
#8370=CARTESIAN_POINT('',(29.7342031431198,-10.7296724441766,49.2));
#8371=CARTESIAN_POINT('',(29.7342031431198,-10.7296724441766,49.2));
#8372=CARTESIAN_POINT('',(29.3342031431198,-11.2524758472367,48.712863877598));
#8373=CARTESIAN_POINT('',(29.3342031431198,-10.7296724441766,49.2));
#8374=CARTESIAN_POINT('',(29.7342031431198,-10.7296724441766,49.2));
#8375=CARTESIAN_POINT('',(29.7342031431198,-10.7296724441766,49.2));
#8376=CARTESIAN_POINT('',(29.7342031431198,-10.0296724441766,49.2));
#8377=CARTESIAN_POINT('',(29.7342031431198,-10.0296724441766,49.2));
#8378=CARTESIAN_POINT('',(29.3342031431198,-10.7296724441766,49.2));
#8379=CARTESIAN_POINT('',(29.3342031431198,-10.0296724441766,49.2));
#8380=CARTESIAN_POINT('',(29.7342031431198,-10.0296724441766,49.2));
#8381=CARTESIAN_POINT('',(29.7342031431198,-10.0296724441766,49.2));
#8382=CARTESIAN_POINT('',(29.3342031431198,-10.0296724441766,49.7));
#8383=CARTESIAN_POINT('',(29.3342031431198,-10.0296724441766,49.7));
#8384=CARTESIAN_POINT('',(29.3342031431198,-10.0296724441766,49.2));
#8385=CARTESIAN_POINT('',(29.3342031431198,-14.2292186068912,48.4665086016048));
#8386=CARTESIAN_POINT('',(29.7342031431198,-13.7796724441766,49.7));
#8387=CARTESIAN_POINT('',(29.7342031431198,-10.0296724441766,49.7));
#8388=CARTESIAN_POINT('',(29.3342031431198,-10.0296724441766,49.7));
#8389=CARTESIAN_POINT('',(29.7342031431198,-13.7796724441766,49.7));
#8390=CARTESIAN_POINT('',(29.7342031431198,-10.0296724441766,49.7));
#8391=CARTESIAN_POINT('',(29.7342031431198,-9.82969405547593,48.4665086016048));
#8392=CARTESIAN_POINT('',(32.0742031431198,-13.5796724441766,11.23));
#8393=CARTESIAN_POINT('',(32.4242031431198,-13.5796724441766,11.23));
#8394=CARTESIAN_POINT('',(31.6892031431198,-13.5796724441766,10.8489488223348));
#8395=CARTESIAN_POINT('',(32.0742031431198,-10.0296724441766,11.23));
#8396=CARTESIAN_POINT('',(32.4242031431198,-10.0296724441766,11.23));
#8397=CARTESIAN_POINT('',(32.0742031431198,-10.0296724441766,11.23));
#8398=CARTESIAN_POINT('',(32.0742031431198,-13.5796724441766,41.));
#8399=CARTESIAN_POINT('',(32.4242031431198,-13.5796724441766,41.));
#8400=CARTESIAN_POINT('',(31.6892031431198,-13.5796724441766,40.6189488223349));
#8401=CARTESIAN_POINT('',(32.0742031431198,-10.0296724441766,41.));
#8402=CARTESIAN_POINT('',(32.4242031431198,-10.0296724441766,41.));
#8403=CARTESIAN_POINT('',(32.0742031431198,-10.0296724441766,41.));
#8404=CARTESIAN_POINT('',(32.0742031431198,-13.5796724441766,38.71));
#8405=CARTESIAN_POINT('',(32.4242031431198,-13.5796724441766,38.71));
#8406=CARTESIAN_POINT('',(31.6892031431198,-13.5796724441766,38.3289488223348));
#8407=CARTESIAN_POINT('',(32.0742031431198,-10.0296724441766,38.71));
#8408=CARTESIAN_POINT('',(32.4242031431198,-10.0296724441766,38.71));
#8409=CARTESIAN_POINT('',(32.0742031431198,-10.0296724441766,38.71));
#8410=CARTESIAN_POINT('',(32.0742031431198,-13.5796724441766,36.42));
#8411=CARTESIAN_POINT('',(32.4242031431198,-13.5796724441766,36.42));
#8412=CARTESIAN_POINT('',(31.6892031431198,-13.5796724441766,36.0389488223348));
#8413=CARTESIAN_POINT('',(32.0742031431198,-10.0296724441766,36.42));
#8414=CARTESIAN_POINT('',(32.4242031431198,-10.0296724441766,36.42));
#8415=CARTESIAN_POINT('',(32.0742031431198,-10.0296724441766,36.42));
#8416=CARTESIAN_POINT('',(32.0742031431198,-13.5796724441766,34.13));
#8417=CARTESIAN_POINT('',(32.4242031431198,-13.5796724441766,34.13));
#8418=CARTESIAN_POINT('',(31.6892031431198,-13.5796724441766,33.7489488223348));
#8419=CARTESIAN_POINT('',(32.0742031431198,-10.0296724441766,34.13));
#8420=CARTESIAN_POINT('',(32.4242031431198,-10.0296724441766,34.13));
#8421=CARTESIAN_POINT('',(32.0742031431198,-10.0296724441766,34.13));
#8422=CARTESIAN_POINT('',(32.0742031431198,-13.5796724441766,31.84));
#8423=CARTESIAN_POINT('',(32.4242031431198,-13.5796724441766,31.84));
#8424=CARTESIAN_POINT('',(31.6892031431198,-13.5796724441766,31.4589488223348));
#8425=CARTESIAN_POINT('',(32.0742031431198,-10.0296724441766,31.84));
#8426=CARTESIAN_POINT('',(32.4242031431198,-10.0296724441766,31.84));
#8427=CARTESIAN_POINT('',(32.0742031431198,-10.0296724441766,31.84));
#8428=CARTESIAN_POINT('',(32.0742031431198,-13.5796724441766,29.55));
#8429=CARTESIAN_POINT('',(32.4242031431198,-13.5796724441766,29.55));
#8430=CARTESIAN_POINT('',(31.6892031431198,-13.5796724441766,29.1689488223348));
#8431=CARTESIAN_POINT('',(32.0742031431198,-10.0296724441766,29.55));
#8432=CARTESIAN_POINT('',(32.4242031431198,-10.0296724441766,29.55));
#8433=CARTESIAN_POINT('',(32.0742031431198,-10.0296724441766,29.55));
#8434=CARTESIAN_POINT('',(32.0742031431198,-13.5796724441766,27.26));
#8435=CARTESIAN_POINT('',(32.4242031431198,-13.5796724441766,27.26));
#8436=CARTESIAN_POINT('',(31.6892031431198,-13.5796724441766,26.8789488223348));
#8437=CARTESIAN_POINT('',(32.0742031431198,-10.0296724441766,27.26));
#8438=CARTESIAN_POINT('',(32.4242031431198,-10.0296724441766,27.26));
#8439=CARTESIAN_POINT('',(32.0742031431198,-10.0296724441766,27.26));
#8440=CARTESIAN_POINT('',(32.0742031431198,-13.5796724441766,24.97));
#8441=CARTESIAN_POINT('',(32.4242031431198,-13.5796724441766,24.97));
#8442=CARTESIAN_POINT('',(31.6892031431198,-13.5796724441766,24.5889488223348));
#8443=CARTESIAN_POINT('',(32.0742031431198,-10.0296724441766,24.97));
#8444=CARTESIAN_POINT('',(32.4242031431198,-10.0296724441766,24.97));
#8445=CARTESIAN_POINT('',(32.0742031431198,-10.0296724441766,24.97));
#8446=CARTESIAN_POINT('',(32.0742031431198,-13.5796724441766,22.68));
#8447=CARTESIAN_POINT('',(32.4242031431198,-13.5796724441766,22.68));
#8448=CARTESIAN_POINT('',(31.6892031431198,-13.5796724441766,22.2989488223349));
#8449=CARTESIAN_POINT('',(32.0742031431198,-10.0296724441766,22.68));
#8450=CARTESIAN_POINT('',(32.4242031431198,-10.0296724441766,22.68));
#8451=CARTESIAN_POINT('',(32.0742031431198,-10.0296724441766,22.68));
#8452=CARTESIAN_POINT('',(32.0742031431198,-13.5796724441766,20.39));
#8453=CARTESIAN_POINT('',(32.4242031431198,-13.5796724441766,20.39));
#8454=CARTESIAN_POINT('',(31.6892031431198,-13.5796724441766,20.0089488223348));
#8455=CARTESIAN_POINT('',(32.0742031431198,-10.0296724441766,20.39));
#8456=CARTESIAN_POINT('',(32.4242031431198,-10.0296724441766,20.39));
#8457=CARTESIAN_POINT('',(32.0742031431198,-10.0296724441766,20.39));
#8458=CARTESIAN_POINT('',(32.0742031431198,-13.5796724441766,18.1));
#8459=CARTESIAN_POINT('',(32.4242031431198,-13.5796724441766,18.1));
#8460=CARTESIAN_POINT('',(31.6892031431198,-13.5796724441766,17.7189488223348));
#8461=CARTESIAN_POINT('',(32.0742031431198,-10.0296724441766,18.1));
#8462=CARTESIAN_POINT('',(32.4242031431198,-10.0296724441766,18.1));
#8463=CARTESIAN_POINT('',(32.0742031431198,-10.0296724441766,18.1));
#8464=CARTESIAN_POINT('',(32.0742031431198,-13.5796724441766,15.81));
#8465=CARTESIAN_POINT('',(32.4242031431198,-13.5796724441766,15.81));
#8466=CARTESIAN_POINT('',(31.6892031431198,-13.5796724441766,15.4289488223348));
#8467=CARTESIAN_POINT('',(32.0742031431198,-10.0296724441766,15.81));
#8468=CARTESIAN_POINT('',(32.4242031431198,-10.0296724441766,15.81));
#8469=CARTESIAN_POINT('',(32.0742031431198,-10.0296724441766,15.81));
#8470=CARTESIAN_POINT('',(32.0742031431198,-13.5796724441766,13.52));
#8471=CARTESIAN_POINT('',(32.4242031431198,-13.5796724441766,13.52));
#8472=CARTESIAN_POINT('',(31.6892031431198,-13.5796724441766,13.1389488223348));
#8473=CARTESIAN_POINT('',(32.0742031431198,-10.0296724441766,13.52));
#8474=CARTESIAN_POINT('',(32.4242031431198,-10.0296724441766,13.52));
#8475=CARTESIAN_POINT('',(32.0742031431198,-10.0296724441766,13.52));
#8476=CARTESIAN_POINT('',(26.9942031431198,-13.5796724441766,43.29));
#8477=CARTESIAN_POINT('',(27.3442031431198,-13.5796724441766,43.29));
#8478=CARTESIAN_POINT('',(26.6092031431198,-13.5796724441766,42.9089488223349));
#8479=CARTESIAN_POINT('',(26.9942031431198,-10.0296724441766,43.29));
#8480=CARTESIAN_POINT('',(27.3442031431198,-10.0296724441766,43.29));
#8481=CARTESIAN_POINT('',(26.9942031431198,-10.0296724441766,43.29));
#8482=CARTESIAN_POINT('',(26.9942031431198,-13.5796724441766,41.));
#8483=CARTESIAN_POINT('',(27.3442031431198,-13.5796724441766,41.));
#8484=CARTESIAN_POINT('',(26.6092031431198,-13.5796724441766,40.6189488223349));
#8485=CARTESIAN_POINT('',(26.9942031431198,-10.0296724441766,41.));
#8486=CARTESIAN_POINT('',(27.3442031431198,-10.0296724441766,41.));
#8487=CARTESIAN_POINT('',(26.9942031431198,-10.0296724441766,41.));
#8488=CARTESIAN_POINT('',(26.9942031431198,-13.5796724441766,38.71));
#8489=CARTESIAN_POINT('',(27.3442031431198,-13.5796724441766,38.71));
#8490=CARTESIAN_POINT('',(26.6092031431198,-13.5796724441766,38.3289488223349));
#8491=CARTESIAN_POINT('',(26.9942031431198,-10.0296724441766,38.71));
#8492=CARTESIAN_POINT('',(27.3442031431198,-10.0296724441766,38.71));
#8493=CARTESIAN_POINT('',(26.9942031431198,-10.0296724441766,38.71));
#8494=CARTESIAN_POINT('',(26.9942031431198,-13.5796724441766,36.42));
#8495=CARTESIAN_POINT('',(27.3442031431198,-13.5796724441766,36.42));
#8496=CARTESIAN_POINT('',(26.6092031431198,-13.5796724441766,36.0389488223349));
#8497=CARTESIAN_POINT('',(26.9942031431198,-10.0296724441766,36.42));
#8498=CARTESIAN_POINT('',(27.3442031431198,-10.0296724441766,36.42));
#8499=CARTESIAN_POINT('',(26.9942031431198,-10.0296724441766,36.42));
#8500=CARTESIAN_POINT('',(26.9942031431198,-13.5796724441766,34.13));
#8501=CARTESIAN_POINT('',(27.3442031431198,-13.5796724441766,34.13));
#8502=CARTESIAN_POINT('',(26.6092031431198,-13.5796724441766,33.7489488223349));
#8503=CARTESIAN_POINT('',(26.9942031431198,-10.0296724441766,34.13));
#8504=CARTESIAN_POINT('',(27.3442031431198,-10.0296724441766,34.13));
#8505=CARTESIAN_POINT('',(26.9942031431198,-10.0296724441766,34.13));
#8506=CARTESIAN_POINT('',(26.9942031431198,-13.5796724441766,31.84));
#8507=CARTESIAN_POINT('',(27.3442031431198,-13.5796724441766,31.84));
#8508=CARTESIAN_POINT('',(26.6092031431198,-13.5796724441766,31.4589488223349));
#8509=CARTESIAN_POINT('',(26.9942031431198,-10.0296724441766,31.84));
#8510=CARTESIAN_POINT('',(27.3442031431198,-10.0296724441766,31.84));
#8511=CARTESIAN_POINT('',(26.9942031431198,-10.0296724441766,31.84));
#8512=CARTESIAN_POINT('',(26.9942031431198,-13.5796724441766,29.55));
#8513=CARTESIAN_POINT('',(27.3442031431198,-13.5796724441766,29.55));
#8514=CARTESIAN_POINT('',(26.6092031431198,-13.5796724441766,29.1689488223349));
#8515=CARTESIAN_POINT('',(26.9942031431198,-10.0296724441766,29.55));
#8516=CARTESIAN_POINT('',(27.3442031431198,-10.0296724441766,29.55));
#8517=CARTESIAN_POINT('',(26.9942031431198,-10.0296724441766,29.55));
#8518=CARTESIAN_POINT('',(26.9942031431198,-13.5796724441766,27.26));
#8519=CARTESIAN_POINT('',(27.3442031431198,-13.5796724441766,27.26));
#8520=CARTESIAN_POINT('',(26.6092031431198,-13.5796724441766,26.8789488223349));
#8521=CARTESIAN_POINT('',(26.9942031431198,-10.0296724441766,27.26));
#8522=CARTESIAN_POINT('',(27.3442031431198,-10.0296724441766,27.26));
#8523=CARTESIAN_POINT('',(26.9942031431198,-10.0296724441766,27.26));
#8524=CARTESIAN_POINT('',(26.9942031431198,-13.5796724441766,24.97));
#8525=CARTESIAN_POINT('',(27.3442031431198,-13.5796724441766,24.97));
#8526=CARTESIAN_POINT('',(26.6092031431198,-13.5796724441766,24.5889488223349));
#8527=CARTESIAN_POINT('',(26.9942031431198,-10.0296724441766,24.97));
#8528=CARTESIAN_POINT('',(27.3442031431198,-10.0296724441766,24.97));
#8529=CARTESIAN_POINT('',(26.9942031431198,-10.0296724441766,24.97));
#8530=CARTESIAN_POINT('',(26.9942031431198,-13.5796724441766,22.68));
#8531=CARTESIAN_POINT('',(27.3442031431198,-13.5796724441766,22.68));
#8532=CARTESIAN_POINT('',(26.6092031431198,-13.5796724441766,22.2989488223349));
#8533=CARTESIAN_POINT('',(26.9942031431198,-10.0296724441766,22.68));
#8534=CARTESIAN_POINT('',(27.3442031431198,-10.0296724441766,22.68));
#8535=CARTESIAN_POINT('',(26.9942031431198,-10.0296724441766,22.68));
#8536=CARTESIAN_POINT('',(26.9942031431198,-13.5796724441766,20.39));
#8537=CARTESIAN_POINT('',(27.3442031431198,-13.5796724441766,20.39));
#8538=CARTESIAN_POINT('',(26.6092031431198,-13.5796724441766,20.0089488223349));
#8539=CARTESIAN_POINT('',(26.9942031431198,-10.0296724441766,20.39));
#8540=CARTESIAN_POINT('',(27.3442031431198,-10.0296724441766,20.39));
#8541=CARTESIAN_POINT('',(26.9942031431198,-10.0296724441766,20.39));
#8542=CARTESIAN_POINT('',(26.9942031431198,-13.5796724441766,18.1));
#8543=CARTESIAN_POINT('',(27.3442031431198,-13.5796724441766,18.1));
#8544=CARTESIAN_POINT('',(26.6092031431198,-13.5796724441766,17.7189488223349));
#8545=CARTESIAN_POINT('',(26.9942031431198,-10.0296724441766,18.1));
#8546=CARTESIAN_POINT('',(27.3442031431198,-10.0296724441766,18.1));
#8547=CARTESIAN_POINT('',(26.9942031431198,-10.0296724441766,18.1));
#8548=CARTESIAN_POINT('',(26.9942031431198,-13.5796724441766,15.81));
#8549=CARTESIAN_POINT('',(27.3442031431198,-13.5796724441766,15.81));
#8550=CARTESIAN_POINT('',(26.6092031431198,-13.5796724441766,15.4289488223349));
#8551=CARTESIAN_POINT('',(26.9942031431198,-10.0296724441766,15.81));
#8552=CARTESIAN_POINT('',(27.3442031431198,-10.0296724441766,15.81));
#8553=CARTESIAN_POINT('',(26.9942031431198,-10.0296724441766,15.81));
#8554=CARTESIAN_POINT('',(26.9942031431198,-13.5796724441766,13.52));
#8555=CARTESIAN_POINT('',(27.3442031431198,-13.5796724441766,13.52));
#8556=CARTESIAN_POINT('',(26.6092031431198,-13.5796724441766,13.1389488223349));
#8557=CARTESIAN_POINT('',(26.9942031431198,-10.0296724441766,13.52));
#8558=CARTESIAN_POINT('',(27.3442031431198,-10.0296724441766,13.52));
#8559=CARTESIAN_POINT('',(26.9942031431198,-10.0296724441766,13.52));
#8560=CARTESIAN_POINT('',(40.9642031431198,2.90032755583632,1.));
#8561=CARTESIAN_POINT('',(40.9642031431198,2.90032755583632,1.));
#8562=CARTESIAN_POINT('',(37.5642031431198,2.90032755583525,1.));
#8563=CARTESIAN_POINT('',(37.5642031431198,2.90032755583525,1.));
#8564=CARTESIAN_POINT('',(37.5642031431198,2.90032755583525,52.5));
#8565=CARTESIAN_POINT('',(37.5642031431198,2.90032755583525,52.5));
#8566=CARTESIAN_POINT('',(40.9642031431198,2.90032755583632,52.5));
#8567=CARTESIAN_POINT('',(40.9642031431198,2.90032755583632,1.));
#8568=CARTESIAN_POINT('',(40.9642031431198,2.90032755583632,0.));
#8569=CARTESIAN_POINT('',(45.9642031431198,-1.47967244417662,51.5490381056767));
#8570=CARTESIAN_POINT('',(45.9642031431198,-1.47967244417662,51.5490381056766));
#8571=CARTESIAN_POINT('',(45.9642031431198,-1.47967244417662,48.9509618943233));
#8572=CARTESIAN_POINT('',(40.9642031431198,-1.47967244417661,48.9509618943233));
#8573=CARTESIAN_POINT('',(40.9642031431198,-1.47967244417661,48.9509618943233));
#8574=CARTESIAN_POINT('',(40.9642031431198,-1.47967244417661,51.5490381056766));
#8575=CARTESIAN_POINT('',(40.9642031431198,-1.47967244417661,51.5490381056766));
#8576=CARTESIAN_POINT('',(40.9642031431198,-1.47967244417661,51.5490381056767));
#8577=CARTESIAN_POINT('',(40.4352031431198,-1.47967244417661,48.9509618943233));
#8578=CARTESIAN_POINT('',(45.9642031431198,-3.72967244417662,52.8480762113533));
#8579=CARTESIAN_POINT('',(45.9642031431198,-3.72967244417662,52.8480762113533));
#8580=CARTESIAN_POINT('',(40.9642031431198,-3.72967244417661,52.8480762113533));
#8581=CARTESIAN_POINT('',(40.9642031431198,-3.72967244417661,52.8480762113533));
#8582=CARTESIAN_POINT('',(40.9642031431198,-3.72967244417661,52.8480762113533));
#8583=CARTESIAN_POINT('',(40.4352031431198,-1.47967244417661,51.5490381056766));
#8584=CARTESIAN_POINT('',(45.9642031431198,-5.97967244417662,51.5490381056767));
#8585=CARTESIAN_POINT('',(45.9642031431198,-5.97967244417662,51.5490381056767));
#8586=CARTESIAN_POINT('',(40.9642031431198,-5.97967244417661,51.5490381056767));
#8587=CARTESIAN_POINT('',(40.9642031431198,-5.97967244417661,51.5490381056767));
#8588=CARTESIAN_POINT('',(40.9642031431198,-5.97967244417661,51.5490381056767));
#8589=CARTESIAN_POINT('',(40.4352031431198,-3.72967244417661,52.8480762113533));
#8590=CARTESIAN_POINT('',(45.9642031431198,-5.97967244417662,48.9509618943233));
#8591=CARTESIAN_POINT('',(45.9642031431198,-5.97967244417662,48.9509618943233));
#8592=CARTESIAN_POINT('',(40.9642031431198,-5.97967244417661,48.9509618943233));
#8593=CARTESIAN_POINT('',(40.9642031431198,-5.97967244417661,48.9509618943233));
#8594=CARTESIAN_POINT('',(40.9642031431198,-5.97967244417661,48.9509618943233));
#8595=CARTESIAN_POINT('',(40.4352031431198,-5.97967244417661,51.5490381056767));
#8596=CARTESIAN_POINT('',(45.9642031431198,-3.72967244417661,47.6519237886467));
#8597=CARTESIAN_POINT('',(45.9642031431198,-3.72967244417661,47.6519237886467));
#8598=CARTESIAN_POINT('',(40.9642031431198,-3.72967244417661,47.6519237886467));
#8599=CARTESIAN_POINT('',(40.9642031431198,-3.72967244417661,47.6519237886467));
#8600=CARTESIAN_POINT('',(45.9642031431198,-3.72967244417661,47.6519237886467));
#8601=CARTESIAN_POINT('',(40.4352031431198,-5.97967244417661,48.9509618943233));
#8602=CARTESIAN_POINT('',(45.9642031431198,-1.47967244417662,48.9509618943233));
#8603=CARTESIAN_POINT('',(40.9642031431198,-1.47967244417661,48.9509618943233));
#8604=CARTESIAN_POINT('',(40.4352031431198,-3.72967244417661,47.6519237886467));
#8605=CARTESIAN_POINT('',(45.9642031431198,-3.72967244417661,50.25));
#8606=CARTESIAN_POINT('',(45.9642031431198,-3.72967244417661,48.95));
#8607=CARTESIAN_POINT('',(45.9642031431198,-6.20467244417662,53.1078838324886));
#8608=CARTESIAN_POINT('',(35.6742031431198,-3.72967244417661,50.25));
#8609=CARTESIAN_POINT('',(35.6742031431198,-3.72967244417659,48.95));
#8610=CARTESIAN_POINT('',(33.8642031431198,-3.72967244417663,50.2499999999999));
#8611=CARTESIAN_POINT('',(35.6742031431198,0.520327555829559,46.95));
#8612=CARTESIAN_POINT('',(35.6742031431198,0.52032755582337,46.95));
#8613=CARTESIAN_POINT('',(35.6742031431198,-8.02967244417663,46.95));
#8614=CARTESIAN_POINT('',(35.6742031431198,-8.02967244417663,53.5));
#8615=CARTESIAN_POINT('',(35.6742031431198,-8.02967244417663,53.5));
#8616=CARTESIAN_POINT('',(35.6742031431198,0.52032755582337,53.5));
#8617=CARTESIAN_POINT('',(35.6742031431198,0.52032755582337,53.5));
#8618=CARTESIAN_POINT('',(35.6742031431198,0.52032755582337,46.95));
#8619=CARTESIAN_POINT('',(35.6742031431198,0.62032755582337,42.245));
#8620=CARTESIAN_POINT('',(35.6742031431198,-8.02967244417663,46.95));
#8621=CARTESIAN_POINT('',(24.5642031431198,-8.02967244417663,46.95));
#8622=CARTESIAN_POINT('',(24.5642031431198,-8.02967244417663,46.95));
#8623=CARTESIAN_POINT('',(24.5642031431198,-8.02967244417663,53.5));
#8624=CARTESIAN_POINT('',(24.5642031431198,-8.02967244417663,53.5));
#8625=CARTESIAN_POINT('',(35.7742031431198,-8.02967244417663,42.245));
#8626=CARTESIAN_POINT('',(24.5642031431198,0.520327555828634,46.95));
#8627=CARTESIAN_POINT('',(24.5642031431198,0.520327555828634,46.95));
#8628=CARTESIAN_POINT('',(24.5642031431198,0.520327555828634,46.95));
#8629=CARTESIAN_POINT('',(24.4642031431198,-8.55717244417694,46.95));
#8630=CARTESIAN_POINT('',(45.9642031431198,-5.97967244417661,4.54903810567667));
#8631=CARTESIAN_POINT('',(45.9642031431198,-5.97967244417661,4.54903810567666));
#8632=CARTESIAN_POINT('',(45.9642031431198,-3.72967244417661,5.84807621135331));
#8633=CARTESIAN_POINT('',(40.9642031431198,-3.7296724441766,5.84807621135332));
#8634=CARTESIAN_POINT('',(40.9642031431198,-3.7296724441766,5.84807621135331));
#8635=CARTESIAN_POINT('',(40.9642031431198,-5.9796724441766,4.54903810567666));
#8636=CARTESIAN_POINT('',(40.9642031431198,-5.9796724441766,4.54903810567666));
#8637=CARTESIAN_POINT('',(40.9642031431198,-5.9796724441766,4.54903810567667));
#8638=CARTESIAN_POINT('',(40.4352031431198,-3.7296724441766,5.84807621135331));
#8639=CARTESIAN_POINT('',(45.9642031431198,-5.97967244417661,1.95096189432335));
#8640=CARTESIAN_POINT('',(45.9642031431198,-5.97967244417661,1.95096189432334));
#8641=CARTESIAN_POINT('',(40.9642031431198,-5.9796724441766,1.95096189432334));
#8642=CARTESIAN_POINT('',(40.9642031431198,-5.9796724441766,1.95096189432334));
#8643=CARTESIAN_POINT('',(40.9642031431198,-5.9796724441766,1.95096189432335));
#8644=CARTESIAN_POINT('',(40.4352031431198,-5.9796724441766,4.54903810567666));
#8645=CARTESIAN_POINT('',(45.9642031431198,-3.7296724441766,0.651923788646688));
#8646=CARTESIAN_POINT('',(45.9642031431198,-3.7296724441766,0.651923788646683));
#8647=CARTESIAN_POINT('',(40.9642031431198,-3.7296724441766,0.651923788646683));
#8648=CARTESIAN_POINT('',(40.9642031431198,-3.7296724441766,0.651923788646683));
#8649=CARTESIAN_POINT('',(45.9642031431198,-3.7296724441766,0.651923788646688));
#8650=CARTESIAN_POINT('',(40.4352031431198,-5.9796724441766,1.95096189432334));
#8651=CARTESIAN_POINT('',(45.9642031431198,-1.47967244417661,1.95096189432334));
#8652=CARTESIAN_POINT('',(45.9642031431198,-1.47967244417661,1.95096189432334));
#8653=CARTESIAN_POINT('',(40.9642031431198,-1.4796724441766,1.95096189432334));
#8654=CARTESIAN_POINT('',(40.9642031431198,-1.4796724441766,1.95096189432334));
#8655=CARTESIAN_POINT('',(40.9642031431198,-1.4796724441766,1.95096189432334));
#8656=CARTESIAN_POINT('',(40.4352031431198,-3.7296724441766,0.651923788646683));
#8657=CARTESIAN_POINT('',(45.9642031431198,-1.47967244417661,4.54903810567665));
#8658=CARTESIAN_POINT('',(45.9642031431198,-1.47967244417661,4.54903810567665));
#8659=CARTESIAN_POINT('',(40.9642031431198,-1.4796724441766,4.54903810567665));
#8660=CARTESIAN_POINT('',(40.9642031431198,-1.4796724441766,4.54903810567665));
#8661=CARTESIAN_POINT('',(40.9642031431198,-1.4796724441766,4.54903810567665));
#8662=CARTESIAN_POINT('',(40.4352031431198,-1.4796724441766,1.95096189432334));
#8663=CARTESIAN_POINT('',(45.9642031431198,-3.72967244417661,5.84807621135332));
#8664=CARTESIAN_POINT('',(40.9642031431198,-3.7296724441766,5.84807621135331));
#8665=CARTESIAN_POINT('',(40.4352031431198,-1.4796724441766,4.54903810567665));
#8666=CARTESIAN_POINT('',(45.9642031431198,-3.72967244417661,3.25000000000001));
#8667=CARTESIAN_POINT('',(45.9642031431198,-3.7296724441766,1.95000000000001));
#8668=CARTESIAN_POINT('',(45.9642031431198,-6.20467244417661,6.10788383248865));
#8669=CARTESIAN_POINT('',(35.6742031431198,-3.7296724441766,3.25000000000002));
#8670=CARTESIAN_POINT('',(35.6742031431198,-3.72967244417659,1.95000000000002));
#8671=CARTESIAN_POINT('',(33.8642031431198,-3.72967244417661,3.24999999999994));
#8672=CARTESIAN_POINT('',(35.6742031431198,-8.02967244417663,6.54999999999999));
#8673=CARTESIAN_POINT('',(35.6742031431198,-8.02967244417663,6.54999999999999));
#8674=CARTESIAN_POINT('',(35.6742031431198,0.52032755582337,6.54999999999999));
#8675=CARTESIAN_POINT('',(35.6742031431198,0.52032755582337,0.));
#8676=CARTESIAN_POINT('',(35.6742031431198,0.52032755582337,0.));
#8677=CARTESIAN_POINT('',(35.6742031431198,-8.02967244417663,0.));
#8678=CARTESIAN_POINT('',(35.6742031431198,-8.02967244417663,0.));
#8679=CARTESIAN_POINT('',(35.6742031431198,-8.02967244417663,6.55));
#8680=CARTESIAN_POINT('',(35.6742031431198,0.62032755582337,-0.1));
#8681=CARTESIAN_POINT('',(35.6742031431198,-8.02967244417663,0.));
#8682=CARTESIAN_POINT('',(24.5642031431199,-8.02967244417663,-8.67361737988404E-016));
#8683=CARTESIAN_POINT('',(24.5642031431199,-8.02967244417663,-8.67361737988404E-016));
#8684=CARTESIAN_POINT('',(24.5642031431199,-8.02967244417663,6.54999999999999));
#8685=CARTESIAN_POINT('',(24.5642031431199,-8.02967244417663,6.54999999999999));
#8686=CARTESIAN_POINT('',(35.7742031431198,-8.02967244417663,-0.100000000000001));
#8687=CARTESIAN_POINT('',(24.5642031431199,-8.02967244417663,6.54999999999999));
#8688=CARTESIAN_POINT('',(24.5642031431198,0.520327555828634,6.54999999999999));
#8689=CARTESIAN_POINT('',(35.6742031431198,0.520327555829559,6.54999999999999));
#8690=CARTESIAN_POINT('',(24.4642031431198,1.04782755582987,6.54999999999999));
#8691=CARTESIAN_POINT('',(24.5642031431198,0.520327555828634,6.54999999999999));
#8692=CARTESIAN_POINT('',(37.5642031431198,0.52032755582337,53.5));
#8693=CARTESIAN_POINT('',(37.5642031431198,0.52032755582337,53.5));
#8694=CARTESIAN_POINT('',(37.5642031431198,0.52032755582337,0.));
#8695=CARTESIAN_POINT('',(37.5642031431198,0.52032755582337,0.));
#8696=CARTESIAN_POINT('',(35.6742031431198,0.52032755582337,0.));
#8697=CARTESIAN_POINT('',(37.7642031431198,0.520327555824655,-0.2));
#8698=CARTESIAN_POINT('',(37.56420314312,1.90032755583525,1.));
#8699=CARTESIAN_POINT('',(37.5642031431198,1.90032755583525,0.));
#8700=CARTESIAN_POINT('',(37.5642031431198,1.90032755583525,0.));
#8701=CARTESIAN_POINT('',(37.5642031431198,0.52032755582337,53.5));
#8702=CARTESIAN_POINT('',(37.5642031431198,1.90032755583525,53.5));
#8703=CARTESIAN_POINT('',(37.56420314312,1.90032755583524,52.5));
#8704=CARTESIAN_POINT('',(37.5642031431198,2.90032755583525,0.));
#8705=CARTESIAN_POINT('',(40.9642031431198,1.90032755583632,53.5));
#8706=CARTESIAN_POINT('',(40.9642031431198,1.90032755583632,53.5));
#8707=CARTESIAN_POINT('',(40.9642031431201,1.90032755583634,52.5));
#8708=CARTESIAN_POINT('',(37.5642031431199,1.90032755583538,52.4999999999999));
#8709=CARTESIAN_POINT('',(24.5642031431198,-8.02967244417663,53.5));
#8710=CARTESIAN_POINT('',(24.5642031431198,-9.02967244417663,53.5));
#8711=CARTESIAN_POINT('',(24.5642031431198,-9.02967244417663,53.5));
#8712=CARTESIAN_POINT('',(40.9642031431198,-9.02967244417663,53.5));
#8713=CARTESIAN_POINT('',(40.9642031431198,1.90032755583632,53.5));
#8714=CARTESIAN_POINT('',(24.4642031431198,-10.7761724441773,53.5));
#8715=CARTESIAN_POINT('',(40.9642031431198,-9.02967244417662,52.5));
#8716=CARTESIAN_POINT('',(40.9642031431198,-10.0296724441766,52.5));
#8717=CARTESIAN_POINT('',(24.5642031431198,-9.02967244417662,52.5));
#8718=CARTESIAN_POINT('',(24.5642031431199,-10.0296724441766,52.5));
#8719=CARTESIAN_POINT('',(40.9642031431198,-10.0296724441766,52.5));
#8720=CARTESIAN_POINT('',(40.9642031431198,-9.02967244417652,52.5));
#8721=CARTESIAN_POINT('',(24.5642031431199,-10.0296724441766,1.));
#8722=CARTESIAN_POINT('',(24.5642031431199,-10.0296724441766,1.));
#8723=CARTESIAN_POINT('',(40.9642031431198,-10.0296724441766,1.));
#8724=CARTESIAN_POINT('',(40.9642031431198,-10.0296724441766,1.));
#8725=CARTESIAN_POINT('',(24.5642031431198,-10.0296724441766,52.5));
#8726=CARTESIAN_POINT('',(24.4642031431198,-10.0296724441766,-0.100000000000001));
#8727=CARTESIAN_POINT('',(24.5642031431199,-9.02967244417663,1.));
#8728=CARTESIAN_POINT('',(24.5642031431199,-9.02967244417663,0.));
#8729=CARTESIAN_POINT('',(24.5642031431199,-9.02967244417663,0.));
#8730=CARTESIAN_POINT('',(24.5642031431198,-10.5571724441769,56.175));
#8731=CARTESIAN_POINT('',(40.9642031431198,-9.02967244417663,0.));
#8732=CARTESIAN_POINT('',(40.9642031431198,-9.02967244417663,0.));
#8733=CARTESIAN_POINT('',(40.9642031431198,-9.02967244417663,1.));
#8734=CARTESIAN_POINT('',(24.5642031431199,-9.02967244417664,1.00000000000004));
#8735=CARTESIAN_POINT('',(37.5642031431198,1.90032755583525,0.));
#8736=CARTESIAN_POINT('',(40.9642031431198,1.90032755583632,0.));
#8737=CARTESIAN_POINT('',(40.9642031431198,-9.02967244417663,0.));
#8738=CARTESIAN_POINT('',(24.4642031431199,3.64682755583697,0.));
#8739=CARTESIAN_POINT('',(40.9642031431201,1.90032755583632,1.));
#8740=CARTESIAN_POINT('',(40.9642031431202,1.9003275558362,0.999999999999866));
#8741=CARTESIAN_POINT('',(40.9642031431198,-7.74467244417657,10.5799105517312));
#8742=CARTESIAN_POINT('',(40.9642031431198,-7.74467244417657,10.5799105517312));
#8743=CARTESIAN_POINT('',(40.9642031431198,-7.74467244417657,42.9200894482688));
#8744=CARTESIAN_POINT('',(40.9642031431198,-5.1246724441766,42.9200894482688));
#8745=CARTESIAN_POINT('',(40.9642031431198,-5.57963066966395,45.5002857611607));
#8746=CARTESIAN_POINT('',(40.9642031431198,-5.57963066966395,45.5002857611607));
#8747=CARTESIAN_POINT('',(40.9642031431198,-2.78963066966401,45.9922380373374));
#8748=CARTESIAN_POINT('',(40.9642031431198,-2.33467244417661,43.4120417244454));
#8749=CARTESIAN_POINT('',(40.9642031431198,0.285327555823375,43.4120417244454));
#8750=CARTESIAN_POINT('',(40.9642031431198,0.285327555823375,43.4120417244454));
#8751=CARTESIAN_POINT('',(40.9642031431198,0.285327555823268,10.0879582755546));
#8752=CARTESIAN_POINT('',(40.9642031431198,-2.33467244417674,10.0879582755546));
#8753=CARTESIAN_POINT('',(40.9642031431198,-2.78963066966413,7.50776196266263));
#8754=CARTESIAN_POINT('',(40.9642031431198,-2.78963066966413,7.50776196266263));
#8755=CARTESIAN_POINT('',(40.9642031431198,-5.57963066966398,7.99971423883925));
#8756=CARTESIAN_POINT('',(40.9642031431198,-5.12467244417657,10.5799105517312));
#8757=CARTESIAN_POINT('',(40.9642031431198,-10.0296724441766,0.));
#8758=CARTESIAN_POINT('',(46.3642031431198,-2.78963066966413,7.50776196266263));
#8759=CARTESIAN_POINT('',(46.3642031431198,-2.78963066966413,7.50776196266263));
#8760=CARTESIAN_POINT('',(46.3642031431198,-5.57963066966398,7.99971423883927));
#8761=CARTESIAN_POINT('',(40.9642031431198,-5.57963066966398,7.99971423883925));
#8762=CARTESIAN_POINT('',(40.9642031431198,-2.78963066966413,7.50776196266263));
#8763=CARTESIAN_POINT('',(40.9642031431198,-5.57963066966397,7.99971423883927));
#8764=CARTESIAN_POINT('',(46.3642031431198,-2.33467244417675,10.0879582755546));
#8765=CARTESIAN_POINT('',(46.3642031431198,0.285327555823265,10.0879582755546));
#8766=CARTESIAN_POINT('',(40.9642031431198,0.285327555823268,10.0879582755546));
#8767=CARTESIAN_POINT('',(40.9642031431198,-2.33467244417675,10.0879582755546));
#8768=CARTESIAN_POINT('',(46.3642031431198,0.285327555823372,43.4120417244454));
#8769=CARTESIAN_POINT('',(46.3642031431198,0.285327555823371,43.4120417244454));
#8770=CARTESIAN_POINT('',(40.9642031431198,0.285327555823375,43.4120417244454));
#8771=CARTESIAN_POINT('',(40.9642031431198,0.285327555823268,10.0879582755546));
#8772=CARTESIAN_POINT('',(46.3642031431198,-2.3346724441766,43.4120417244454));
#8773=CARTESIAN_POINT('',(46.3642031431198,-2.78963066966401,45.9922380373374));
#8774=CARTESIAN_POINT('',(40.9642031431198,-2.78963066966401,45.9922380373374));
#8775=CARTESIAN_POINT('',(40.9642031431198,-2.3346724441766,43.4120417244454));
#8776=CARTESIAN_POINT('',(46.3642031431198,-5.57963066966396,45.5002857611607));
#8777=CARTESIAN_POINT('',(46.3642031431198,-5.57963066966396,45.5002857611607));
#8778=CARTESIAN_POINT('',(40.9642031431198,-5.57963066966395,45.5002857611607));
#8779=CARTESIAN_POINT('',(40.9642031431198,-2.78963066966401,45.9922380373374));
#8780=CARTESIAN_POINT('',(46.3642031431198,-5.12467244417662,42.9200894482688));
#8781=CARTESIAN_POINT('',(46.3642031431198,-7.74467244417658,42.9200894482688));
#8782=CARTESIAN_POINT('',(40.9642031431198,-7.74467244417657,42.9200894482688));
#8783=CARTESIAN_POINT('',(40.9642031431198,-5.12467244417661,42.9200894482688));
#8784=CARTESIAN_POINT('',(46.3642031431198,-7.74467244417658,10.5799105517313));
#8785=CARTESIAN_POINT('',(46.3642031431198,-7.74467244417658,10.5799105517313));
#8786=CARTESIAN_POINT('',(46.3642031431198,-7.74467244417658,10.5799105517313));
#8787=CARTESIAN_POINT('',(40.9642031431198,-7.74467244417657,42.9200894482688));
#8788=CARTESIAN_POINT('',(45.8642031431198,-3.72967244417662,12.37));
#8789=CARTESIAN_POINT('',(45.8642031431198,-3.07967244417662,12.37));
#8790=CARTESIAN_POINT('',(45.8642031431198,-4.44467244417662,13.0776664728067));
#8791=CARTESIAN_POINT('',(46.8642031431198,-3.72967244417662,12.37));
#8792=CARTESIAN_POINT('',(46.8642031431198,-3.07967244417662,12.37));
#8793=CARTESIAN_POINT('',(46.8642031431198,-3.72967244417663,12.37));
#8794=CARTESIAN_POINT('',(45.8642031431198,-3.72967244417662,14.66));
#8795=CARTESIAN_POINT('',(45.8642031431198,-3.07967244417662,14.66));
#8796=CARTESIAN_POINT('',(45.8642031431198,-4.44467244417662,15.3676664728067));
#8797=CARTESIAN_POINT('',(46.8642031431198,-3.72967244417662,14.66));
#8798=CARTESIAN_POINT('',(46.8642031431198,-3.07967244417662,14.66));
#8799=CARTESIAN_POINT('',(46.8642031431198,-3.72967244417662,14.66));
#8800=CARTESIAN_POINT('',(45.8642031431198,-3.72967244417662,16.95));
#8801=CARTESIAN_POINT('',(45.8642031431198,-3.07967244417662,16.95));
#8802=CARTESIAN_POINT('',(45.8642031431198,-4.44467244417662,17.6576664728067));
#8803=CARTESIAN_POINT('',(46.8642031431198,-3.72967244417662,16.95));
#8804=CARTESIAN_POINT('',(46.8642031431198,-3.07967244417662,16.95));
#8805=CARTESIAN_POINT('',(46.8642031431198,-3.72967244417662,16.95));
#8806=CARTESIAN_POINT('',(45.8642031431198,-3.72967244417663,19.24));
#8807=CARTESIAN_POINT('',(45.8642031431198,-3.07967244417662,19.24));
#8808=CARTESIAN_POINT('',(45.8642031431198,-4.44467244417662,19.9476664728067));
#8809=CARTESIAN_POINT('',(46.8642031431198,-3.72967244417663,19.24));
#8810=CARTESIAN_POINT('',(46.8642031431198,-3.07967244417662,19.24));
#8811=CARTESIAN_POINT('',(46.8642031431198,-3.72967244417663,19.24));
#8812=CARTESIAN_POINT('',(45.8642031431198,-3.72967244417662,21.53));
#8813=CARTESIAN_POINT('',(45.8642031431198,-3.07967244417662,21.53));
#8814=CARTESIAN_POINT('',(45.8642031431198,-4.44467244417662,22.2376664728067));
#8815=CARTESIAN_POINT('',(46.8642031431198,-3.72967244417662,21.53));
#8816=CARTESIAN_POINT('',(46.8642031431198,-3.07967244417662,21.53));
#8817=CARTESIAN_POINT('',(46.8642031431198,-3.72967244417662,21.53));
#8818=CARTESIAN_POINT('',(45.8642031431198,-3.72967244417663,23.82));
#8819=CARTESIAN_POINT('',(45.8642031431198,-3.07967244417662,23.82));
#8820=CARTESIAN_POINT('',(45.8642031431198,-4.44467244417662,24.5276664728067));
#8821=CARTESIAN_POINT('',(46.8642031431198,-3.72967244417663,23.82));
#8822=CARTESIAN_POINT('',(46.8642031431198,-3.07967244417662,23.82));
#8823=CARTESIAN_POINT('',(46.8642031431198,-3.72967244417662,23.82));
#8824=CARTESIAN_POINT('',(45.8642031431198,-3.72967244417662,26.11));
#8825=CARTESIAN_POINT('',(45.8642031431198,-3.07967244417662,26.11));
#8826=CARTESIAN_POINT('',(45.8642031431198,-4.44467244417662,26.8176664728067));
#8827=CARTESIAN_POINT('',(46.8642031431198,-3.72967244417662,26.11));
#8828=CARTESIAN_POINT('',(46.8642031431198,-3.07967244417662,26.11));
#8829=CARTESIAN_POINT('',(46.8642031431198,-3.72967244417662,26.11));
#8830=CARTESIAN_POINT('',(45.8642031431198,-3.72967244417663,28.4));
#8831=CARTESIAN_POINT('',(45.8642031431198,-3.07967244417662,28.4));
#8832=CARTESIAN_POINT('',(45.8642031431198,-4.44467244417662,29.1076664728067));
#8833=CARTESIAN_POINT('',(46.8642031431198,-3.72967244417663,28.4));
#8834=CARTESIAN_POINT('',(46.8642031431198,-3.07967244417662,28.4));
#8835=CARTESIAN_POINT('',(46.8642031431198,-3.72967244417662,28.4));
#8836=CARTESIAN_POINT('',(45.8642031431198,-3.72967244417662,30.69));
#8837=CARTESIAN_POINT('',(45.8642031431198,-3.07967244417662,30.69));
#8838=CARTESIAN_POINT('',(45.8642031431198,-4.44467244417662,31.3976664728067));
#8839=CARTESIAN_POINT('',(46.8642031431198,-3.72967244417662,30.69));
#8840=CARTESIAN_POINT('',(46.8642031431198,-3.07967244417662,30.69));
#8841=CARTESIAN_POINT('',(46.8642031431198,-3.72967244417663,30.69));
#8842=CARTESIAN_POINT('',(45.8642031431198,-3.72967244417661,32.98));
#8843=CARTESIAN_POINT('',(45.8642031431198,-3.07967244417662,32.98));
#8844=CARTESIAN_POINT('',(45.8642031431198,-4.44467244417662,33.6876664728067));
#8845=CARTESIAN_POINT('',(46.8642031431198,-3.72967244417661,32.98));
#8846=CARTESIAN_POINT('',(46.8642031431198,-3.07967244417662,32.98));
#8847=CARTESIAN_POINT('',(46.8642031431198,-3.72967244417663,32.98));
#8848=CARTESIAN_POINT('',(45.8642031431198,-3.72967244417662,35.27));
#8849=CARTESIAN_POINT('',(45.8642031431198,-3.07967244417662,35.27));
#8850=CARTESIAN_POINT('',(45.8642031431198,-4.44467244417662,35.9776664728067));
#8851=CARTESIAN_POINT('',(46.8642031431198,-3.72967244417662,35.27));
#8852=CARTESIAN_POINT('',(46.8642031431198,-3.07967244417662,35.27));
#8853=CARTESIAN_POINT('',(46.8642031431198,-3.72967244417662,35.27));
#8854=CARTESIAN_POINT('',(45.8642031431198,-3.72967244417662,37.56));
#8855=CARTESIAN_POINT('',(45.8642031431198,-3.07967244417662,37.56));
#8856=CARTESIAN_POINT('',(45.8642031431198,-4.44467244417662,38.2676664728067));
#8857=CARTESIAN_POINT('',(46.8642031431198,-3.72967244417662,37.56));
#8858=CARTESIAN_POINT('',(46.8642031431198,-3.07967244417662,37.56));
#8859=CARTESIAN_POINT('',(46.8642031431198,-3.72967244417662,37.56));
#8860=CARTESIAN_POINT('',(45.8642031431198,-3.72967244417661,39.85));
#8861=CARTESIAN_POINT('',(45.8642031431198,-3.07967244417662,39.85));
#8862=CARTESIAN_POINT('',(45.8642031431198,-4.44467244417662,40.5576664728067));
#8863=CARTESIAN_POINT('',(46.8642031431198,-3.72967244417661,39.85));
#8864=CARTESIAN_POINT('',(46.8642031431198,-3.07967244417662,39.85));
#8865=CARTESIAN_POINT('',(46.8642031431198,-3.72967244417662,39.85));
#8866=CARTESIAN_POINT('',(45.8642031431198,-3.72967244417661,42.14));
#8867=CARTESIAN_POINT('',(45.8642031431198,-3.07967244417662,42.14));
#8868=CARTESIAN_POINT('',(45.8642031431198,-4.44467244417662,42.8476664728067));
#8869=CARTESIAN_POINT('',(46.8642031431198,-3.72967244417661,42.14));
#8870=CARTESIAN_POINT('',(46.8642031431198,-3.07967244417662,42.14));
#8871=CARTESIAN_POINT('',(46.8642031431198,-3.72967244417661,42.14));
#8872=CARTESIAN_POINT('',(45.8642031431198,-5.70967244417662,11.23));
#8873=CARTESIAN_POINT('',(45.8642031431198,-5.05967244417662,11.23));
#8874=CARTESIAN_POINT('',(45.8642031431198,-6.42467244417662,11.9376664728067));
#8875=CARTESIAN_POINT('',(46.8642031431198,-5.70967244417662,11.23));
#8876=CARTESIAN_POINT('',(46.8642031431198,-5.05967244417662,11.23));
#8877=CARTESIAN_POINT('',(46.8642031431198,-5.70967244417662,11.23));
#8878=CARTESIAN_POINT('',(45.8642031431198,-3.72967244417662,10.08));
#8879=CARTESIAN_POINT('',(45.8642031431198,-3.07967244417662,10.08));
#8880=CARTESIAN_POINT('',(45.8642031431198,-4.44467244417662,10.7876664728067));
#8881=CARTESIAN_POINT('',(46.8642031431198,-3.72967244417662,10.08));
#8882=CARTESIAN_POINT('',(46.8642031431198,-3.07967244417662,10.08));
#8883=CARTESIAN_POINT('',(46.8642031431198,-3.72967244417662,10.08));
#8884=CARTESIAN_POINT('',(45.8642031431198,-1.74967244417662,11.23));
#8885=CARTESIAN_POINT('',(45.8642031431198,-1.09967244417662,11.23));
#8886=CARTESIAN_POINT('',(45.8642031431198,-2.46467244417662,11.9376664728067));
#8887=CARTESIAN_POINT('',(46.8642031431198,-1.74967244417662,11.23));
#8888=CARTESIAN_POINT('',(46.8642031431198,-1.09967244417662,11.23));
#8889=CARTESIAN_POINT('',(46.8642031431198,-1.74967244417662,11.23));
#8890=CARTESIAN_POINT('',(45.8642031431198,-1.74967244417663,43.29));
#8891=CARTESIAN_POINT('',(45.8642031431198,-1.09967244417662,43.29));
#8892=CARTESIAN_POINT('',(45.8642031431198,-2.46467244417662,43.9976664728067));
#8893=CARTESIAN_POINT('',(46.8642031431198,-1.74967244417663,43.29));
#8894=CARTESIAN_POINT('',(46.8642031431198,-1.09967244417662,43.29));
#8895=CARTESIAN_POINT('',(46.8642031431198,-1.74967244417664,43.29));
#8896=CARTESIAN_POINT('',(45.8642031431198,-1.74967244417662,41.));
#8897=CARTESIAN_POINT('',(45.8642031431198,-1.09967244417662,41.));
#8898=CARTESIAN_POINT('',(45.8642031431198,-2.46467244417662,41.7076664728067));
#8899=CARTESIAN_POINT('',(46.8642031431198,-1.74967244417662,41.));
#8900=CARTESIAN_POINT('',(46.8642031431198,-1.09967244417662,41.));
#8901=CARTESIAN_POINT('',(46.8642031431198,-1.74967244417662,41.));
#8902=CARTESIAN_POINT('',(45.8642031431198,-1.74967244417662,38.71));
#8903=CARTESIAN_POINT('',(45.8642031431198,-1.09967244417662,38.71));
#8904=CARTESIAN_POINT('',(45.8642031431198,-2.46467244417662,39.4176664728067));
#8905=CARTESIAN_POINT('',(46.8642031431198,-1.74967244417662,38.71));
#8906=CARTESIAN_POINT('',(46.8642031431198,-1.09967244417662,38.71));
#8907=CARTESIAN_POINT('',(46.8642031431198,-1.74967244417662,38.71));
#8908=CARTESIAN_POINT('',(45.8642031431198,-1.74967244417662,36.42));
#8909=CARTESIAN_POINT('',(45.8642031431198,-1.09967244417662,36.42));
#8910=CARTESIAN_POINT('',(45.8642031431198,-2.46467244417662,37.1276664728067));
#8911=CARTESIAN_POINT('',(46.8642031431198,-1.74967244417662,36.42));
#8912=CARTESIAN_POINT('',(46.8642031431198,-1.09967244417662,36.42));
#8913=CARTESIAN_POINT('',(46.8642031431198,-1.74967244417662,36.42));
#8914=CARTESIAN_POINT('',(45.8642031431198,-1.74967244417661,34.13));
#8915=CARTESIAN_POINT('',(45.8642031431198,-1.09967244417662,34.13));
#8916=CARTESIAN_POINT('',(45.8642031431198,-2.46467244417662,34.8376664728067));
#8917=CARTESIAN_POINT('',(46.8642031431198,-1.74967244417661,34.13));
#8918=CARTESIAN_POINT('',(46.8642031431198,-1.09967244417662,34.13));
#8919=CARTESIAN_POINT('',(46.8642031431198,-1.74967244417663,34.13));
#8920=CARTESIAN_POINT('',(45.8642031431198,-1.74967244417662,31.84));
#8921=CARTESIAN_POINT('',(45.8642031431198,-1.09967244417662,31.84));
#8922=CARTESIAN_POINT('',(45.8642031431198,-2.46467244417662,32.5476664728067));
#8923=CARTESIAN_POINT('',(46.8642031431198,-1.74967244417662,31.84));
#8924=CARTESIAN_POINT('',(46.8642031431198,-1.09967244417662,31.84));
#8925=CARTESIAN_POINT('',(46.8642031431198,-1.74967244417662,31.84));
#8926=CARTESIAN_POINT('',(45.8642031431198,-1.74967244417662,29.55));
#8927=CARTESIAN_POINT('',(45.8642031431198,-1.09967244417662,29.55));
#8928=CARTESIAN_POINT('',(45.8642031431198,-2.46467244417662,30.2576664728067));
#8929=CARTESIAN_POINT('',(46.8642031431198,-1.74967244417662,29.55));
#8930=CARTESIAN_POINT('',(46.8642031431198,-1.09967244417662,29.55));
#8931=CARTESIAN_POINT('',(46.8642031431198,-1.74967244417662,29.55));
#8932=CARTESIAN_POINT('',(45.8642031431198,-1.74967244417662,27.26));
#8933=CARTESIAN_POINT('',(45.8642031431198,-1.09967244417662,27.26));
#8934=CARTESIAN_POINT('',(45.8642031431198,-2.46467244417662,27.9676664728067));
#8935=CARTESIAN_POINT('',(46.8642031431198,-1.74967244417662,27.26));
#8936=CARTESIAN_POINT('',(46.8642031431198,-1.09967244417662,27.26));
#8937=CARTESIAN_POINT('',(46.8642031431198,-1.74967244417662,27.26));
#8938=CARTESIAN_POINT('',(45.8642031431198,-1.74967244417662,24.97));
#8939=CARTESIAN_POINT('',(45.8642031431198,-1.09967244417662,24.97));
#8940=CARTESIAN_POINT('',(45.8642031431198,-2.46467244417662,25.6776664728067));
#8941=CARTESIAN_POINT('',(46.8642031431198,-1.74967244417662,24.97));
#8942=CARTESIAN_POINT('',(46.8642031431198,-1.09967244417662,24.97));
#8943=CARTESIAN_POINT('',(46.8642031431198,-1.74967244417662,24.97));
#8944=CARTESIAN_POINT('',(45.8642031431198,-1.74967244417661,22.68));
#8945=CARTESIAN_POINT('',(45.8642031431198,-1.09967244417662,22.68));
#8946=CARTESIAN_POINT('',(45.8642031431198,-2.46467244417662,23.3876664728067));
#8947=CARTESIAN_POINT('',(46.8642031431198,-1.74967244417661,22.68));
#8948=CARTESIAN_POINT('',(46.8642031431198,-1.09967244417662,22.68));
#8949=CARTESIAN_POINT('',(46.8642031431198,-1.74967244417662,22.68));
#8950=CARTESIAN_POINT('',(45.8642031431198,-1.74967244417662,20.39));
#8951=CARTESIAN_POINT('',(45.8642031431198,-1.09967244417662,20.39));
#8952=CARTESIAN_POINT('',(45.8642031431198,-2.46467244417662,21.0976664728067));
#8953=CARTESIAN_POINT('',(46.8642031431198,-1.74967244417662,20.39));
#8954=CARTESIAN_POINT('',(46.8642031431198,-1.09967244417662,20.39));
#8955=CARTESIAN_POINT('',(46.8642031431198,-1.74967244417663,20.39));
#8956=CARTESIAN_POINT('',(45.8642031431198,-1.74967244417662,18.1));
#8957=CARTESIAN_POINT('',(45.8642031431198,-1.09967244417662,18.1));
#8958=CARTESIAN_POINT('',(45.8642031431198,-2.46467244417662,18.8076664728067));
#8959=CARTESIAN_POINT('',(46.8642031431198,-1.74967244417662,18.1));
#8960=CARTESIAN_POINT('',(46.8642031431198,-1.09967244417662,18.1));
#8961=CARTESIAN_POINT('',(46.8642031431198,-1.74967244417662,18.1));
#8962=CARTESIAN_POINT('',(45.8642031431198,-1.74967244417662,15.81));
#8963=CARTESIAN_POINT('',(45.8642031431198,-1.09967244417662,15.81));
#8964=CARTESIAN_POINT('',(45.8642031431198,-2.46467244417662,16.5176664728067));
#8965=CARTESIAN_POINT('',(46.8642031431198,-1.74967244417662,15.81));
#8966=CARTESIAN_POINT('',(46.8642031431198,-1.09967244417662,15.81));
#8967=CARTESIAN_POINT('',(46.8642031431198,-1.74967244417662,15.81));
#8968=CARTESIAN_POINT('',(45.8642031431198,-1.74967244417662,13.52));
#8969=CARTESIAN_POINT('',(45.8642031431198,-1.09967244417662,13.52));
#8970=CARTESIAN_POINT('',(45.8642031431198,-2.46467244417662,14.2276664728067));
#8971=CARTESIAN_POINT('',(46.8642031431198,-1.74967244417662,13.52));
#8972=CARTESIAN_POINT('',(46.8642031431198,-1.09967244417662,13.52));
#8973=CARTESIAN_POINT('',(46.8642031431198,-1.74967244417662,13.52));
#8974=CARTESIAN_POINT('',(45.8642031431198,-5.7096724441766,41.));
#8975=CARTESIAN_POINT('',(45.8642031431198,-5.05967244417662,41.));
#8976=CARTESIAN_POINT('',(45.8642031431198,-6.42467244417662,41.7076664728067));
#8977=CARTESIAN_POINT('',(46.8642031431198,-5.7096724441766,41.));
#8978=CARTESIAN_POINT('',(46.8642031431198,-5.05967244417662,41.));
#8979=CARTESIAN_POINT('',(46.8642031431198,-5.70967244417662,41.));
#8980=CARTESIAN_POINT('',(45.8642031431198,-5.70967244417662,38.71));
#8981=CARTESIAN_POINT('',(45.8642031431198,-5.05967244417662,38.71));
#8982=CARTESIAN_POINT('',(45.8642031431198,-6.42467244417662,39.4176664728067));
#8983=CARTESIAN_POINT('',(46.8642031431198,-5.70967244417662,38.71));
#8984=CARTESIAN_POINT('',(46.8642031431198,-5.05967244417662,38.71));
#8985=CARTESIAN_POINT('',(46.8642031431198,-5.70967244417664,38.71));
#8986=CARTESIAN_POINT('',(45.8642031431198,-5.70967244417662,36.42));
#8987=CARTESIAN_POINT('',(45.8642031431198,-5.05967244417662,36.42));
#8988=CARTESIAN_POINT('',(45.8642031431198,-6.42467244417662,37.1276664728067));
#8989=CARTESIAN_POINT('',(46.8642031431198,-5.70967244417662,36.42));
#8990=CARTESIAN_POINT('',(46.8642031431198,-5.05967244417662,36.42));
#8991=CARTESIAN_POINT('',(46.8642031431198,-5.70967244417663,36.42));
#8992=CARTESIAN_POINT('',(45.8642031431198,-5.70967244417661,34.13));
#8993=CARTESIAN_POINT('',(45.8642031431198,-5.05967244417662,34.13));
#8994=CARTESIAN_POINT('',(45.8642031431198,-6.42467244417662,34.8376664728067));
#8995=CARTESIAN_POINT('',(46.8642031431198,-5.70967244417661,34.13));
#8996=CARTESIAN_POINT('',(46.8642031431198,-5.05967244417662,34.13));
#8997=CARTESIAN_POINT('',(46.8642031431198,-5.70967244417663,34.13));
#8998=CARTESIAN_POINT('',(45.8642031431198,-5.70967244417661,31.84));
#8999=CARTESIAN_POINT('',(45.8642031431198,-5.05967244417662,31.84));
#9000=CARTESIAN_POINT('',(45.8642031431198,-6.42467244417662,32.5476664728067));
#9001=CARTESIAN_POINT('',(46.8642031431198,-5.70967244417661,31.84));
#9002=CARTESIAN_POINT('',(46.8642031431198,-5.05967244417662,31.84));
#9003=CARTESIAN_POINT('',(46.8642031431198,-5.70967244417663,31.84));
#9004=CARTESIAN_POINT('',(45.8642031431198,-5.70967244417662,29.55));
#9005=CARTESIAN_POINT('',(45.8642031431198,-5.05967244417662,29.55));
#9006=CARTESIAN_POINT('',(45.8642031431198,-6.42467244417662,30.2576664728067));
#9007=CARTESIAN_POINT('',(46.8642031431198,-5.70967244417662,29.55));
#9008=CARTESIAN_POINT('',(46.8642031431198,-5.05967244417662,29.55));
#9009=CARTESIAN_POINT('',(46.8642031431198,-5.70967244417662,29.55));
#9010=CARTESIAN_POINT('',(45.8642031431198,-5.70967244417662,27.26));
#9011=CARTESIAN_POINT('',(45.8642031431198,-5.05967244417662,27.26));
#9012=CARTESIAN_POINT('',(45.8642031431198,-6.42467244417662,27.9676664728067));
#9013=CARTESIAN_POINT('',(46.8642031431198,-5.70967244417662,27.26));
#9014=CARTESIAN_POINT('',(46.8642031431198,-5.05967244417662,27.26));
#9015=CARTESIAN_POINT('',(46.8642031431198,-5.70967244417662,27.26));
#9016=CARTESIAN_POINT('',(45.8642031431198,-5.70967244417662,24.97));
#9017=CARTESIAN_POINT('',(45.8642031431198,-5.05967244417662,24.97));
#9018=CARTESIAN_POINT('',(45.8642031431198,-6.42467244417662,25.6776664728067));
#9019=CARTESIAN_POINT('',(46.8642031431198,-5.70967244417662,24.97));
#9020=CARTESIAN_POINT('',(46.8642031431198,-5.05967244417662,24.97));
#9021=CARTESIAN_POINT('',(46.8642031431198,-5.70967244417662,24.97));
#9022=CARTESIAN_POINT('',(45.8642031431198,-5.70967244417661,22.68));
#9023=CARTESIAN_POINT('',(45.8642031431198,-5.05967244417662,22.68));
#9024=CARTESIAN_POINT('',(45.8642031431198,-6.42467244417662,23.3876664728067));
#9025=CARTESIAN_POINT('',(46.8642031431198,-5.70967244417661,22.68));
#9026=CARTESIAN_POINT('',(46.8642031431198,-5.05967244417662,22.68));
#9027=CARTESIAN_POINT('',(46.8642031431198,-5.70967244417662,22.68));
#9028=CARTESIAN_POINT('',(45.8642031431198,-5.70967244417662,20.39));
#9029=CARTESIAN_POINT('',(45.8642031431198,-5.05967244417662,20.39));
#9030=CARTESIAN_POINT('',(45.8642031431198,-6.42467244417662,21.0976664728067));
#9031=CARTESIAN_POINT('',(46.8642031431198,-5.70967244417662,20.39));
#9032=CARTESIAN_POINT('',(46.8642031431198,-5.05967244417662,20.39));
#9033=CARTESIAN_POINT('',(46.8642031431198,-5.70967244417662,20.39));
#9034=CARTESIAN_POINT('',(45.8642031431198,-5.70967244417662,18.1));
#9035=CARTESIAN_POINT('',(45.8642031431198,-5.05967244417662,18.1));
#9036=CARTESIAN_POINT('',(45.8642031431198,-6.42467244417662,18.8076664728067));
#9037=CARTESIAN_POINT('',(46.8642031431198,-5.70967244417662,18.1));
#9038=CARTESIAN_POINT('',(46.8642031431198,-5.05967244417662,18.1));
#9039=CARTESIAN_POINT('',(46.8642031431198,-5.70967244417662,18.1));
#9040=CARTESIAN_POINT('',(45.8642031431198,-5.70967244417662,15.81));
#9041=CARTESIAN_POINT('',(45.8642031431198,-5.05967244417662,15.81));
#9042=CARTESIAN_POINT('',(45.8642031431198,-6.42467244417662,16.5176664728067));
#9043=CARTESIAN_POINT('',(46.8642031431198,-5.70967244417662,15.81));
#9044=CARTESIAN_POINT('',(46.8642031431198,-5.05967244417662,15.81));
#9045=CARTESIAN_POINT('',(46.8642031431198,-5.70967244417662,15.81));
#9046=CARTESIAN_POINT('',(45.8642031431198,-5.70967244417662,13.52));
#9047=CARTESIAN_POINT('',(45.8642031431198,-5.05967244417662,13.52));
#9048=CARTESIAN_POINT('',(45.8642031431198,-6.42467244417662,14.2276664728067));
#9049=CARTESIAN_POINT('',(46.8642031431198,-5.70967244417662,13.52));
#9050=CARTESIAN_POINT('',(46.8642031431198,-5.05967244417662,13.52));
#9051=CARTESIAN_POINT('',(46.8642031431198,-5.70967244417662,13.52));
#9052=CARTESIAN_POINT('',(46.8642031431198,-2.70280658083066,8.00016583916873));
#9053=CARTESIAN_POINT('',(46.8642031431198,-2.70280658083066,8.00016583916873));
#9054=CARTESIAN_POINT('',(46.8642031431198,-5.4928065808305,8.49211811534537));
#9055=CARTESIAN_POINT('',(46.8642031431198,-2.33467244417675,10.0879582755546));
#9056=CARTESIAN_POINT('',(46.8642031431198,-0.214672444176736,10.0879582755546));
#9057=CARTESIAN_POINT('',(46.8642031431198,-0.214672444176628,43.4120417244454));
#9058=CARTESIAN_POINT('',(46.8642031431198,-0.21467244417663,43.4120417244454));
#9059=CARTESIAN_POINT('',(46.8642031431198,-2.33467244417659,43.4120417244454));
#9060=CARTESIAN_POINT('',(46.8642031431198,-2.70280658083054,45.4998341608313));
#9061=CARTESIAN_POINT('',(46.8642031431198,-5.49280658083048,45.0078818846546));
#9062=CARTESIAN_POINT('',(46.8642031431198,-5.49280658083049,45.0078818846546));
#9063=CARTESIAN_POINT('',(46.8642031431198,-5.1246724441766,42.9200894482688));
#9064=CARTESIAN_POINT('',(46.8642031431198,-7.24467244417658,42.9200894482688));
#9065=CARTESIAN_POINT('',(46.8642031431198,-7.24467244417658,10.5799105517312));
#9066=CARTESIAN_POINT('',(46.8642031431198,-7.24467244417658,10.5799105517312));
#9067=CARTESIAN_POINT('',(46.8642031431198,-5.1246724441766,10.5799105517312));
#9068=CARTESIAN_POINT('',(46.8642031431198,-8.14617244417657,47.947160258636));
#9069=CARTESIAN_POINT('',(46.3642031431198,-7.24467244417657,10.5799105517312));
#9070=CARTESIAN_POINT('',(46.3642031431198,-7.24467244417657,42.9200894482688));
#9071=CARTESIAN_POINT('',(46.3642031431199,-7.24467244417678,10.5799105517312));
#9072=CARTESIAN_POINT('',(46.3642031431198,-5.49280658083049,45.0078818846546));
#9073=CARTESIAN_POINT('',(46.3642031431198,-7.74467244417658,42.9200894482688));
#9074=CARTESIAN_POINT('',(46.3642031431198,-7.74467244417658,43.8736914620462));
#9075=CARTESIAN_POINT('',(46.3642031431198,-7.13170888514831,44.6041929856475));
#9076=CARTESIAN_POINT('',(46.3642031431198,-6.51874532612004,45.3346945092487));
#9077=CARTESIAN_POINT('',(46.3642031431198,-5.57963066966396,45.5002857611607));
#9078=CARTESIAN_POINT('',(46.5713099243064,-7.74467244417658,42.9200894482687));
#9079=CARTESIAN_POINT('',(46.5713099243064,-7.74467244417658,43.8736914620462));
#9080=CARTESIAN_POINT('',(46.5713099243064,-7.13170888514831,44.6041929856475));
#9081=CARTESIAN_POINT('',(46.5713099243064,-6.51874532612004,45.3346945092488));
#9082=CARTESIAN_POINT('',(46.5713099243064,-5.57963066966396,45.5002857611607));
#9083=CARTESIAN_POINT('',(46.7177565337131,-7.59822583476985,42.9200894482687));
#9084=CARTESIAN_POINT('',(46.7177565337131,-7.59822583476985,43.8203892553129));
#9085=CARTESIAN_POINT('',(46.7177565337131,-7.01952427379867,44.5100589196402));
#9086=CARTESIAN_POINT('',(46.7177565337131,-6.44082271282749,45.1997285839675));
#9087=CARTESIAN_POINT('',(46.7177565337131,-5.55420048281498,45.3560640048146));
#9088=CARTESIAN_POINT('',(46.8642031431198,-7.45177922536313,42.9200894482687));
#9089=CARTESIAN_POINT('',(46.8642031431198,-7.45177922536313,43.7670870485797));
#9090=CARTESIAN_POINT('',(46.8642031431198,-6.90733966244903,44.415924853633));
#9091=CARTESIAN_POINT('',(46.8642031431198,-6.36290009953494,45.0647626586863));
#9092=CARTESIAN_POINT('',(46.8642031431198,-5.528770295966,45.2118422484685));
#9093=CARTESIAN_POINT('',(46.8642031431198,-7.24467244417658,42.9200894482688));
#9094=CARTESIAN_POINT('',(46.8642031431198,-7.24467244417658,43.6917063449131));
#9095=CARTESIAN_POINT('',(46.8642031431198,-6.74868666358882,44.2827991808042));
#9096=CARTESIAN_POINT('',(46.8642031431198,-6.25270088300106,44.8738920166953));
#9097=CARTESIAN_POINT('',(46.8642031431198,-5.49280658083049,45.0078818846546));
#9098=CARTESIAN_POINT('',(46.3642031431198,-2.70280658083054,45.4998341608313));
#9099=CARTESIAN_POINT('',(46.3642031431198,-5.4928065808305,45.0078818846546));
#9100=CARTESIAN_POINT('',(46.3642031431198,-0.21467244417663,43.4120417244454));
#9101=CARTESIAN_POINT('',(46.3642031431198,-2.78963066966401,45.9922380373374));
#9102=CARTESIAN_POINT('',(46.3642031431198,-1.58646536941917,46.2043885420228));
#9103=CARTESIAN_POINT('',(46.3642031431198,-0.65056890679789,45.4190781654171));
#9104=CARTESIAN_POINT('',(46.3642031431198,0.285327555823394,44.6337677888115));
#9105=CARTESIAN_POINT('',(46.3642031431198,0.285327555823381,43.4120417244454));
#9106=CARTESIAN_POINT('',(46.5713099243064,-2.78963066966401,45.9922380373374));
#9107=CARTESIAN_POINT('',(46.5713099243064,-1.58646536941917,46.2043885420228));
#9108=CARTESIAN_POINT('',(46.5713099243064,-0.650568906797888,45.4190781654171));
#9109=CARTESIAN_POINT('',(46.5713099243064,0.285327555823397,44.6337677888115));
#9110=CARTESIAN_POINT('',(46.5713099243064,0.285327555823384,43.4120417244454));
#9111=CARTESIAN_POINT('',(46.7177565337131,-2.76420048281503,45.8480162809913));
#9112=CARTESIAN_POINT('',(46.7177565337131,-1.62828689202694,46.0483084948007));
#9113=CARTESIAN_POINT('',(46.7177565337131,-0.744702972805135,45.3068935540675));
#9114=CARTESIAN_POINT('',(46.7177565337131,0.138880946416671,44.5654786133343));
#9115=CARTESIAN_POINT('',(46.7177565337131,0.138880946416659,43.4120417244454));
#9116=CARTESIAN_POINT('',(46.8642031431198,-2.73877029596605,45.7037945246452));
#9117=CARTESIAN_POINT('',(46.8642031431198,-1.67010841463471,45.8922284475786));
#9118=CARTESIAN_POINT('',(46.8642031431198,-0.838837038812381,45.1947089427179));
#9119=CARTESIAN_POINT('',(46.8642031431198,-0.00756566299005429,44.4971894378571));
#9120=CARTESIAN_POINT('',(46.8642031431198,-0.00756566299006588,43.4120417244454));
#9121=CARTESIAN_POINT('',(46.8642031431198,-2.70280658083053,45.4998341608313));
#9122=CARTESIAN_POINT('',(46.8642031431198,-1.72925297910571,45.6714979279813));
#9123=CARTESIAN_POINT('',(46.8642031431198,-0.971962711641155,45.0360559438576));
#9124=CARTESIAN_POINT('',(46.8642031431198,-0.214672444176605,44.400613959734));
#9125=CARTESIAN_POINT('',(46.8642031431198,-0.214672444176616,43.4120417244454));
#9126=CARTESIAN_POINT('',(46.3642031431198,-0.214672444176743,10.0879582755546));
#9127=CARTESIAN_POINT('',(46.3642031431178,-0.214672444178726,43.4120417244453));
#9128=CARTESIAN_POINT('',(46.3642031431198,-2.70280658083066,8.00016583916873));
#9129=CARTESIAN_POINT('',(46.3642031431198,0.285327555823265,10.0879582755546));
#9130=CARTESIAN_POINT('',(46.3642031431198,0.285327555823256,8.8662322111885));
#9131=CARTESIAN_POINT('',(46.3642031431198,-0.650568906798024,8.08092183458288));
#9132=CARTESIAN_POINT('',(46.3642031431198,-1.5864653694193,7.29561145797725));
#9133=CARTESIAN_POINT('',(46.3642031431198,-2.78963066966413,7.50776196266263));
#9134=CARTESIAN_POINT('',(46.5713099243064,0.285327555823265,10.0879582755546));
#9135=CARTESIAN_POINT('',(46.5713099243064,0.285327555823256,8.8662322111885));
#9136=CARTESIAN_POINT('',(46.5713099243064,-0.650568906798024,8.08092183458288));
#9137=CARTESIAN_POINT('',(46.5713099243064,-1.5864653694193,7.29561145797725));
#9138=CARTESIAN_POINT('',(46.5713099243064,-2.78963066966413,7.50776196266263));
#9139=CARTESIAN_POINT('',(46.7177565337131,0.138880946416538,10.0879582755546));
#9140=CARTESIAN_POINT('',(46.7177565337131,0.13888094641653,8.93452138666569));
#9141=CARTESIAN_POINT('',(46.7177565337131,-0.744702972805271,8.19310644593252));
#9142=CARTESIAN_POINT('',(46.7177565337131,-1.62828689202707,7.45169150519934));
#9143=CARTESIAN_POINT('',(46.7177565337131,-2.76420048281515,7.65198371900873));
#9144=CARTESIAN_POINT('',(46.8642031431198,-0.00756566299018797,10.0879582755546));
#9145=CARTESIAN_POINT('',(46.8642031431198,-0.00756566299019599,9.00281056214288));
#9146=CARTESIAN_POINT('',(46.8642031431198,-0.838837038812518,8.30529105728215));
#9147=CARTESIAN_POINT('',(46.8642031431198,-1.67010841463484,7.60777155242143));
#9148=CARTESIAN_POINT('',(46.8642031431198,-2.73877029596617,7.79620547535482));
#9149=CARTESIAN_POINT('',(46.8642031431198,-0.214672444176736,10.0879582755546));
#9150=CARTESIAN_POINT('',(46.8642031431198,-0.214672444176743,9.099386040266));
#9151=CARTESIAN_POINT('',(46.8642031431198,-0.971962711641291,8.46394405614237));
#9152=CARTESIAN_POINT('',(46.8642031431198,-1.72925297910584,7.82850207201873));
#9153=CARTESIAN_POINT('',(46.8642031431198,-2.70280658083066,8.00016583916874));
#9154=CARTESIAN_POINT('',(46.3642031431198,-5.4928065808305,8.49211811534537));
#9155=CARTESIAN_POINT('',(46.3642031431198,-2.70280658083066,8.00016583916872));
#9156=CARTESIAN_POINT('',(46.3642031431198,-5.12467244417659,10.5799105517312));
#9157=CARTESIAN_POINT('',(46.3642031431198,-5.57963066966397,7.99971423883925));
#9158=CARTESIAN_POINT('',(46.3642031431198,-6.51874532612006,8.16530549075123));
#9159=CARTESIAN_POINT('',(46.3642031431198,-7.13170888514832,8.89580701435252));
#9160=CARTESIAN_POINT('',(46.3642031431198,-7.74467244417659,9.6263085379538));
#9161=CARTESIAN_POINT('',(46.3642031431198,-7.74467244417658,10.5799105517312));
#9162=CARTESIAN_POINT('',(46.5713099243064,-5.57963066966397,7.99971423883925));
#9163=CARTESIAN_POINT('',(46.5713099243064,-6.51874532612006,8.16530549075123));
#9164=CARTESIAN_POINT('',(46.5713099243064,-7.13170888514832,8.89580701435252));
#9165=CARTESIAN_POINT('',(46.5713099243064,-7.74467244417659,9.6263085379538));
#9166=CARTESIAN_POINT('',(46.5713099243064,-7.74467244417658,10.5799105517312));
#9167=CARTESIAN_POINT('',(46.7177565337131,-5.55420048281499,8.14393599518535));
#9168=CARTESIAN_POINT('',(46.7177565337131,-6.44082271282751,8.30027141603247));
#9169=CARTESIAN_POINT('',(46.7177565337131,-7.01952427379868,8.98994108035976));
#9170=CARTESIAN_POINT('',(46.7177565337131,-7.59822583476986,9.67961074468706));
#9171=CARTESIAN_POINT('',(46.7177565337131,-7.59822583476985,10.5799105517312));
#9172=CARTESIAN_POINT('',(46.8642031431198,-5.52877029596601,8.28815775153144));
#9173=CARTESIAN_POINT('',(46.8642031431198,-6.36290009953495,8.43523734131371));
#9174=CARTESIAN_POINT('',(46.8642031431198,-6.90733966244904,9.08407514636701));
#9175=CARTESIAN_POINT('',(46.8642031431198,-7.45177922536313,9.73291295142031));
#9176=CARTESIAN_POINT('',(46.8642031431198,-7.45177922536313,10.5799105517312));
#9177=CARTESIAN_POINT('',(46.8642031431198,-5.4928065808305,8.49211811534536));
#9178=CARTESIAN_POINT('',(46.8642031431198,-6.25270088300107,8.62610798330467));
#9179=CARTESIAN_POINT('',(46.8642031431198,-6.74868666358883,9.21720081919579));
#9180=CARTESIAN_POINT('',(46.8642031431198,-7.24467244417659,9.8082936550869));
#9181=CARTESIAN_POINT('',(46.8642031431198,-7.24467244417658,10.5799105517312));
#9182=CARTESIAN_POINT('',(40.9642031431198,-5.12467244417657,10.5799105517312));
#9183=MECHANICAL_DESIGN_GEOMETRIC_PRESENTATION_REPRESENTATION('',(#4827,
#4828,#4829,#4830,#4831,#4832,#4833,#4834,#4835,#4836,#4837,#4838,#4839,
#4840,#4841,#4842,#4843,#4844,#4845,#4846,#4847,#4848,#4849,#4850,#4851,
#4852,#4853,#4854,#4855,#4856,#4857,#4858,#4859,#4860,#4861,#4862,#4863,
#4864,#4865,#4866,#4867,#4868,#4869,#4870,#4871,#4872,#4873,#4874,#4875,
#4876,#4877,#4878,#4879,#4880,#4881,#4882,#4883,#4884,#4885,#4886,#4887,
#4888,#4889,#4890,#4891,#4892,#4893,#4894,#4895,#4896,#4897,#4898,#4899,
#4900,#4901,#4902,#4903,#4904,#4905,#4906,#4907,#4908,#4909,#4910,#4911,
#4912,#4913,#4914,#4915,#4916,#4917,#4918,#4919,#4920,#4921,#4922,#4923,
#4924,#4925,#4926,#4927,#4928,#4929,#4930,#4931,#4932,#4933,#4934,#4935,
#4936,#4937,#4938,#4939,#4940,#4941,#4942,#4943,#4944,#4945,#4946,#4947,
#4948,#4949,#4950,#4951,#4952,#4953,#4954,#4955,#4956,#4957,#4958,#4959,
#4960,#4961,#4962,#4963,#4964,#4965,#4966,#4967,#4968,#4969,#4970,#4971,
#4972,#4973,#4974,#4975,#4976,#4977,#4978,#4979,#4980,#4981,#4982,#4983,
#4984,#4985,#4986,#4987,#4988,#4989,#4990,#4991,#4992,#4993,#4994,#4995,
#4996,#4997,#4998,#4999,#5000,#5001,#5002,#5003,#5004,#5005,#5006,#5007,
#5008,#5009,#5010,#5011,#5012,#5013,#5014,#5015,#5016,#5017,#5018,#5019,
#5020,#5021,#5022,#5023,#5024,#5025,#5026,#5027,#5028,#5029,#5030,#5031,
#5032,#5033,#5034,#5035,#5036,#5037,#5038,#5039,#5040,#5041,#5042,#5043,
#5044,#5045,#5046,#5047,#5048,#5049,#5050,#5051,#5052,#5053,#5054,#5055,
#5056,#5057,#5058,#5059,#5060,#5061,#5062,#5063,#5064,#5065,#5066,#5067,
#5068,#5069,#5070,#5071,#5072,#5073,#5074,#5075,#5076,#5077,#5078,#5079,
#5080,#5081,#5082,#5083,#5084,#5085,#5086,#5087,#5088,#5089,#5090,#5091,
#5092,#5093,#5094,#5095,#5096,#5097,#5098,#5099,#5100,#5101,#5102,#5103,
#5104,#5105,#5106,#5107,#5108,#5109,#5110,#5111,#5112,#5113,#5114,#5115,
#5116,#5117,#5118,#5119,#5120,#5121,#5122,#5123,#5124,#5125,#5126,#5127,
#5128,#5129,#5130,#5131,#5132,#5133,#5134,#5135,#5136,#5137,#5138,#5139,
#5140,#5141,#5142,#5143,#5144,#5145,#5146,#5147,#5148,#5149,#5150,#5151,
#5152,#5153,#5154,#5155,#5156,#5157,#5158,#5159,#5160,#5161,#5162,#34,#35,
#36,#37,#38,#39,#40,#41,#42,#43,#44,#45,#46,#47,#48,#49,#50,#51,#52,#53,
#54,#55,#56,#57,#58,#59,#60,#61,#62,#63,#64,#65,#66,#67,#68,#69,#70,#71,
#72,#73,#74,#75,#76,#77,#78,#79,#80,#81,#82,#83,#84,#85,#86,#87,#88,#89,
#90,#91,#92,#93,#94,#95,#96,#97,#98,#99,#100,#101,#102,#103,#104,#105,#106,
#107,#108,#109,#110,#111,#112,#113,#114,#115,#116,#117,#118,#119,#120,#121,
#122,#123,#124,#125,#126,#127,#128,#129,#130,#131,#132,#133,#134,#135,#136,
#137,#138,#139,#140,#141,#142,#143,#144,#145,#146,#147,#148,#149,#150,#151,
#152,#153,#154,#155,#156,#157,#158,#159,#160),#9184);
#9184=(
GEOMETRIC_REPRESENTATION_CONTEXT(3)
GLOBAL_UNCERTAINTY_ASSIGNED_CONTEXT((#9185))
GLOBAL_UNIT_ASSIGNED_CONTEXT((#9191,#9187,#9186))
REPRESENTATION_CONTEXT('100223688ugm000_a','TOP_LEVEL_ASSEMBLY_PART')
);
#9185=UNCERTAINTY_MEASURE_WITH_UNIT(LENGTH_MEASURE(2.E-005),#9191,
'DISTANCE_ACCURACY_VALUE','Maximum Tolerance applied to model');
#9186=(
NAMED_UNIT(*)
SI_UNIT($,.STERADIAN.)
SOLID_ANGLE_UNIT()
);
#9187=(
CONVERSION_BASED_UNIT('DEGREE',#9189)
NAMED_UNIT(#9188)
PLANE_ANGLE_UNIT()
);
#9188=DIMENSIONAL_EXPONENTS(0.,0.,0.,0.,0.,0.,0.);
#9189=PLANE_ANGLE_MEASURE_WITH_UNIT(PLANE_ANGLE_MEASURE(0.0174532925),#9190);
#9190=(
NAMED_UNIT(*)
PLANE_ANGLE_UNIT()
SI_UNIT($,.RADIAN.)
);
#9191=(
LENGTH_UNIT()
NAMED_UNIT(*)
SI_UNIT(.MILLI.,.METRE.)
);
ENDSEC;
END-ISO-10303-21;
